solid OpenSCAD_Model
  facet normal 0 0 -1
    outer loop
      vertex 72 0 0
      vertex 76 4 0
      vertex 75.9507 3.37425 0
    endloop
  endfacet
  facet normal 0 0 -1
    outer loop
      vertex 76 4 0
      vertex 60.2 12 0
      vertex 76 57 0
    endloop
  endfacet
  facet normal 0 0 -1
    outer loop
      vertex 72 0 0
      vertex 75.9507 3.37425 0
      vertex 75.8042 2.76393 0
    endloop
  endfacet
  facet normal 0 0 -1
    outer loop
      vertex 60.2 49 0
      vertex 76 57 0
      vertex 60.2 12 0
    endloop
  endfacet
  facet normal 0 0 -1
    outer loop
      vertex 72 0 0
      vertex 75.8042 2.76393 0
      vertex 75.564 2.18404 0
    endloop
  endfacet
  facet normal 0 -0 -1
    outer loop
      vertex 72 61 0
      vertex 76 57 0
      vertex 60.2 49 0
    endloop
  endfacet
  facet normal 0 0 -1
    outer loop
      vertex 72 0 0
      vertex 75.564 2.18404 0
      vertex 75.2361 1.64885 0
    endloop
  endfacet
  facet normal 0 0 -1
    outer loop
      vertex 76 57 0
      vertex 72 61 0
      vertex 75.9507 57.6257 0
    endloop
  endfacet
  facet normal 0 0 -1
    outer loop
      vertex 72 0 0
      vertex 75.2361 1.64885 0
      vertex 74.8284 1.17157 0
    endloop
  endfacet
  facet normal 0 0 -1
    outer loop
      vertex 75.9507 57.6257 0
      vertex 72 61 0
      vertex 75.8042 58.2361 0
    endloop
  endfacet
  facet normal 0 0 -1
    outer loop
      vertex 72 0 0
      vertex 74.8284 1.17157 0
      vertex 74.3511 0.763931 0
    endloop
  endfacet
  facet normal 0 0 -1
    outer loop
      vertex 75.8042 58.2361 0
      vertex 72 61 0
      vertex 75.564 58.8159 0
    endloop
  endfacet
  facet normal 0 0 -1
    outer loop
      vertex 72 0 0
      vertex 74.3511 0.763931 0
      vertex 73.8159 0.435959 0
    endloop
  endfacet
  facet normal 0 0 -1
    outer loop
      vertex 75.564 58.8159 0
      vertex 72 61 0
      vertex 75.2361 59.3511 0
    endloop
  endfacet
  facet normal 0 0 -1
    outer loop
      vertex 72 0 0
      vertex 73.8159 0.435959 0
      vertex 73.2361 0.19577 0
    endloop
  endfacet
  facet normal 0 0 -1
    outer loop
      vertex 75.2361 59.3511 0
      vertex 72 61 0
      vertex 74.8284 59.8284 0
    endloop
  endfacet
  facet normal 0 0 -1
    outer loop
      vertex 72 0 0
      vertex 73.2361 0.19577 0
      vertex 72.6257 0.0492401 0
    endloop
  endfacet
  facet normal 0 0 -1
    outer loop
      vertex 74.8284 59.8284 0
      vertex 72 61 0
      vertex 74.3511 60.2361 0
    endloop
  endfacet
  facet normal -0 0 -1
    outer loop
      vertex 76 4 0
      vertex 72 0 0
      vertex 60.2 12 0
    endloop
  endfacet
  facet normal 0 0 -1
    outer loop
      vertex 74.3511 60.2361 0
      vertex 72 61 0
      vertex 73.8159 60.564 0
    endloop
  endfacet
  facet normal 0 0 -1
    outer loop
      vertex 73.8159 60.564 0
      vertex 72 61 0
      vertex 73.2361 60.8042 0
    endloop
  endfacet
  facet normal 0 0 -1
    outer loop
      vertex 72 0 0
      vertex 58 12 0
      vertex 60.2 12 0
    endloop
  endfacet
  facet normal 0 0 -1
    outer loop
      vertex 58 12 0
      vertex 52.2 12 0
      vertex 58 49 0
    endloop
  endfacet
  facet normal 0 0 -1
    outer loop
      vertex 72 0 0
      vertex 52.2 12 0
      vertex 58 12 0
    endloop
  endfacet
  facet normal 0 0 -1
    outer loop
      vertex 72 0 0
      vertex 50 12 0
      vertex 52.2 12 0
    endloop
  endfacet
  facet normal 0 0 -1
    outer loop
      vertex 50 12 0
      vertex 44.2 12 0
      vertex 50 49 0
    endloop
  endfacet
  facet normal 0 0 -1
    outer loop
      vertex 72 0 0
      vertex 44.2 12 0
      vertex 50 12 0
    endloop
  endfacet
  facet normal 0 0 -1
    outer loop
      vertex 72 0 0
      vertex 42 12 0
      vertex 44.2 12 0
    endloop
  endfacet
  facet normal 0 0 -1
    outer loop
      vertex 42 12 0
      vertex 36.2 12 0
      vertex 42 49 0
    endloop
  endfacet
  facet normal 0 0 -1
    outer loop
      vertex 72 0 0
      vertex 36.2 12 0
      vertex 42 12 0
    endloop
  endfacet
  facet normal 0 0 -1
    outer loop
      vertex 4 0 0
      vertex 36.2 12 0
      vertex 72 0 0
    endloop
  endfacet
  facet normal 0 0 -1
    outer loop
      vertex 34 12 0
      vertex 28.2 12 0
      vertex 34 49 0
    endloop
  endfacet
  facet normal -0 0 -1
    outer loop
      vertex 36.2 12 0
      vertex 4 0 0
      vertex 34 12 0
    endloop
  endfacet
  facet normal -0 0 -1
    outer loop
      vertex 34 12 0
      vertex 4 0 0
      vertex 28.2 12 0
    endloop
  endfacet
  facet normal 0 0 -1
    outer loop
      vertex 26 12 0
      vertex 20.2 12 0
      vertex 26 49 0
    endloop
  endfacet
  facet normal -0 0 -1
    outer loop
      vertex 28.2 12 0
      vertex 4 0 0
      vertex 26 12 0
    endloop
  endfacet
  facet normal -0 0 -1
    outer loop
      vertex 26 12 0
      vertex 4 0 0
      vertex 20.2 12 0
    endloop
  endfacet
  facet normal 0 0 -1
    outer loop
      vertex 0 4 0
      vertex 18 12 0
      vertex 4 0 0
    endloop
  endfacet
  facet normal -0 0 -1
    outer loop
      vertex 20.2 12 0
      vertex 4 0 0
      vertex 18 12 0
    endloop
  endfacet
  facet normal 0 0 -1
    outer loop
      vertex 73.2361 60.8042 0
      vertex 72 61 0
      vertex 72.6257 60.9507 0
    endloop
  endfacet
  facet normal 0 0 -1
    outer loop
      vertex 58 49 0
      vertex 72 61 0
      vertex 60.2 49 0
    endloop
  endfacet
  facet normal 0 0 -1
    outer loop
      vertex 52.2 49 0
      vertex 58 49 0
      vertex 52.2 12 0
    endloop
  endfacet
  facet normal 0 0 -1
    outer loop
      vertex 52.2 49 0
      vertex 72 61 0
      vertex 58 49 0
    endloop
  endfacet
  facet normal 0 0 -1
    outer loop
      vertex 50 49 0
      vertex 72 61 0
      vertex 52.2 49 0
    endloop
  endfacet
  facet normal 0 0 -1
    outer loop
      vertex 44.2 49 0
      vertex 50 49 0
      vertex 44.2 12 0
    endloop
  endfacet
  facet normal 0 0 -1
    outer loop
      vertex 44.2 49 0
      vertex 72 61 0
      vertex 50 49 0
    endloop
  endfacet
  facet normal 0 0 -1
    outer loop
      vertex 42 49 0
      vertex 72 61 0
      vertex 44.2 49 0
    endloop
  endfacet
  facet normal 0 0 -1
    outer loop
      vertex 36.2 49 0
      vertex 42 49 0
      vertex 36.2 12 0
    endloop
  endfacet
  facet normal 0 0 -1
    outer loop
      vertex 36.2 49 0
      vertex 72 61 0
      vertex 42 49 0
    endloop
  endfacet
  facet normal 0 0 -1
    outer loop
      vertex 4 61 0
      vertex 36.2 49 0
      vertex 34 49 0
    endloop
  endfacet
  facet normal 0 0 -1
    outer loop
      vertex 28.2 49 0
      vertex 34 49 0
      vertex 28.2 12 0
    endloop
  endfacet
  facet normal 0 0 -1
    outer loop
      vertex 4 61 0
      vertex 34 49 0
      vertex 28.2 49 0
    endloop
  endfacet
  facet normal 0 0 -1
    outer loop
      vertex 4 61 0
      vertex 28.2 49 0
      vertex 26 49 0
    endloop
  endfacet
  facet normal 0 0 -1
    outer loop
      vertex 20.2 49 0
      vertex 26 49 0
      vertex 20.2 12 0
    endloop
  endfacet
  facet normal 0 0 -1
    outer loop
      vertex 4 61 0
      vertex 26 49 0
      vertex 20.2 49 0
    endloop
  endfacet
  facet normal 0 0 -1
    outer loop
      vertex 4 61 0
      vertex 20.2 49 0
      vertex 18 49 0
    endloop
  endfacet
  facet normal 0 0 -1
    outer loop
      vertex 36.2 49 0
      vertex 4 61 0
      vertex 72 61 0
    endloop
  endfacet
  facet normal -0 0 -1
    outer loop
      vertex 18 12 0
      vertex 0 4 0
      vertex 18 49 0
    endloop
  endfacet
  facet normal 0 0 -1
    outer loop
      vertex 0 4 0
      vertex 4 0 0
      vertex 3.37425 0.0492401 0
    endloop
  endfacet
  facet normal 0 0 -1
    outer loop
      vertex 0 57 0
      vertex 18 49 0
      vertex 0 4 0
    endloop
  endfacet
  facet normal 0 0 -1
    outer loop
      vertex 0 4 0
      vertex 3.37425 0.0492401 0
      vertex 2.76393 0.19577 0
    endloop
  endfacet
  facet normal 0 0 -1
    outer loop
      vertex 18 49 0
      vertex 0 57 0
      vertex 4 61 0
    endloop
  endfacet
  facet normal 0 0 -1
    outer loop
      vertex 0 4 0
      vertex 2.76393 0.19577 0
      vertex 2.18404 0.435959 0
    endloop
  endfacet
  facet normal 0 0 -1
    outer loop
      vertex 4 61 0
      vertex 0 57 0
      vertex 3.37425 60.9507 0
    endloop
  endfacet
  facet normal 0 0 -1
    outer loop
      vertex 0 4 0
      vertex 2.18404 0.435959 0
      vertex 1.64885 0.763931 0
    endloop
  endfacet
  facet normal 0 0 -1
    outer loop
      vertex 3.37425 60.9507 0
      vertex 0 57 0
      vertex 2.76393 60.8042 0
    endloop
  endfacet
  facet normal 0 0 -1
    outer loop
      vertex 0 4 0
      vertex 1.64885 0.763931 0
      vertex 1.17157 1.17157 0
    endloop
  endfacet
  facet normal 0 0 -1
    outer loop
      vertex 2.76393 60.8042 0
      vertex 0 57 0
      vertex 2.18404 60.564 0
    endloop
  endfacet
  facet normal 0 0 -1
    outer loop
      vertex 0 4 0
      vertex 1.17157 1.17157 0
      vertex 0.763931 1.64885 0
    endloop
  endfacet
  facet normal 0 0 -1
    outer loop
      vertex 2.18404 60.564 0
      vertex 0 57 0
      vertex 1.64885 60.2361 0
    endloop
  endfacet
  facet normal 0 0 -1
    outer loop
      vertex 0 4 0
      vertex 0.763931 1.64885 0
      vertex 0.435959 2.18404 0
    endloop
  endfacet
  facet normal 0 0 -1
    outer loop
      vertex 1.64885 60.2361 0
      vertex 0 57 0
      vertex 1.17157 59.8284 0
    endloop
  endfacet
  facet normal 0 0 -1
    outer loop
      vertex 0 4 0
      vertex 0.435959 2.18404 0
      vertex 0.19577 2.76393 0
    endloop
  endfacet
  facet normal 0 0 -1
    outer loop
      vertex 1.17157 59.8284 0
      vertex 0 57 0
      vertex 0.763931 59.3511 0
    endloop
  endfacet
  facet normal 0 0 -1
    outer loop
      vertex 0 4 0
      vertex 0.19577 2.76393 0
      vertex 0.0492401 3.37425 0
    endloop
  endfacet
  facet normal 0 0 -1
    outer loop
      vertex 0.763931 59.3511 0
      vertex 0 57 0
      vertex 0.435959 58.8159 0
    endloop
  endfacet
  facet normal 0 0 -1
    outer loop
      vertex 0.435959 58.8159 0
      vertex 0 57 0
      vertex 0.19577 58.2361 0
    endloop
  endfacet
  facet normal 0 0 -1
    outer loop
      vertex 0.19577 58.2361 0
      vertex 0 57 0
      vertex 0.0492401 57.6257 0
    endloop
  endfacet
  facet normal -0.972368 -0.233453 -3.12005e-19
    outer loop
      vertex 0.19577 2.76393 0
      vertex 0.0492401 3.37425 10
      vertex 0.0492401 3.37425 0
    endloop
  endfacet
  facet normal -0.972368 -0.233453 -3.12005e-19
    outer loop
      vertex 0.0492401 3.37425 10
      vertex 0.19577 2.76393 0
      vertex 0.19577 2.76393 10
    endloop
  endfacet
  facet normal -1 0 0
    outer loop
      vertex 0 57 0
      vertex 0 48.8 5
      vertex 0 57 10
    endloop
  endfacet
  facet normal -1 0 0
    outer loop
      vertex 0 57 0
      vertex 0 34.8 5
      vertex 0 48.8 5
    endloop
  endfacet
  facet normal -1 0 0
    outer loop
      vertex 0 34.8 5
      vertex 0 19.8 5
      vertex 0 34.8 10
    endloop
  endfacet
  facet normal -1 0 0
    outer loop
      vertex 0 4 0
      vertex 0 34.8 5
      vertex 0 57 0
    endloop
  endfacet
  facet normal -1 -0 0
    outer loop
      vertex 0 34.8 5
      vertex 0 4 0
      vertex 0 19.8 5
    endloop
  endfacet
  facet normal -1 -0 0
    outer loop
      vertex 0 19.8 5
      vertex 0 4 0
      vertex 0 8.8 5
    endloop
  endfacet
  facet normal -1 0 0
    outer loop
      vertex 0 4 10
      vertex 0 8.8 5
      vertex 0 4 0
    endloop
  endfacet
  facet normal -1 0 0
    outer loop
      vertex 0 8.8 5
      vertex 0 4 10
      vertex 0 8.8 10
    endloop
  endfacet
  facet normal -1 -0 0
    outer loop
      vertex 0 57 10
      vertex 0 48.8 5
      vertex 0 48.8 10
    endloop
  endfacet
  facet normal -1 -0 0
    outer loop
      vertex 0 34.8 10
      vertex 0 19.8 5
      vertex 0 19.8 10
    endloop
  endfacet
  facet normal 0.99691 0.0785483 1.91367e-19
    outer loop
      vertex 76 57 10
      vertex 75.9507 57.6257 0
      vertex 75.9507 57.6257 10
    endloop
  endfacet
  facet normal 0.99691 0.0785483 1.91367e-19
    outer loop
      vertex 75.9507 57.6257 0
      vertex 76 57 10
      vertex 76 57 0
    endloop
  endfacet
  facet normal -0.996918 -0.0784472 4.42622e-20
    outer loop
      vertex 0.0492401 3.37425 0
      vertex 0 4 10
      vertex 0 4 0
    endloop
  endfacet
  facet normal -0.996918 -0.0784472 4.42622e-20
    outer loop
      vertex 0 4 10
      vertex 0.0492401 3.37425 0
      vertex 0.0492401 3.37425 10
    endloop
  endfacet
  facet normal -0.522423 0.852686 0
    outer loop
      vertex 2.18404 60.564 0
      vertex 1.64885 60.2361 10
      vertex 2.18404 60.564 10
    endloop
  endfacet
  facet normal -0.522423 0.852686 0
    outer loop
      vertex 1.64885 60.2361 10
      vertex 2.18404 60.564 0
      vertex 1.64885 60.2361 0
    endloop
  endfacet
  facet normal 0 0 1
    outer loop
      vertex 0 4 10
      vertex 2 4 10
      vertex 2 8.8 10
    endloop
  endfacet
  facet normal 0 -0 1
    outer loop
      vertex 0.0492401 3.37425 10
      vertex 2 4 10
      vertex 0 4 10
    endloop
  endfacet
  facet normal 0 0 1
    outer loop
      vertex 2 4 10
      vertex 1.17157 1.17157 10
      vertex 1.64885 0.763931 10
    endloop
  endfacet
  facet normal 0 0 1
    outer loop
      vertex 2 4 10
      vertex 0.763931 1.64885 10
      vertex 1.17157 1.17157 10
    endloop
  endfacet
  facet normal 0 0 1
    outer loop
      vertex 2 4 10
      vertex 0.435959 2.18404 10
      vertex 0.763931 1.64885 10
    endloop
  endfacet
  facet normal 0 0 1
    outer loop
      vertex 2 4 10
      vertex 0.19577 2.76393 10
      vertex 0.435959 2.18404 10
    endloop
  endfacet
  facet normal 0 0 1
    outer loop
      vertex 0 4 10
      vertex 2 8.8 10
      vertex 0 8.8 10
    endloop
  endfacet
  facet normal 0 0 1
    outer loop
      vertex 2 4 10
      vertex 0.0492401 3.37425 10
      vertex 0.19577 2.76393 10
    endloop
  endfacet
  facet normal 0 0 1
    outer loop
      vertex 74 57 10
      vertex 76 57 10
      vertex 75.9507 57.6257 10
    endloop
  endfacet
  facet normal 0 0 1
    outer loop
      vertex 76 57 10
      vertex 74 57 10
      vertex 76 4 10
    endloop
  endfacet
  facet normal 0 0 1
    outer loop
      vertex 73.9754 57.3129 10
      vertex 75.9507 57.6257 10
      vertex 75.8042 58.2361 10
    endloop
  endfacet
  facet normal 0 0 1
    outer loop
      vertex 74 4 10
      vertex 76 4 10
      vertex 74 57 10
    endloop
  endfacet
  facet normal 0 0 1
    outer loop
      vertex 73.9021 57.618 10
      vertex 75.8042 58.2361 10
      vertex 75.564 58.8159 10
    endloop
  endfacet
  facet normal 0 0 1
    outer loop
      vertex 76 4 10
      vertex 74 4 10
      vertex 75.9507 3.37425 10
    endloop
  endfacet
  facet normal 0 0 1
    outer loop
      vertex 73.782 57.908 10
      vertex 75.564 58.8159 10
      vertex 75.2361 59.3511 10
    endloop
  endfacet
  facet normal -0 0 1
    outer loop
      vertex 73.9754 3.68712 10
      vertex 75.9507 3.37425 10
      vertex 74 4 10
    endloop
  endfacet
  facet normal 0 0 1
    outer loop
      vertex 73.618 58.1756 10
      vertex 75.2361 59.3511 10
      vertex 74.8284 59.8284 10
    endloop
  endfacet
  facet normal 0 0 1
    outer loop
      vertex 75.9507 3.37425 10
      vertex 73.9754 3.68712 10
      vertex 75.8042 2.76393 10
    endloop
  endfacet
  facet normal 0 0 1
    outer loop
      vertex 73.4142 58.4142 10
      vertex 74.8284 59.8284 10
      vertex 74.3511 60.2361 10
    endloop
  endfacet
  facet normal -0 0 1
    outer loop
      vertex 73.9021 3.38196 10
      vertex 75.8042 2.76393 10
      vertex 73.9754 3.68712 10
    endloop
  endfacet
  facet normal 0 0 1
    outer loop
      vertex 75.8042 2.76393 10
      vertex 73.9021 3.38196 10
      vertex 75.564 2.18404 10
    endloop
  endfacet
  facet normal 0 0 1
    outer loop
      vertex 75.9507 57.6257 10
      vertex 73.9754 57.3129 10
      vertex 74 57 10
    endloop
  endfacet
  facet normal 0 0 1
    outer loop
      vertex 75.8042 58.2361 10
      vertex 73.9021 57.618 10
      vertex 73.9754 57.3129 10
    endloop
  endfacet
  facet normal 0 0 1
    outer loop
      vertex 73.1756 58.618 10
      vertex 74.3511 60.2361 10
      vertex 73.8159 60.564 10
    endloop
  endfacet
  facet normal 0 0 1
    outer loop
      vertex 75.564 58.8159 10
      vertex 73.782 57.908 10
      vertex 73.9021 57.618 10
    endloop
  endfacet
  facet normal 0 0 1
    outer loop
      vertex 75.2361 59.3511 10
      vertex 73.618 58.1756 10
      vertex 73.782 57.908 10
    endloop
  endfacet
  facet normal 0 0 1
    outer loop
      vertex 74.8284 59.8284 10
      vertex 73.4142 58.4142 10
      vertex 73.618 58.1756 10
    endloop
  endfacet
  facet normal 0 0 1
    outer loop
      vertex 72.908 58.782 10
      vertex 73.8159 60.564 10
      vertex 73.2361 60.8042 10
    endloop
  endfacet
  facet normal 0 0 1
    outer loop
      vertex 74.3511 60.2361 10
      vertex 73.1756 58.618 10
      vertex 73.4142 58.4142 10
    endloop
  endfacet
  facet normal 0 0 1
    outer loop
      vertex 73.8159 60.564 10
      vertex 72.908 58.782 10
      vertex 73.1756 58.618 10
    endloop
  endfacet
  facet normal 0 0 1
    outer loop
      vertex 72.618 58.9021 10
      vertex 73.2361 60.8042 10
      vertex 72.6257 60.9507 10
    endloop
  endfacet
  facet normal 0 0 1
    outer loop
      vertex 73.2361 60.8042 10
      vertex 72.618 58.9021 10
      vertex 72.908 58.782 10
    endloop
  endfacet
  facet normal 0 0 1
    outer loop
      vertex 72.6257 60.9507 10
      vertex 72.3129 58.9754 10
      vertex 72.618 58.9021 10
    endloop
  endfacet
  facet normal 0 0 1
    outer loop
      vertex 72 61 10
      vertex 72.3129 58.9754 10
      vertex 72.6257 60.9507 10
    endloop
  endfacet
  facet normal 0 0 1
    outer loop
      vertex 72 61 10
      vertex 72 59 10
      vertex 72.3129 58.9754 10
    endloop
  endfacet
  facet normal -0 0 1
    outer loop
      vertex 4 61 10
      vertex 72 59 10
      vertex 72 61 10
    endloop
  endfacet
  facet normal 0 0 1
    outer loop
      vertex 4 61 10
      vertex 4 59 10
      vertex 72 59 10
    endloop
  endfacet
  facet normal 0 0 1
    outer loop
      vertex 4 61 10
      vertex 3.68712 58.9754 10
      vertex 4 59 10
    endloop
  endfacet
  facet normal -0 0 1
    outer loop
      vertex 3.37425 60.9507 10
      vertex 3.68712 58.9754 10
      vertex 4 61 10
    endloop
  endfacet
  facet normal 0 0 1
    outer loop
      vertex 3.68712 58.9754 10
      vertex 3.37425 60.9507 10
      vertex 3.38196 58.9021 10
    endloop
  endfacet
  facet normal -0 0 1
    outer loop
      vertex 2.76393 60.8042 10
      vertex 3.38196 58.9021 10
      vertex 3.37425 60.9507 10
    endloop
  endfacet
  facet normal 0 0 1
    outer loop
      vertex 3.38196 58.9021 10
      vertex 2.76393 60.8042 10
      vertex 3.09201 58.782 10
    endloop
  endfacet
  facet normal -0 0 1
    outer loop
      vertex 2.18404 60.564 10
      vertex 3.09201 58.782 10
      vertex 2.76393 60.8042 10
    endloop
  endfacet
  facet normal 0 0 1
    outer loop
      vertex 3.09201 58.782 10
      vertex 2.18404 60.564 10
      vertex 2.82442 58.618 10
    endloop
  endfacet
  facet normal -0 0 1
    outer loop
      vertex 1.64885 60.2361 10
      vertex 2.82442 58.618 10
      vertex 2.18404 60.564 10
    endloop
  endfacet
  facet normal 0 0 1
    outer loop
      vertex 2.82442 58.618 10
      vertex 1.64885 60.2361 10
      vertex 2.58578 58.4142 10
    endloop
  endfacet
  facet normal -0 0 1
    outer loop
      vertex 1.17157 59.8284 10
      vertex 2.58578 58.4142 10
      vertex 1.64885 60.2361 10
    endloop
  endfacet
  facet normal 0 0 1
    outer loop
      vertex 2.58578 58.4142 10
      vertex 1.17157 59.8284 10
      vertex 2.38196 58.1756 10
    endloop
  endfacet
  facet normal -0 0 1
    outer loop
      vertex 0.763931 59.3511 10
      vertex 2.38196 58.1756 10
      vertex 1.17157 59.8284 10
    endloop
  endfacet
  facet normal 0 0 1
    outer loop
      vertex 2.38196 58.1756 10
      vertex 0.763931 59.3511 10
      vertex 2.21797 57.908 10
    endloop
  endfacet
  facet normal -0 0 1
    outer loop
      vertex 0.435959 58.8159 10
      vertex 2.21797 57.908 10
      vertex 0.763931 59.3511 10
    endloop
  endfacet
  facet normal 0 0 1
    outer loop
      vertex 2.21797 57.908 10
      vertex 0.435959 58.8159 10
      vertex 2.09789 57.618 10
    endloop
  endfacet
  facet normal -0 0 1
    outer loop
      vertex 0.19577 58.2361 10
      vertex 2.09789 57.618 10
      vertex 0.435959 58.8159 10
    endloop
  endfacet
  facet normal 0 0 1
    outer loop
      vertex 2.09789 57.618 10
      vertex 0.19577 58.2361 10
      vertex 2.02461 57.3129 10
    endloop
  endfacet
  facet normal -0 0 1
    outer loop
      vertex 0.0492401 57.6257 10
      vertex 2.02461 57.3129 10
      vertex 0.19577 58.2361 10
    endloop
  endfacet
  facet normal 0 0 1
    outer loop
      vertex 2.02461 57.3129 10
      vertex 0.0492401 57.6257 10
      vertex 2 57 10
    endloop
  endfacet
  facet normal 0 0 1
    outer loop
      vertex 2 57 10
      vertex 0.0492401 57.6257 10
      vertex 0 57 10
    endloop
  endfacet
  facet normal 0 0 1
    outer loop
      vertex 2 57 10
      vertex 0 57 10
      vertex 2 48.8 10
    endloop
  endfacet
  facet normal 0 0 1
    outer loop
      vertex 2 48.8 10
      vertex 0 57 10
      vertex 0 48.8 10
    endloop
  endfacet
  facet normal -0 0 1
    outer loop
      vertex 73.782 3.09201 10
      vertex 75.564 2.18404 10
      vertex 73.9021 3.38196 10
    endloop
  endfacet
  facet normal 0 0 1
    outer loop
      vertex 75.564 2.18404 10
      vertex 73.782 3.09201 10
      vertex 75.2361 1.64885 10
    endloop
  endfacet
  facet normal -0 0 1
    outer loop
      vertex 73.618 2.82442 10
      vertex 75.2361 1.64885 10
      vertex 73.782 3.09201 10
    endloop
  endfacet
  facet normal 0 0 1
    outer loop
      vertex 75.2361 1.64885 10
      vertex 73.618 2.82442 10
      vertex 74.8284 1.17157 10
    endloop
  endfacet
  facet normal -0 0 1
    outer loop
      vertex 73.4142 2.58578 10
      vertex 74.8284 1.17157 10
      vertex 73.618 2.82442 10
    endloop
  endfacet
  facet normal 0 0 1
    outer loop
      vertex 74.8284 1.17157 10
      vertex 73.4142 2.58578 10
      vertex 74.3511 0.763931 10
    endloop
  endfacet
  facet normal -0 0 1
    outer loop
      vertex 73.1756 2.38196 10
      vertex 74.3511 0.763931 10
      vertex 73.4142 2.58578 10
    endloop
  endfacet
  facet normal 0 0 1
    outer loop
      vertex 74.3511 0.763931 10
      vertex 73.1756 2.38196 10
      vertex 73.8159 0.435959 10
    endloop
  endfacet
  facet normal -0 0 1
    outer loop
      vertex 72.908 2.21797 10
      vertex 73.8159 0.435959 10
      vertex 73.1756 2.38196 10
    endloop
  endfacet
  facet normal 0 0 1
    outer loop
      vertex 73.8159 0.435959 10
      vertex 72.908 2.21797 10
      vertex 73.2361 0.19577 10
    endloop
  endfacet
  facet normal -0 0 1
    outer loop
      vertex 72.618 2.09789 10
      vertex 73.2361 0.19577 10
      vertex 72.908 2.21797 10
    endloop
  endfacet
  facet normal 0 0 1
    outer loop
      vertex 73.2361 0.19577 10
      vertex 72.618 2.09789 10
      vertex 72.6257 0.0492401 10
    endloop
  endfacet
  facet normal -0 0 1
    outer loop
      vertex 72.3129 2.02461 10
      vertex 72.6257 0.0492401 10
      vertex 72.618 2.09789 10
    endloop
  endfacet
  facet normal -0 0 1
    outer loop
      vertex 72 2 10
      vertex 72.6257 0.0492401 10
      vertex 72.3129 2.02461 10
    endloop
  endfacet
  facet normal 0 0 1
    outer loop
      vertex 72 2 10
      vertex 72 0 10
      vertex 72.6257 0.0492401 10
    endloop
  endfacet
  facet normal -0 0 1
    outer loop
      vertex 4 2 10
      vertex 72 0 10
      vertex 72 2 10
    endloop
  endfacet
  facet normal 0 0 1
    outer loop
      vertex 4 2 10
      vertex 4 0 10
      vertex 72 0 10
    endloop
  endfacet
  facet normal 0 0 1
    outer loop
      vertex 3.68712 2.02461 10
      vertex 4 0 10
      vertex 4 2 10
    endloop
  endfacet
  facet normal 0 0 1
    outer loop
      vertex 3.37425 0.0492401 10
      vertex 3.68712 2.02461 10
      vertex 3.38196 2.09789 10
    endloop
  endfacet
  facet normal 0 0 1
    outer loop
      vertex 3.68712 2.02461 10
      vertex 3.37425 0.0492401 10
      vertex 4 0 10
    endloop
  endfacet
  facet normal 0 0 1
    outer loop
      vertex 2.76393 0.19577 10
      vertex 3.38196 2.09789 10
      vertex 3.09201 2.21797 10
    endloop
  endfacet
  facet normal 0 0 1
    outer loop
      vertex 2.18404 0.435959 10
      vertex 3.09201 2.21797 10
      vertex 2.82442 2.38196 10
    endloop
  endfacet
  facet normal 0 0 1
    outer loop
      vertex 3.38196 2.09789 10
      vertex 2.76393 0.19577 10
      vertex 3.37425 0.0492401 10
    endloop
  endfacet
  facet normal 0 0 1
    outer loop
      vertex 1.64885 0.763931 10
      vertex 2.82442 2.38196 10
      vertex 2.58578 2.58578 10
    endloop
  endfacet
  facet normal 0 0 1
    outer loop
      vertex 1.64885 0.763931 10
      vertex 2.58578 2.58578 10
      vertex 2.38196 2.82442 10
    endloop
  endfacet
  facet normal 0 0 1
    outer loop
      vertex 1.64885 0.763931 10
      vertex 2.38196 2.82442 10
      vertex 2.21797 3.09201 10
    endloop
  endfacet
  facet normal 0 0 1
    outer loop
      vertex 3.09201 2.21797 10
      vertex 2.18404 0.435959 10
      vertex 2.76393 0.19577 10
    endloop
  endfacet
  facet normal 0 0 1
    outer loop
      vertex 1.64885 0.763931 10
      vertex 2.21797 3.09201 10
      vertex 2.09789 3.38196 10
    endloop
  endfacet
  facet normal 0 0 1
    outer loop
      vertex 1.64885 0.763931 10
      vertex 2.09789 3.38196 10
      vertex 2.02461 3.68712 10
    endloop
  endfacet
  facet normal 0 0 1
    outer loop
      vertex 1.64885 0.763931 10
      vertex 2.02461 3.68712 10
      vertex 2 4 10
    endloop
  endfacet
  facet normal 0 0 1
    outer loop
      vertex 2.82442 2.38196 10
      vertex 1.64885 0.763931 10
      vertex 2.18404 0.435959 10
    endloop
  endfacet
  facet normal -0 0 1
    outer loop
      vertex 0 34.8 10
      vertex 2 19.8 10
      vertex 2 34.8 10
    endloop
  endfacet
  facet normal 0 0 1
    outer loop
      vertex 2 19.8 10
      vertex 0 34.8 10
      vertex 0 19.8 10
    endloop
  endfacet
  facet normal 0.0785483 0.99691 -0
    outer loop
      vertex 72.6257 60.9507 0
      vertex 72 61 10
      vertex 72.6257 60.9507 10
    endloop
  endfacet
  facet normal 0.0785483 0.99691 0
    outer loop
      vertex 72 61 10
      vertex 72.6257 60.9507 0
      vertex 72 61 0
    endloop
  endfacet
  facet normal 0 1 -0
    outer loop
      vertex 72 61 0
      vertex 4 61 10
      vertex 72 61 10
    endloop
  endfacet
  facet normal 0 1 0
    outer loop
      vertex 4 61 10
      vertex 72 61 0
      vertex 4 61 0
    endloop
  endfacet
  facet normal -0.996918 0.0784535 2.4913e-19
    outer loop
      vertex 0 57 0
      vertex 0.0492401 57.6257 10
      vertex 0.0492401 57.6257 0
    endloop
  endfacet
  facet normal -0.996918 0.0784535 2.4913e-19
    outer loop
      vertex 0.0492401 57.6257 10
      vertex 0 57 0
      vertex 0 57 10
    endloop
  endfacet
  facet normal 1 -0 0
    outer loop
      vertex 76 4 10
      vertex 76 57 0
      vertex 76 57 10
    endloop
  endfacet
  facet normal 1 0 0
    outer loop
      vertex 76 57 0
      vertex 76 4 10
      vertex 76 4 0
    endloop
  endfacet
  facet normal 0 -1 0
    outer loop
      vertex 4 0 0
      vertex 72 0 10
      vertex 4 0 10
    endloop
  endfacet
  facet normal 0 -1 -0
    outer loop
      vertex 72 0 10
      vertex 4 0 0
      vertex 72 0 0
    endloop
  endfacet
  facet normal 0.649492 0.760369 -0
    outer loop
      vertex 74.8284 59.8284 0
      vertex 74.3511 60.2361 10
      vertex 74.8284 59.8284 10
    endloop
  endfacet
  facet normal 0.649492 0.760369 0
    outer loop
      vertex 74.3511 60.2361 10
      vertex 74.8284 59.8284 0
      vertex 74.3511 60.2361 0
    endloop
  endfacet
  facet normal -0.852639 0.5225 1.31704e-18
    outer loop
      vertex 0.435959 58.8159 0
      vertex 0.763931 59.3511 10
      vertex 0.763931 59.3511 0
    endloop
  endfacet
  facet normal -0.852639 0.5225 1.31704e-18
    outer loop
      vertex 0.763931 59.3511 10
      vertex 0.435959 58.8159 0
      vertex 0.435959 58.8159 10
    endloop
  endfacet
  facet normal 0.923858 0.382736 1.04302e-18
    outer loop
      vertex 75.8042 58.2361 10
      vertex 75.564 58.8159 0
      vertex 75.564 58.8159 10
    endloop
  endfacet
  facet normal 0.923858 0.382736 1.04302e-18
    outer loop
      vertex 75.564 58.8159 0
      vertex 75.8042 58.2361 10
      vertex 75.8042 58.2361 0
    endloop
  endfacet
  facet normal 0.972386 0.233379 -5.5917e-19
    outer loop
      vertex 75.9507 57.6257 10
      vertex 75.8042 58.2361 0
      vertex 75.8042 58.2361 10
    endloop
  endfacet
  facet normal 0.972386 0.233379 -5.5917e-19
    outer loop
      vertex 75.8042 58.2361 0
      vertex 75.9507 57.6257 10
      vertex 75.9507 57.6257 0
    endloop
  endfacet
  facet normal 0.852691 0.522416 1.40565e-18
    outer loop
      vertex 75.564 58.8159 10
      vertex 75.2361 59.3511 0
      vertex 75.2361 59.3511 10
    endloop
  endfacet
  facet normal 0.852691 0.522416 1.40565e-18
    outer loop
      vertex 75.2361 59.3511 0
      vertex 75.564 58.8159 10
      vertex 75.564 58.8159 0
    endloop
  endfacet
  facet normal 0.382736 0.923858 -0
    outer loop
      vertex 73.8159 60.564 0
      vertex 73.2361 60.8042 10
      vertex 73.8159 60.564 10
    endloop
  endfacet
  facet normal 0.382736 0.923858 0
    outer loop
      vertex 73.2361 60.8042 10
      vertex 73.8159 60.564 0
      vertex 73.2361 60.8042 0
    endloop
  endfacet
  facet normal 0.233379 0.972386 -0
    outer loop
      vertex 73.2361 60.8042 0
      vertex 72.6257 60.9507 10
      vertex 73.2361 60.8042 10
    endloop
  endfacet
  facet normal 0.233379 0.972386 0
    outer loop
      vertex 72.6257 60.9507 10
      vertex 73.2361 60.8042 0
      vertex 72.6257 60.9507 0
    endloop
  endfacet
  facet normal 0.522416 0.852691 -0
    outer loop
      vertex 74.3511 60.2361 0
      vertex 73.8159 60.564 10
      vertex 74.3511 60.2361 10
    endloop
  endfacet
  facet normal 0.522416 0.852691 0
    outer loop
      vertex 73.8159 60.564 10
      vertex 74.3511 60.2361 0
      vertex 73.8159 60.564 0
    endloop
  endfacet
  facet normal -0.233408 0.972379 0
    outer loop
      vertex 3.37425 60.9507 0
      vertex 2.76393 60.8042 10
      vertex 3.37425 60.9507 10
    endloop
  endfacet
  facet normal -0.233408 0.972379 0
    outer loop
      vertex 2.76393 60.8042 10
      vertex 3.37425 60.9507 0
      vertex 2.76393 60.8042 0
    endloop
  endfacet
  facet normal -0.0785421 0.996911 0
    outer loop
      vertex 4 61 0
      vertex 3.37425 60.9507 10
      vertex 4 61 10
    endloop
  endfacet
  facet normal -0.0785421 0.996911 0
    outer loop
      vertex 3.37425 60.9507 10
      vertex 4 61 0
      vertex 3.37425 60.9507 0
    endloop
  endfacet
  facet normal -0.382686 0.923879 0
    outer loop
      vertex 2.76393 60.8042 0
      vertex 2.18404 60.564 10
      vertex 2.76393 60.8042 10
    endloop
  endfacet
  facet normal -0.382686 0.923879 0
    outer loop
      vertex 2.18404 60.564 10
      vertex 2.76393 60.8042 0
      vertex 2.18404 60.564 0
    endloop
  endfacet
  facet normal -0.760417 0.649435 1.64095e-19
    outer loop
      vertex 0.763931 59.3511 0
      vertex 1.17157 59.8284 10
      vertex 1.17157 59.8284 0
    endloop
  endfacet
  facet normal -0.760417 0.649435 1.64095e-19
    outer loop
      vertex 1.17157 59.8284 10
      vertex 0.763931 59.3511 0
      vertex 0.763931 59.3511 10
    endloop
  endfacet
  facet normal -0.649507 0.760355 0
    outer loop
      vertex 1.64885 60.2361 0
      vertex 1.17157 59.8284 10
      vertex 1.64885 60.2361 10
    endloop
  endfacet
  facet normal -0.649507 0.760355 0
    outer loop
      vertex 1.17157 59.8284 10
      vertex 1.64885 60.2361 0
      vertex 1.17157 59.8284 0
    endloop
  endfacet
  facet normal -0.972375 0.233424 -2.00781e-19
    outer loop
      vertex 0.0492401 57.6257 0
      vertex 0.19577 58.2361 10
      vertex 0.19577 58.2361 0
    endloop
  endfacet
  facet normal -0.972375 0.233424 -2.00781e-19
    outer loop
      vertex 0.19577 58.2361 10
      vertex 0.0492401 57.6257 0
      vertex 0.0492401 57.6257 10
    endloop
  endfacet
  facet normal -0.923864 0.382721 1.90466e-18
    outer loop
      vertex 0.19577 58.2361 0
      vertex 0.435959 58.8159 10
      vertex 0.435959 58.8159 0
    endloop
  endfacet
  facet normal -0.923864 0.382721 1.90466e-18
    outer loop
      vertex 0.435959 58.8159 10
      vertex 0.19577 58.2361 0
      vertex 0.19577 58.2361 10
    endloop
  endfacet
  facet normal 0.649435 -0.760417 0
    outer loop
      vertex 74.3511 0.763931 0
      vertex 74.8284 1.17157 10
      vertex 74.3511 0.763931 10
    endloop
  endfacet
  facet normal 0.649435 -0.760417 0
    outer loop
      vertex 74.8284 1.17157 10
      vertex 74.3511 0.763931 0
      vertex 74.8284 1.17157 0
    endloop
  endfacet
  facet normal 0.852686 -0.522423 1.60864e-18
    outer loop
      vertex 75.2361 1.64885 10
      vertex 75.564 2.18404 0
      vertex 75.564 2.18404 10
    endloop
  endfacet
  facet normal 0.852686 -0.522423 1.60864e-18
    outer loop
      vertex 75.564 2.18404 0
      vertex 75.2361 1.64885 10
      vertex 75.2361 1.64885 0
    endloop
  endfacet
  facet normal 0.996911 -0.0785421 -2.49648e-19
    outer loop
      vertex 75.9507 3.37425 10
      vertex 76 4 0
      vertex 76 4 10
    endloop
  endfacet
  facet normal 0.996911 -0.0785421 -2.49648e-19
    outer loop
      vertex 76 4 0
      vertex 75.9507 3.37425 10
      vertex 75.9507 3.37425 0
    endloop
  endfacet
  facet normal 0.923879 -0.382686 3.23878e-20
    outer loop
      vertex 75.564 2.18404 10
      vertex 75.8042 2.76393 0
      vertex 75.8042 2.76393 10
    endloop
  endfacet
  facet normal 0.923879 -0.382686 3.23878e-20
    outer loop
      vertex 75.8042 2.76393 0
      vertex 75.564 2.18404 10
      vertex 75.564 2.18404 0
    endloop
  endfacet
  facet normal 0.0784535 -0.996918 0
    outer loop
      vertex 72 0 0
      vertex 72.6257 0.0492401 10
      vertex 72 0 10
    endloop
  endfacet
  facet normal 0.0784535 -0.996918 0
    outer loop
      vertex 72.6257 0.0492401 10
      vertex 72 0 0
      vertex 72.6257 0.0492401 0
    endloop
  endfacet
  facet normal 0.382721 -0.923864 0
    outer loop
      vertex 73.2361 0.19577 0
      vertex 73.8159 0.435959 10
      vertex 73.2361 0.19577 10
    endloop
  endfacet
  facet normal 0.382721 -0.923864 0
    outer loop
      vertex 73.8159 0.435959 10
      vertex 73.2361 0.19577 0
      vertex 73.8159 0.435959 0
    endloop
  endfacet
  facet normal -0.522507 -0.852635 0
    outer loop
      vertex 1.64885 0.763931 0
      vertex 2.18404 0.435959 10
      vertex 1.64885 0.763931 10
    endloop
  endfacet
  facet normal -0.522507 -0.852635 -0
    outer loop
      vertex 2.18404 0.435959 10
      vertex 1.64885 0.763931 0
      vertex 2.18404 0.435959 0
    endloop
  endfacet
  facet normal -0.233453 -0.972368 0
    outer loop
      vertex 2.76393 0.19577 0
      vertex 3.37425 0.0492401 10
      vertex 2.76393 0.19577 10
    endloop
  endfacet
  facet normal -0.233453 -0.972368 -0
    outer loop
      vertex 3.37425 0.0492401 10
      vertex 2.76393 0.19577 0
      vertex 3.37425 0.0492401 0
    endloop
  endfacet
  facet normal -0.760403 -0.649451 1.28904e-18
    outer loop
      vertex 1.17157 1.17157 0
      vertex 0.763931 1.64885 10
      vertex 0.763931 1.64885 0
    endloop
  endfacet
  facet normal -0.760403 -0.649451 1.28904e-18
    outer loop
      vertex 0.763931 1.64885 10
      vertex 1.17157 1.17157 0
      vertex 1.17157 1.17157 10
    endloop
  endfacet
  facet normal -0.923885 -0.382671 1.20267e-18
    outer loop
      vertex 0.435959 2.18404 0
      vertex 0.19577 2.76393 10
      vertex 0.19577 2.76393 0
    endloop
  endfacet
  facet normal -0.923885 -0.382671 1.20267e-18
    outer loop
      vertex 0.19577 2.76393 10
      vertex 0.435959 2.18404 0
      vertex 0.435959 2.18404 10
    endloop
  endfacet
  facet normal 0.760369 0.649492 -4.29641e-19
    outer loop
      vertex 75.2361 59.3511 10
      vertex 74.8284 59.8284 0
      vertex 74.8284 59.8284 10
    endloop
  endfacet
  facet normal 0.760369 0.649492 -4.29641e-19
    outer loop
      vertex 74.8284 59.8284 0
      vertex 75.2361 59.3511 10
      vertex 75.2361 59.3511 0
    endloop
  endfacet
  facet normal 0.760355 -0.649507 5.50559e-19
    outer loop
      vertex 74.8284 1.17157 10
      vertex 75.2361 1.64885 0
      vertex 75.2361 1.64885 10
    endloop
  endfacet
  facet normal 0.760355 -0.649507 5.50559e-19
    outer loop
      vertex 75.2361 1.64885 0
      vertex 74.8284 1.17157 10
      vertex 74.8284 1.17157 0
    endloop
  endfacet
  facet normal 0.972379 -0.233408 -9.56537e-19
    outer loop
      vertex 75.8042 2.76393 10
      vertex 75.9507 3.37425 0
      vertex 75.9507 3.37425 10
    endloop
  endfacet
  facet normal 0.972379 -0.233408 -9.56537e-19
    outer loop
      vertex 75.9507 3.37425 0
      vertex 75.8042 2.76393 10
      vertex 75.8042 2.76393 0
    endloop
  endfacet
  facet normal 0.233424 -0.972375 0
    outer loop
      vertex 72.6257 0.0492401 0
      vertex 73.2361 0.19577 10
      vertex 72.6257 0.0492401 10
    endloop
  endfacet
  facet normal 0.233424 -0.972375 0
    outer loop
      vertex 73.2361 0.19577 10
      vertex 72.6257 0.0492401 0
      vertex 73.2361 0.19577 0
    endloop
  endfacet
  facet normal 0.5225 -0.852639 0
    outer loop
      vertex 73.8159 0.435959 0
      vertex 74.3511 0.763931 10
      vertex 73.8159 0.435959 10
    endloop
  endfacet
  facet normal 0.5225 -0.852639 0
    outer loop
      vertex 74.3511 0.763931 10
      vertex 73.8159 0.435959 0
      vertex 74.3511 0.763931 0
    endloop
  endfacet
  facet normal -0.382671 -0.923885 0
    outer loop
      vertex 2.18404 0.435959 0
      vertex 2.76393 0.19577 10
      vertex 2.18404 0.435959 10
    endloop
  endfacet
  facet normal -0.382671 -0.923885 -0
    outer loop
      vertex 2.76393 0.19577 10
      vertex 2.18404 0.435959 0
      vertex 2.76393 0.19577 0
    endloop
  endfacet
  facet normal -0.0784472 -0.996918 0
    outer loop
      vertex 3.37425 0.0492401 0
      vertex 4 0 10
      vertex 3.37425 0.0492401 10
    endloop
  endfacet
  facet normal -0.0784472 -0.996918 -0
    outer loop
      vertex 4 0 10
      vertex 3.37425 0.0492401 0
      vertex 4 0 0
    endloop
  endfacet
  facet normal -0.649451 -0.760403 0
    outer loop
      vertex 1.17157 1.17157 0
      vertex 1.64885 0.763931 10
      vertex 1.17157 1.17157 10
    endloop
  endfacet
  facet normal -0.649451 -0.760403 -0
    outer loop
      vertex 1.64885 0.763931 10
      vertex 1.17157 1.17157 0
      vertex 1.64885 0.763931 0
    endloop
  endfacet
  facet normal -0.852635 -0.522507 7.01712e-19
    outer loop
      vertex 0.763931 1.64885 0
      vertex 0.435959 2.18404 10
      vertex 0.435959 2.18404 0
    endloop
  endfacet
  facet normal -0.852635 -0.522507 7.01712e-19
    outer loop
      vertex 0.435959 2.18404 10
      vertex 0.763931 1.64885 0
      vertex 0.763931 1.64885 10
    endloop
  endfacet
  facet normal 0.972357 0.233498 -6.26162e-19
    outer loop
      vertex 2.09789 3.38196 10
      vertex 2.02461 3.68712 2
      vertex 2.02461 3.68712 10
    endloop
  endfacet
  facet normal 0.972357 0.233498 -6.26162e-19
    outer loop
      vertex 2.02461 3.68712 2
      vertex 2.09789 3.38196 10
      vertex 2.09789 3.38196 2
    endloop
  endfacet
  facet normal 1 0 0
    outer loop
      vertex 2 8.8 10
      vertex 2 4 10
      vertex 2 8.8 5
    endloop
  endfacet
  facet normal 1 0 0
    outer loop
      vertex 2 34.8 10
      vertex 2 19.8 10
      vertex 2 34.8 5
    endloop
  endfacet
  facet normal 1 0 0
    outer loop
      vertex 2 48.8 5
      vertex 2 57 10
      vertex 2 48.8 10
    endloop
  endfacet
  facet normal 1 0 0
    outer loop
      vertex 2 57 10
      vertex 2 48.8 5
      vertex 2 57 2
    endloop
  endfacet
  facet normal 1 -0 0
    outer loop
      vertex 2 34.8 5
      vertex 2 57 2
      vertex 2 48.8 5
    endloop
  endfacet
  facet normal 1 0 0
    outer loop
      vertex 2 19.8 5
      vertex 2 34.8 5
      vertex 2 19.8 10
    endloop
  endfacet
  facet normal 1 0 0
    outer loop
      vertex 2 4 2
      vertex 2 34.8 5
      vertex 2 19.8 5
    endloop
  endfacet
  facet normal 1 0 0
    outer loop
      vertex 2 4 2
      vertex 2 19.8 5
      vertex 2 8.8 5
    endloop
  endfacet
  facet normal 1 0 0
    outer loop
      vertex 2 34.8 5
      vertex 2 4 2
      vertex 2 57 2
    endloop
  endfacet
  facet normal 1 0 0
    outer loop
      vertex 2 4 2
      vertex 2 8.8 5
      vertex 2 4 10
    endloop
  endfacet
  facet normal -0.996924 -0.0783775 -4.89142e-21
    outer loop
      vertex 74 57 2
      vertex 73.9754 57.3129 10
      vertex 73.9754 57.3129 2
    endloop
  endfacet
  facet normal -0.996924 -0.0783775 -4.89142e-21
    outer loop
      vertex 73.9754 57.3129 10
      vertex 74 57 2
      vertex 74 57 10
    endloop
  endfacet
  facet normal 0.996921 0.0784142 1.21956e-19
    outer loop
      vertex 2.02461 3.68712 10
      vertex 2 4 2
      vertex 2 4 10
    endloop
  endfacet
  facet normal 0.996921 0.0784142 1.21956e-19
    outer loop
      vertex 2 4 2
      vertex 2.02461 3.68712 10
      vertex 2.02461 3.68712 2
    endloop
  endfacet
  facet normal 0.522546 -0.852611 0
    outer loop
      vertex 2.82442 58.618 2
      vertex 3.09201 58.782 10
      vertex 2.82442 58.618 10
    endloop
  endfacet
  facet normal 0.522546 -0.852611 0
    outer loop
      vertex 3.09201 58.782 10
      vertex 2.82442 58.618 2
      vertex 3.09201 58.782 2
    endloop
  endfacet
  facet normal -0.0783775 -0.996924 0
    outer loop
      vertex 72 59 2
      vertex 72.3129 58.9754 10
      vertex 72 59 10
    endloop
  endfacet
  facet normal -0.0783775 -0.996924 -0
    outer loop
      vertex 72.3129 58.9754 10
      vertex 72 59 2
      vertex 72.3129 58.9754 2
    endloop
  endfacet
  facet normal 0 -1 0
    outer loop
      vertex 4 59 2
      vertex 72 59 10
      vertex 4 59 10
    endloop
  endfacet
  facet normal 0 -1 -0
    outer loop
      vertex 72 59 10
      vertex 4 59 2
      vertex 72 59 2
    endloop
  endfacet
  facet normal 0.996921 -0.0784092 -1.24646e-19
    outer loop
      vertex 2 57 10
      vertex 2.02461 57.3129 2
      vertex 2.02461 57.3129 10
    endloop
  endfacet
  facet normal 0.996921 -0.0784092 -1.24646e-19
    outer loop
      vertex 2.02461 57.3129 2
      vertex 2 57 10
      vertex 2 57 2
    endloop
  endfacet
  facet normal -1 0 0
    outer loop
      vertex 74 4 2
      vertex 74 57 10
      vertex 74 57 2
    endloop
  endfacet
  facet normal -1 -0 0
    outer loop
      vertex 74 57 10
      vertex 74 4 2
      vertex 74 4 10
    endloop
  endfacet
  facet normal 0 1 -0
    outer loop
      vertex 72 2 2
      vertex 4 2 10
      vertex 72 2 10
    endloop
  endfacet
  facet normal 0 1 0
    outer loop
      vertex 4 2 10
      vertex 72 2 2
      vertex 4 2 2
    endloop
  endfacet
  facet normal 0.649452 0.760403 -0
    outer loop
      vertex 2.82442 2.38196 2
      vertex 2.58578 2.58578 10
      vertex 2.82442 2.38196 10
    endloop
  endfacet
  facet normal 0.649452 0.760403 0
    outer loop
      vertex 2.58578 2.58578 10
      vertex 2.82442 2.38196 2
      vertex 2.58578 2.58578 2
    endloop
  endfacet
  facet normal -0.649478 -0.76038 0
    outer loop
      vertex 73.1756 58.618 2
      vertex 73.4142 58.4142 10
      vertex 73.1756 58.618 10
    endloop
  endfacet
  facet normal -0.649478 -0.76038 -0
    outer loop
      vertex 73.4142 58.4142 10
      vertex 73.1756 58.618 2
      vertex 73.4142 58.4142 2
    endloop
  endfacet
  facet normal 0.852634 -0.522509 -7.40831e-19
    outer loop
      vertex 2.21797 57.908 10
      vertex 2.38196 58.1756 2
      vertex 2.38196 58.1756 10
    endloop
  endfacet
  facet normal 0.852634 -0.522509 -7.40831e-19
    outer loop
      vertex 2.38196 58.1756 2
      vertex 2.21797 57.908 10
      vertex 2.21797 57.908 2
    endloop
  endfacet
  facet normal -0.923904 -0.382624 5.58598e-19
    outer loop
      vertex 73.9021 57.618 2
      vertex 73.782 57.908 10
      vertex 73.782 57.908 2
    endloop
  endfacet
  facet normal -0.923904 -0.382624 5.58598e-19
    outer loop
      vertex 73.782 57.908 10
      vertex 73.9021 57.618 2
      vertex 73.9021 57.618 10
    endloop
  endfacet
  facet normal -0.972332 -0.233602 3.03686e-20
    outer loop
      vertex 73.9754 57.3129 2
      vertex 73.9021 57.618 10
      vertex 73.9021 57.618 2
    endloop
  endfacet
  facet normal -0.972332 -0.233602 3.03686e-20
    outer loop
      vertex 73.9021 57.618 10
      vertex 73.9754 57.3129 2
      vertex 73.9754 57.3129 10
    endloop
  endfacet
  facet normal -0.85262 -0.522532 8.08288e-19
    outer loop
      vertex 73.782 57.908 2
      vertex 73.618 58.1756 10
      vertex 73.618 58.1756 2
    endloop
  endfacet
  facet normal -0.85262 -0.522532 8.08288e-19
    outer loop
      vertex 73.618 58.1756 10
      vertex 73.782 57.908 2
      vertex 73.782 57.908 10
    endloop
  endfacet
  facet normal -0.382624 -0.923904 0
    outer loop
      vertex 72.618 58.9021 2
      vertex 72.908 58.782 10
      vertex 72.618 58.9021 10
    endloop
  endfacet
  facet normal -0.382624 -0.923904 -0
    outer loop
      vertex 72.908 58.782 10
      vertex 72.618 58.9021 2
      vertex 72.908 58.782 2
    endloop
  endfacet
  facet normal -0.233602 -0.972332 0
    outer loop
      vertex 72.3129 58.9754 2
      vertex 72.618 58.9021 10
      vertex 72.3129 58.9754 10
    endloop
  endfacet
  facet normal -0.233602 -0.972332 -0
    outer loop
      vertex 72.618 58.9021 10
      vertex 72.3129 58.9754 2
      vertex 72.618 58.9021 2
    endloop
  endfacet
  facet normal -0.522532 -0.85262 0
    outer loop
      vertex 72.908 58.782 2
      vertex 73.1756 58.618 10
      vertex 72.908 58.782 10
    endloop
  endfacet
  facet normal -0.522532 -0.85262 -0
    outer loop
      vertex 73.1756 58.618 10
      vertex 72.908 58.782 2
      vertex 73.1756 58.618 2
    endloop
  endfacet
  facet normal 0.233559 -0.972343 0
    outer loop
      vertex 3.38196 58.9021 2
      vertex 3.68712 58.9754 10
      vertex 3.38196 58.9021 10
    endloop
  endfacet
  facet normal 0.233559 -0.972343 0
    outer loop
      vertex 3.68712 58.9754 10
      vertex 3.38196 58.9021 2
      vertex 3.68712 58.9754 2
    endloop
  endfacet
  facet normal 0.0783825 -0.996923 0
    outer loop
      vertex 3.68712 58.9754 2
      vertex 4 59 10
      vertex 3.68712 58.9754 10
    endloop
  endfacet
  facet normal 0.0783825 -0.996923 0
    outer loop
      vertex 4 59 10
      vertex 3.68712 58.9754 2
      vertex 4 59 2
    endloop
  endfacet
  facet normal 0.38268 -0.923881 0
    outer loop
      vertex 3.09201 58.782 2
      vertex 3.38196 58.9021 10
      vertex 3.09201 58.782 10
    endloop
  endfacet
  facet normal 0.38268 -0.923881 0
    outer loop
      vertex 3.38196 58.9021 10
      vertex 3.09201 58.782 2
      vertex 3.38196 58.9021 2
    endloop
  endfacet
  facet normal 0.760349 -0.649515 -7.1665e-19
    outer loop
      vertex 2.38196 58.1756 10
      vertex 2.58578 58.4142 2
      vertex 2.58578 58.4142 10
    endloop
  endfacet
  facet normal 0.760349 -0.649515 -7.1665e-19
    outer loop
      vertex 2.58578 58.4142 2
      vertex 2.38196 58.1756 10
      vertex 2.38196 58.1756 2
    endloop
  endfacet
  facet normal 0.649415 -0.760434 0
    outer loop
      vertex 2.58578 58.4142 2
      vertex 2.82442 58.618 10
      vertex 2.58578 58.4142 10
    endloop
  endfacet
  facet normal 0.649415 -0.760434 0
    outer loop
      vertex 2.82442 58.618 10
      vertex 2.58578 58.4142 2
      vertex 2.82442 58.618 2
    endloop
  endfacet
  facet normal 0.972347 -0.233542 -7.89596e-20
    outer loop
      vertex 2.02461 57.3129 10
      vertex 2.09789 57.618 2
      vertex 2.09789 57.618 10
    endloop
  endfacet
  facet normal 0.972347 -0.233542 -7.89596e-20
    outer loop
      vertex 2.09789 57.618 2
      vertex 2.02461 57.3129 10
      vertex 2.02461 57.3129 2
    endloop
  endfacet
  facet normal 0.923927 -0.382569 -6.76001e-19
    outer loop
      vertex 2.09789 57.618 10
      vertex 2.21797 57.908 2
      vertex 2.21797 57.908 10
    endloop
  endfacet
  facet normal 0.923927 -0.382569 -6.76001e-19
    outer loop
      vertex 2.21797 57.908 2
      vertex 2.09789 57.618 10
      vertex 2.09789 57.618 2
    endloop
  endfacet
  facet normal -0.649515 0.760349 0
    outer loop
      vertex 73.4142 2.58578 2
      vertex 73.1756 2.38196 10
      vertex 73.4142 2.58578 10
    endloop
  endfacet
  facet normal -0.649515 0.760349 0
    outer loop
      vertex 73.1756 2.38196 10
      vertex 73.4142 2.58578 2
      vertex 73.1756 2.38196 2
    endloop
  endfacet
  facet normal -0.852611 0.522546 4.12926e-19
    outer loop
      vertex 73.618 2.82442 2
      vertex 73.782 3.09201 10
      vertex 73.782 3.09201 2
    endloop
  endfacet
  facet normal -0.852611 0.522546 4.12926e-19
    outer loop
      vertex 73.782 3.09201 10
      vertex 73.618 2.82442 2
      vertex 73.618 2.82442 10
    endloop
  endfacet
  facet normal -0.996923 0.0783825 9.02439e-20
    outer loop
      vertex 73.9754 3.68712 2
      vertex 74 4 10
      vertex 74 4 2
    endloop
  endfacet
  facet normal -0.996923 0.0783825 9.02439e-20
    outer loop
      vertex 74 4 10
      vertex 73.9754 3.68712 2
      vertex 73.9754 3.68712 10
    endloop
  endfacet
  facet normal -0.923881 0.38268 -9.23037e-19
    outer loop
      vertex 73.782 3.09201 2
      vertex 73.9021 3.38196 10
      vertex 73.9021 3.38196 2
    endloop
  endfacet
  facet normal -0.923881 0.38268 -9.23037e-19
    outer loop
      vertex 73.9021 3.38196 10
      vertex 73.782 3.09201 2
      vertex 73.782 3.09201 10
    endloop
  endfacet
  facet normal -0.0784092 0.996921 0
    outer loop
      vertex 72.3129 2.02461 2
      vertex 72 2 10
      vertex 72.3129 2.02461 10
    endloop
  endfacet
  facet normal -0.0784092 0.996921 0
    outer loop
      vertex 72 2 10
      vertex 72.3129 2.02461 2
      vertex 72 2 2
    endloop
  endfacet
  facet normal -0.382569 0.923927 0
    outer loop
      vertex 72.908 2.21797 2
      vertex 72.618 2.09789 10
      vertex 72.908 2.21797 10
    endloop
  endfacet
  facet normal -0.382569 0.923927 0
    outer loop
      vertex 72.618 2.09789 10
      vertex 72.908 2.21797 2
      vertex 72.618 2.09789 2
    endloop
  endfacet
  facet normal 0.522523 0.852625 -0
    outer loop
      vertex 3.09201 2.21797 2
      vertex 2.82442 2.38196 10
      vertex 3.09201 2.21797 10
    endloop
  endfacet
  facet normal 0.522523 0.852625 0
    outer loop
      vertex 2.82442 2.38196 10
      vertex 3.09201 2.21797 2
      vertex 2.82442 2.38196 2
    endloop
  endfacet
  facet normal 0.233498 0.972357 -0
    outer loop
      vertex 3.68712 2.02461 2
      vertex 3.38196 2.09789 10
      vertex 3.68712 2.02461 10
    endloop
  endfacet
  facet normal 0.233498 0.972357 0
    outer loop
      vertex 3.38196 2.09789 10
      vertex 3.68712 2.02461 2
      vertex 3.38196 2.09789 2
    endloop
  endfacet
  facet normal 0.760403 0.649452 -1.94327e-19
    outer loop
      vertex 2.58578 2.58578 10
      vertex 2.38196 2.82442 2
      vertex 2.38196 2.82442 10
    endloop
  endfacet
  facet normal 0.760403 0.649452 -1.94327e-19
    outer loop
      vertex 2.38196 2.82442 2
      vertex 2.58578 2.58578 10
      vertex 2.58578 2.58578 2
    endloop
  endfacet
  facet normal 0.923903 0.382626 -1.36435e-18
    outer loop
      vertex 2.21797 3.09201 10
      vertex 2.09789 3.38196 2
      vertex 2.09789 3.38196 10
    endloop
  endfacet
  facet normal 0.923903 0.382626 -1.36435e-18
    outer loop
      vertex 2.09789 3.38196 2
      vertex 2.21797 3.09201 10
      vertex 2.21797 3.09201 2
    endloop
  endfacet
  facet normal -0.76038 -0.649478 8.73243e-19
    outer loop
      vertex 73.618 58.1756 2
      vertex 73.4142 58.4142 10
      vertex 73.4142 58.4142 2
    endloop
  endfacet
  facet normal -0.76038 -0.649478 8.73243e-19
    outer loop
      vertex 73.4142 58.4142 10
      vertex 73.618 58.1756 2
      vertex 73.618 58.1756 10
    endloop
  endfacet
  facet normal -0.760434 0.649415 1.31176e-18
    outer loop
      vertex 73.4142 2.58578 2
      vertex 73.618 2.82442 10
      vertex 73.618 2.82442 2
    endloop
  endfacet
  facet normal -0.760434 0.649415 1.31176e-18
    outer loop
      vertex 73.618 2.82442 10
      vertex 73.4142 2.58578 2
      vertex 73.4142 2.58578 10
    endloop
  endfacet
  facet normal -0.972343 0.233559 4.3048e-19
    outer loop
      vertex 73.9021 3.38196 2
      vertex 73.9754 3.68712 10
      vertex 73.9754 3.68712 2
    endloop
  endfacet
  facet normal -0.972343 0.233559 4.3048e-19
    outer loop
      vertex 73.9754 3.68712 10
      vertex 73.9021 3.38196 2
      vertex 73.9021 3.38196 10
    endloop
  endfacet
  facet normal -0.233542 0.972347 0
    outer loop
      vertex 72.618 2.09789 2
      vertex 72.3129 2.02461 10
      vertex 72.618 2.09789 10
    endloop
  endfacet
  facet normal -0.233542 0.972347 0
    outer loop
      vertex 72.3129 2.02461 10
      vertex 72.618 2.09789 2
      vertex 72.3129 2.02461 2
    endloop
  endfacet
  facet normal -0.522509 0.852634 0
    outer loop
      vertex 73.1756 2.38196 2
      vertex 72.908 2.21797 10
      vertex 73.1756 2.38196 10
    endloop
  endfacet
  facet normal -0.522509 0.852634 0
    outer loop
      vertex 72.908 2.21797 10
      vertex 73.1756 2.38196 2
      vertex 72.908 2.21797 2
    endloop
  endfacet
  facet normal 0.382626 0.923903 -0
    outer loop
      vertex 3.38196 2.09789 2
      vertex 3.09201 2.21797 10
      vertex 3.38196 2.09789 10
    endloop
  endfacet
  facet normal 0.382626 0.923903 0
    outer loop
      vertex 3.09201 2.21797 10
      vertex 3.38196 2.09789 2
      vertex 3.09201 2.21797 2
    endloop
  endfacet
  facet normal 0.0784142 0.996921 -0
    outer loop
      vertex 4 2 2
      vertex 3.68712 2.02461 10
      vertex 4 2 10
    endloop
  endfacet
  facet normal 0.0784142 0.996921 0
    outer loop
      vertex 3.68712 2.02461 10
      vertex 4 2 2
      vertex 3.68712 2.02461 2
    endloop
  endfacet
  facet normal 0.852625 0.522523 -9.99946e-19
    outer loop
      vertex 2.38196 2.82442 10
      vertex 2.21797 3.09201 2
      vertex 2.21797 3.09201 10
    endloop
  endfacet
  facet normal 0.852625 0.522523 -9.99946e-19
    outer loop
      vertex 2.21797 3.09201 2
      vertex 2.38196 2.82442 10
      vertex 2.38196 2.82442 2
    endloop
  endfacet
  facet normal 1 -0 0
    outer loop
      vertex 18 12 2
      vertex 18 49 0
      vertex 18 49 2
    endloop
  endfacet
  facet normal 1 0 0
    outer loop
      vertex 18 49 0
      vertex 18 12 2
      vertex 18 12 0
    endloop
  endfacet
  facet normal -1 0 0
    outer loop
      vertex 20.2 12 0
      vertex 20.2 49 2
      vertex 20.2 49 0
    endloop
  endfacet
  facet normal -1 -0 0
    outer loop
      vertex 20.2 49 2
      vertex 20.2 12 0
      vertex 20.2 12 2
    endloop
  endfacet
  facet normal 0 1 -0
    outer loop
      vertex 20.2 12 0
      vertex 18 12 2
      vertex 20.2 12 2
    endloop
  endfacet
  facet normal 0 1 0
    outer loop
      vertex 18 12 2
      vertex 20.2 12 0
      vertex 18 12 0
    endloop
  endfacet
  facet normal 0 -1 0
    outer loop
      vertex 18 49 0
      vertex 20.2 49 2
      vertex 18 49 2
    endloop
  endfacet
  facet normal 0 -1 -0
    outer loop
      vertex 20.2 49 2
      vertex 18 49 0
      vertex 20.2 49 0
    endloop
  endfacet
  facet normal 1 -0 0
    outer loop
      vertex 26 12 2
      vertex 26 49 0
      vertex 26 49 2
    endloop
  endfacet
  facet normal 1 0 0
    outer loop
      vertex 26 49 0
      vertex 26 12 2
      vertex 26 12 0
    endloop
  endfacet
  facet normal -1 0 0
    outer loop
      vertex 28.2 12 0
      vertex 28.2 49 2
      vertex 28.2 49 0
    endloop
  endfacet
  facet normal -1 -0 0
    outer loop
      vertex 28.2 49 2
      vertex 28.2 12 0
      vertex 28.2 12 2
    endloop
  endfacet
  facet normal 0 -1 0
    outer loop
      vertex 26 49 0
      vertex 28.2 49 2
      vertex 26 49 2
    endloop
  endfacet
  facet normal 0 -1 -0
    outer loop
      vertex 28.2 49 2
      vertex 26 49 0
      vertex 28.2 49 0
    endloop
  endfacet
  facet normal 0 1 -0
    outer loop
      vertex 28.2 12 0
      vertex 26 12 2
      vertex 28.2 12 2
    endloop
  endfacet
  facet normal 0 1 0
    outer loop
      vertex 26 12 2
      vertex 28.2 12 0
      vertex 26 12 0
    endloop
  endfacet
  facet normal 1 -0 0
    outer loop
      vertex 34 12 2
      vertex 34 49 0
      vertex 34 49 2
    endloop
  endfacet
  facet normal 1 0 0
    outer loop
      vertex 34 49 0
      vertex 34 12 2
      vertex 34 12 0
    endloop
  endfacet
  facet normal -1 0 0
    outer loop
      vertex 36.2 12 0
      vertex 36.2 49 2
      vertex 36.2 49 0
    endloop
  endfacet
  facet normal -1 -0 0
    outer loop
      vertex 36.2 49 2
      vertex 36.2 12 0
      vertex 36.2 12 2
    endloop
  endfacet
  facet normal 0 1 -0
    outer loop
      vertex 36.2 12 0
      vertex 34 12 2
      vertex 36.2 12 2
    endloop
  endfacet
  facet normal 0 1 0
    outer loop
      vertex 34 12 2
      vertex 36.2 12 0
      vertex 34 12 0
    endloop
  endfacet
  facet normal 0 -1 0
    outer loop
      vertex 34 49 0
      vertex 36.2 49 2
      vertex 34 49 2
    endloop
  endfacet
  facet normal 0 -1 -0
    outer loop
      vertex 36.2 49 2
      vertex 34 49 0
      vertex 36.2 49 0
    endloop
  endfacet
  facet normal 1 -0 0
    outer loop
      vertex 42 12 2
      vertex 42 49 0
      vertex 42 49 2
    endloop
  endfacet
  facet normal 1 0 0
    outer loop
      vertex 42 49 0
      vertex 42 12 2
      vertex 42 12 0
    endloop
  endfacet
  facet normal -1 0 0
    outer loop
      vertex 44.2 12 0
      vertex 44.2 49 2
      vertex 44.2 49 0
    endloop
  endfacet
  facet normal -1 -0 0
    outer loop
      vertex 44.2 49 2
      vertex 44.2 12 0
      vertex 44.2 12 2
    endloop
  endfacet
  facet normal 0 -1 0
    outer loop
      vertex 42 49 0
      vertex 44.2 49 2
      vertex 42 49 2
    endloop
  endfacet
  facet normal 0 -1 -0
    outer loop
      vertex 44.2 49 2
      vertex 42 49 0
      vertex 44.2 49 0
    endloop
  endfacet
  facet normal 0 1 -0
    outer loop
      vertex 44.2 12 0
      vertex 42 12 2
      vertex 44.2 12 2
    endloop
  endfacet
  facet normal 0 1 0
    outer loop
      vertex 42 12 2
      vertex 44.2 12 0
      vertex 42 12 0
    endloop
  endfacet
  facet normal 1 -0 0
    outer loop
      vertex 50 12 2
      vertex 50 49 0
      vertex 50 49 2
    endloop
  endfacet
  facet normal 1 0 0
    outer loop
      vertex 50 49 0
      vertex 50 12 2
      vertex 50 12 0
    endloop
  endfacet
  facet normal -1 0 0
    outer loop
      vertex 52.2 12 0
      vertex 52.2 49 2
      vertex 52.2 49 0
    endloop
  endfacet
  facet normal -1 -0 0
    outer loop
      vertex 52.2 49 2
      vertex 52.2 12 0
      vertex 52.2 12 2
    endloop
  endfacet
  facet normal 0 1 -0
    outer loop
      vertex 52.2 12 0
      vertex 50 12 2
      vertex 52.2 12 2
    endloop
  endfacet
  facet normal 0 1 0
    outer loop
      vertex 50 12 2
      vertex 52.2 12 0
      vertex 50 12 0
    endloop
  endfacet
  facet normal 0 -1 0
    outer loop
      vertex 50 49 0
      vertex 52.2 49 2
      vertex 50 49 2
    endloop
  endfacet
  facet normal 0 -1 -0
    outer loop
      vertex 52.2 49 2
      vertex 50 49 0
      vertex 52.2 49 0
    endloop
  endfacet
  facet normal 1 -0 0
    outer loop
      vertex 58 12 2
      vertex 58 49 0
      vertex 58 49 2
    endloop
  endfacet
  facet normal 1 0 0
    outer loop
      vertex 58 49 0
      vertex 58 12 2
      vertex 58 12 0
    endloop
  endfacet
  facet normal -1 0 0
    outer loop
      vertex 60.2 12 0
      vertex 60.2 49 2
      vertex 60.2 49 0
    endloop
  endfacet
  facet normal -1 -0 0
    outer loop
      vertex 60.2 49 2
      vertex 60.2 12 0
      vertex 60.2 12 2
    endloop
  endfacet
  facet normal 0 1 -0
    outer loop
      vertex 60.2 12 0
      vertex 58 12 2
      vertex 60.2 12 2
    endloop
  endfacet
  facet normal 0 1 0
    outer loop
      vertex 58 12 2
      vertex 60.2 12 0
      vertex 58 12 0
    endloop
  endfacet
  facet normal 0 -1 0
    outer loop
      vertex 58 49 0
      vertex 60.2 49 2
      vertex 58 49 2
    endloop
  endfacet
  facet normal 0 -1 -0
    outer loop
      vertex 60.2 49 2
      vertex 58 49 0
      vertex 60.2 49 0
    endloop
  endfacet
  facet normal 0 0 1
    outer loop
      vertex 18 49 2
      vertex 20.2315 52.1497 2
      vertex 19.8636 52.3752 2
    endloop
  endfacet
  facet normal 0 0 1
    outer loop
      vertex 18 49 2
      vertex 19.8636 52.3752 2
      vertex 19.5355 52.6555 2
    endloop
  endfacet
  facet normal 0 0 1
    outer loop
      vertex 18 49 2
      vertex 19.5355 52.6555 2
      vertex 19.2552 52.9836 2
    endloop
  endfacet
  facet normal 0 0 1
    outer loop
      vertex 18 49 2
      vertex 19.2552 52.9836 2
      vertex 19.0297 53.3515 2
    endloop
  endfacet
  facet normal 0 0 1
    outer loop
      vertex 18 49 2
      vertex 19.0297 53.3515 2
      vertex 18.8646 53.7502 2
    endloop
  endfacet
  facet normal 0 0 1
    outer loop
      vertex 20.2315 52.1497 2
      vertex 18 49 2
      vertex 20.2 49 2
    endloop
  endfacet
  facet normal 0 0 1
    outer loop
      vertex 18.7639 54.1698 2
      vertex 18 49 2
      vertex 18.8646 53.7502 2
    endloop
  endfacet
  facet normal 0 0 1
    outer loop
      vertex 4 59 2
      vertex 18.7639 54.1698 2
      vertex 18.73 54.6 2
    endloop
  endfacet
  facet normal -0 0 1
    outer loop
      vertex 72.4561 11.8502 2
      vertex 74 4 2
      vertex 72.4561 38.9298 2
    endloop
  endfacet
  facet normal 0 0 1
    outer loop
      vertex 74 4 2
      vertex 72.4561 11.8502 2
      vertex 72.49 11.42 2
    endloop
  endfacet
  facet normal -0 0 1
    outer loop
      vertex 72.3554 38.5102 2
      vertex 72.4561 11.8502 2
      vertex 72.4561 38.9298 2
    endloop
  endfacet
  facet normal 0 0 1
    outer loop
      vertex 72.3554 38.5102 2
      vertex 72.3554 12.2698 2
      vertex 72.4561 11.8502 2
    endloop
  endfacet
  facet normal -0 0 1
    outer loop
      vertex 72.1903 38.1115 2
      vertex 72.3554 12.2698 2
      vertex 72.3554 38.5102 2
    endloop
  endfacet
  facet normal 0 0 1
    outer loop
      vertex 72.1903 38.1115 2
      vertex 72.1903 12.6685 2
      vertex 72.3554 12.2698 2
    endloop
  endfacet
  facet normal -0 0 1
    outer loop
      vertex 71.9648 37.7436 2
      vertex 72.1903 12.6685 2
      vertex 72.1903 38.1115 2
    endloop
  endfacet
  facet normal 0 0 1
    outer loop
      vertex 71.9648 37.7436 2
      vertex 71.9648 13.0364 2
      vertex 72.1903 12.6685 2
    endloop
  endfacet
  facet normal -0 0 1
    outer loop
      vertex 71.6845 37.4155 2
      vertex 71.9648 13.0364 2
      vertex 71.9648 37.7436 2
    endloop
  endfacet
  facet normal 0 0 1
    outer loop
      vertex 71.6845 37.4155 2
      vertex 71.6845 13.3645 2
      vertex 71.9648 13.0364 2
    endloop
  endfacet
  facet normal -0 0 1
    outer loop
      vertex 71.3564 37.1352 2
      vertex 71.6845 13.3645 2
      vertex 71.6845 37.4155 2
    endloop
  endfacet
  facet normal 0 0 1
    outer loop
      vertex 71.3564 37.1352 2
      vertex 71.3564 13.6448 2
      vertex 71.6845 13.3645 2
    endloop
  endfacet
  facet normal -0 0 1
    outer loop
      vertex 70.9885 36.9097 2
      vertex 71.3564 13.6448 2
      vertex 71.3564 37.1352 2
    endloop
  endfacet
  facet normal 0 0 1
    outer loop
      vertex 70.9885 36.9097 2
      vertex 70.9885 13.8703 2
      vertex 71.3564 13.6448 2
    endloop
  endfacet
  facet normal -0 0 1
    outer loop
      vertex 70.5898 36.7446 2
      vertex 70.9885 13.8703 2
      vertex 70.9885 36.9097 2
    endloop
  endfacet
  facet normal 0 0 1
    outer loop
      vertex 70.5898 36.7446 2
      vertex 70.5898 14.0354 2
      vertex 70.9885 13.8703 2
    endloop
  endfacet
  facet normal -0 0 1
    outer loop
      vertex 70.1702 36.6439 2
      vertex 70.5898 14.0354 2
      vertex 70.5898 36.7446 2
    endloop
  endfacet
  facet normal 0 0 1
    outer loop
      vertex 70.1702 36.6439 2
      vertex 70.1702 14.1361 2
      vertex 70.5898 14.0354 2
    endloop
  endfacet
  facet normal -0 0 1
    outer loop
      vertex 69.74 36.61 2
      vertex 70.1702 14.1361 2
      vertex 70.1702 36.6439 2
    endloop
  endfacet
  facet normal 0 0 1
    outer loop
      vertex 69.74 36.61 2
      vertex 69.74 14.17 2
      vertex 70.1702 14.1361 2
    endloop
  endfacet
  facet normal 0 0 1
    outer loop
      vertex 69.3098 36.6439 2
      vertex 69.74 14.17 2
      vertex 69.74 36.61 2
    endloop
  endfacet
  facet normal 0 0 1
    outer loop
      vertex 69.3098 36.6439 2
      vertex 69.3098 14.1361 2
      vertex 69.74 14.17 2
    endloop
  endfacet
  facet normal 0 0 1
    outer loop
      vertex 68.8902 36.7446 2
      vertex 69.3098 14.1361 2
      vertex 69.3098 36.6439 2
    endloop
  endfacet
  facet normal 0 0 1
    outer loop
      vertex 68.8902 36.7446 2
      vertex 68.8902 14.0354 2
      vertex 69.3098 14.1361 2
    endloop
  endfacet
  facet normal 0 0 1
    outer loop
      vertex 68.4915 36.9097 2
      vertex 68.8902 14.0354 2
      vertex 68.8902 36.7446 2
    endloop
  endfacet
  facet normal 0 0 1
    outer loop
      vertex 68.4915 36.9097 2
      vertex 68.4915 13.8703 2
      vertex 68.8902 14.0354 2
    endloop
  endfacet
  facet normal 0 0 1
    outer loop
      vertex 60.2 12 2
      vertex 68.4915 36.9097 2
      vertex 68.1236 37.1352 2
    endloop
  endfacet
  facet normal 0 0 1
    outer loop
      vertex 68.4915 36.9097 2
      vertex 60.2 12 2
      vertex 68.4915 13.8703 2
    endloop
  endfacet
  facet normal 0 0 1
    outer loop
      vertex 60.2 12 2
      vertex 68.1236 37.1352 2
      vertex 67.7955 37.4155 2
    endloop
  endfacet
  facet normal 0 0 1
    outer loop
      vertex 68.4915 13.8703 2
      vertex 60.2 12 2
      vertex 68.1236 13.6448 2
    endloop
  endfacet
  facet normal 0 0 1
    outer loop
      vertex 60.2 12 2
      vertex 67.7955 37.4155 2
      vertex 67.5152 37.7436 2
    endloop
  endfacet
  facet normal 0 0 1
    outer loop
      vertex 68.1236 13.6448 2
      vertex 60.2 12 2
      vertex 67.7955 13.3645 2
    endloop
  endfacet
  facet normal 0 0 1
    outer loop
      vertex 60.2 12 2
      vertex 67.5152 37.7436 2
      vertex 67.2897 38.1115 2
    endloop
  endfacet
  facet normal 0 0 1
    outer loop
      vertex 67.7955 13.3645 2
      vertex 60.2 12 2
      vertex 67.5152 13.0364 2
    endloop
  endfacet
  facet normal 0 0 1
    outer loop
      vertex 60.2 12 2
      vertex 67.2897 38.1115 2
      vertex 67.1246 38.5102 2
    endloop
  endfacet
  facet normal 0 0 1
    outer loop
      vertex 67.5152 13.0364 2
      vertex 60.2 12 2
      vertex 67.2897 12.6685 2
    endloop
  endfacet
  facet normal 0 0 1
    outer loop
      vertex 60.2 49 2
      vertex 67.1246 38.5102 2
      vertex 67.0239 38.9298 2
    endloop
  endfacet
  facet normal 0 0 1
    outer loop
      vertex 67.2897 12.6685 2
      vertex 60.2 12 2
      vertex 67.1246 12.2698 2
    endloop
  endfacet
  facet normal 0 0 1
    outer loop
      vertex 60.2 49 2
      vertex 67.0239 38.9298 2
      vertex 66.99 39.36 2
    endloop
  endfacet
  facet normal 0 0 1
    outer loop
      vertex 67.1246 12.2698 2
      vertex 60.2 12 2
      vertex 67.0239 11.8502 2
    endloop
  endfacet
  facet normal 0 0 1
    outer loop
      vertex 72 59 2
      vertex 74 57 2
      vertex 73.9754 57.3129 2
    endloop
  endfacet
  facet normal 0 0 1
    outer loop
      vertex 74 57 2
      vertex 72.49 39.36 2
      vertex 74 4 2
    endloop
  endfacet
  facet normal 0 0 1
    outer loop
      vertex 72 59 2
      vertex 73.9754 57.3129 2
      vertex 73.9021 57.618 2
    endloop
  endfacet
  facet normal -0 0 1
    outer loop
      vertex 72.4561 38.9298 2
      vertex 74 4 2
      vertex 72.49 39.36 2
    endloop
  endfacet
  facet normal 0 0 1
    outer loop
      vertex 72 59 2
      vertex 73.9021 57.618 2
      vertex 73.782 57.908 2
    endloop
  endfacet
  facet normal -0 0 1
    outer loop
      vertex 72.4561 10.9898 2
      vertex 74 4 2
      vertex 72.49 11.42 2
    endloop
  endfacet
  facet normal 0 0 1
    outer loop
      vertex 72 59 2
      vertex 73.782 57.908 2
      vertex 73.618 58.1756 2
    endloop
  endfacet
  facet normal -0 0 1
    outer loop
      vertex 72.3554 10.5702 2
      vertex 74 4 2
      vertex 72.4561 10.9898 2
    endloop
  endfacet
  facet normal 0 0 1
    outer loop
      vertex 72 59 2
      vertex 73.618 58.1756 2
      vertex 73.4142 58.4142 2
    endloop
  endfacet
  facet normal -0 0 1
    outer loop
      vertex 72.1903 10.1715 2
      vertex 74 4 2
      vertex 72.3554 10.5702 2
    endloop
  endfacet
  facet normal 0 0 1
    outer loop
      vertex 72 59 2
      vertex 73.4142 58.4142 2
      vertex 73.1756 58.618 2
    endloop
  endfacet
  facet normal -0 0 1
    outer loop
      vertex 71.9648 9.80359 2
      vertex 74 4 2
      vertex 72.1903 10.1715 2
    endloop
  endfacet
  facet normal 0 0 1
    outer loop
      vertex 72 59 2
      vertex 73.1756 58.618 2
      vertex 72.908 58.782 2
    endloop
  endfacet
  facet normal -0 0 1
    outer loop
      vertex 71.6845 9.47546 2
      vertex 74 4 2
      vertex 71.9648 9.80359 2
    endloop
  endfacet
  facet normal 0 0 1
    outer loop
      vertex 72 59 2
      vertex 72.908 58.782 2
      vertex 72.618 58.9021 2
    endloop
  endfacet
  facet normal -0 0 1
    outer loop
      vertex 71.3564 9.1952 2
      vertex 74 4 2
      vertex 71.6845 9.47546 2
    endloop
  endfacet
  facet normal -0 0 1
    outer loop
      vertex 70.9885 8.96973 2
      vertex 74 4 2
      vertex 71.3564 9.1952 2
    endloop
  endfacet
  facet normal 0 0 1
    outer loop
      vertex 74 57 2
      vertex 72.4561 39.7902 2
      vertex 72.49 39.36 2
    endloop
  endfacet
  facet normal 0 0 1
    outer loop
      vertex 74 57 2
      vertex 72.3554 40.2098 2
      vertex 72.4561 39.7902 2
    endloop
  endfacet
  facet normal 0 0 1
    outer loop
      vertex 72 59 2
      vertex 72.618 58.9021 2
      vertex 72.3129 58.9754 2
    endloop
  endfacet
  facet normal 0 0 1
    outer loop
      vertex 74 57 2
      vertex 72.1903 40.6085 2
      vertex 72.3554 40.2098 2
    endloop
  endfacet
  facet normal 0 0 1
    outer loop
      vertex 74 57 2
      vertex 72 59 2
      vertex 60.2 49 2
    endloop
  endfacet
  facet normal 0 0 1
    outer loop
      vertex 74 57 2
      vertex 71.9648 40.9764 2
      vertex 72.1903 40.6085 2
    endloop
  endfacet
  facet normal 0 0 1
    outer loop
      vertex 74 57 2
      vertex 71.6845 41.3045 2
      vertex 71.9648 40.9764 2
    endloop
  endfacet
  facet normal 0 0 1
    outer loop
      vertex 74 57 2
      vertex 71.3564 41.5848 2
      vertex 71.6845 41.3045 2
    endloop
  endfacet
  facet normal 0 0 1
    outer loop
      vertex 74 57 2
      vertex 70.9885 41.8103 2
      vertex 71.3564 41.5848 2
    endloop
  endfacet
  facet normal 0 0 1
    outer loop
      vertex 74 57 2
      vertex 70.5898 41.9754 2
      vertex 70.9885 41.8103 2
    endloop
  endfacet
  facet normal 0 0 1
    outer loop
      vertex 74 57 2
      vertex 70.1702 42.0761 2
      vertex 70.5898 41.9754 2
    endloop
  endfacet
  facet normal 0 0 1
    outer loop
      vertex 74 57 2
      vertex 69.74 42.11 2
      vertex 70.1702 42.0761 2
    endloop
  endfacet
  facet normal 0 0 1
    outer loop
      vertex 74 57 2
      vertex 69.3098 42.0761 2
      vertex 69.74 42.11 2
    endloop
  endfacet
  facet normal 0 0 1
    outer loop
      vertex 74 57 2
      vertex 60.2 49 2
      vertex 69.3098 42.0761 2
    endloop
  endfacet
  facet normal 0 0 1
    outer loop
      vertex 69.3098 42.0761 2
      vertex 60.2 49 2
      vertex 68.8902 41.9754 2
    endloop
  endfacet
  facet normal 0 0 1
    outer loop
      vertex 68.8902 41.9754 2
      vertex 60.2 49 2
      vertex 68.4915 41.8103 2
    endloop
  endfacet
  facet normal 0 0 1
    outer loop
      vertex 68.4915 41.8103 2
      vertex 60.2 49 2
      vertex 68.1236 41.5848 2
    endloop
  endfacet
  facet normal 0 0 1
    outer loop
      vertex 68.1236 41.5848 2
      vertex 60.2 49 2
      vertex 67.7955 41.3045 2
    endloop
  endfacet
  facet normal 0 0 1
    outer loop
      vertex 67.7955 41.3045 2
      vertex 60.2 49 2
      vertex 67.5152 40.9764 2
    endloop
  endfacet
  facet normal 0 0 1
    outer loop
      vertex 67.5152 40.9764 2
      vertex 60.2 49 2
      vertex 67.2897 40.6085 2
    endloop
  endfacet
  facet normal 0 0 1
    outer loop
      vertex 67.1246 38.5102 2
      vertex 60.2 49 2
      vertex 60.2 12 2
    endloop
  endfacet
  facet normal 0 0 1
    outer loop
      vertex 67.0239 39.7902 2
      vertex 60.2 49 2
      vertex 66.99 39.36 2
    endloop
  endfacet
  facet normal 0 0 1
    outer loop
      vertex 67.1246 40.2098 2
      vertex 60.2 49 2
      vertex 67.0239 39.7902 2
    endloop
  endfacet
  facet normal 0 0 1
    outer loop
      vertex 67.2897 40.6085 2
      vertex 60.2 49 2
      vertex 67.1246 40.2098 2
    endloop
  endfacet
  facet normal 0 0 1
    outer loop
      vertex 72 59 2
      vertex 58 49 2
      vertex 60.2 49 2
    endloop
  endfacet
  facet normal 0 0 1
    outer loop
      vertex 58 49 2
      vertex 52.2 49 2
      vertex 58 12 2
    endloop
  endfacet
  facet normal 0 0 1
    outer loop
      vertex 72 59 2
      vertex 52.2 49 2
      vertex 58 49 2
    endloop
  endfacet
  facet normal 0 0 1
    outer loop
      vertex 72 59 2
      vertex 50 49 2
      vertex 52.2 49 2
    endloop
  endfacet
  facet normal 0 0 1
    outer loop
      vertex 50 49 2
      vertex 44.2 49 2
      vertex 50 12 2
    endloop
  endfacet
  facet normal 0 0 1
    outer loop
      vertex 72 59 2
      vertex 44.2 49 2
      vertex 50 49 2
    endloop
  endfacet
  facet normal -0 0 1
    outer loop
      vertex 23.0964 56.8248 2
      vertex 44.2 49 2
      vertex 72 59 2
    endloop
  endfacet
  facet normal 0 0 1
    outer loop
      vertex 42 49 2
      vertex 36.2 49 2
      vertex 42 12 2
    endloop
  endfacet
  facet normal -0 -0 1
    outer loop
      vertex 23.4245 56.5445 2
      vertex 44.2 49 2
      vertex 23.0964 56.8248 2
    endloop
  endfacet
  facet normal -0 -0 1
    outer loop
      vertex 23.7048 56.2164 2
      vertex 42 49 2
      vertex 23.4245 56.5445 2
    endloop
  endfacet
  facet normal 0 0 1
    outer loop
      vertex 34 49 2
      vertex 28.2 49 2
      vertex 34 12 2
    endloop
  endfacet
  facet normal 0 0 1
    outer loop
      vertex 42 49 2
      vertex 23.7048 56.2164 2
      vertex 36.2 49 2
    endloop
  endfacet
  facet normal -0 -0 1
    outer loop
      vertex 24.0954 55.4498 2
      vertex 34 49 2
      vertex 23.9303 55.8485 2
    endloop
  endfacet
  facet normal -0 0 1
    outer loop
      vertex 24.0954 53.7502 2
      vertex 28.2 49 2
      vertex 24.1961 54.1698 2
    endloop
  endfacet
  facet normal 0 0 1
    outer loop
      vertex 34 49 2
      vertex 24.23 54.6 2
      vertex 28.2 49 2
    endloop
  endfacet
  facet normal -0 0 1
    outer loop
      vertex 24.1961 54.1698 2
      vertex 28.2 49 2
      vertex 24.23 54.6 2
    endloop
  endfacet
  facet normal -0 -0 1
    outer loop
      vertex 24.23 54.6 2
      vertex 34 49 2
      vertex 24.1961 55.0302 2
    endloop
  endfacet
  facet normal -0 -0 1
    outer loop
      vertex 24.1961 55.0302 2
      vertex 34 49 2
      vertex 24.0954 55.4498 2
    endloop
  endfacet
  facet normal 0 0 1
    outer loop
      vertex 36.2 49 2
      vertex 23.9303 55.8485 2
      vertex 34 49 2
    endloop
  endfacet
  facet normal -0 -0 1
    outer loop
      vertex 23.9303 55.8485 2
      vertex 36.2 49 2
      vertex 23.7048 56.2164 2
    endloop
  endfacet
  facet normal 0 0 1
    outer loop
      vertex 44.2 49 2
      vertex 23.4245 56.5445 2
      vertex 42 49 2
    endloop
  endfacet
  facet normal 0 0 1
    outer loop
      vertex 72 59 2
      vertex 22.7285 57.0503 2
      vertex 23.0964 56.8248 2
    endloop
  endfacet
  facet normal 0 0 1
    outer loop
      vertex 72 59 2
      vertex 22.3298 57.2154 2
      vertex 22.7285 57.0503 2
    endloop
  endfacet
  facet normal 0 0 1
    outer loop
      vertex 72 59 2
      vertex 21.9102 57.3161 2
      vertex 22.3298 57.2154 2
    endloop
  endfacet
  facet normal 0 0 1
    outer loop
      vertex 72 59 2
      vertex 21.48 57.35 2
      vertex 21.9102 57.3161 2
    endloop
  endfacet
  facet normal 0 0 1
    outer loop
      vertex 4 59 2
      vertex 18.73 54.6 2
      vertex 18.7639 55.0302 2
    endloop
  endfacet
  facet normal -0 0 1
    outer loop
      vertex 8.69027 20.2885 2
      vertex 18 12 2
      vertex 18 49 2
    endloop
  endfacet
  facet normal 0 0 1
    outer loop
      vertex 18.7639 54.1698 2
      vertex 4 59 2
      vertex 18 49 2
    endloop
  endfacet
  facet normal 0 0 1
    outer loop
      vertex 4 59 2
      vertex 18.7639 55.0302 2
      vertex 18.8646 55.4498 2
    endloop
  endfacet
  facet normal 0 0 1
    outer loop
      vertex 18 12 2
      vertex 8.95614 19.4702 2
      vertex 8.99 19.04 2
    endloop
  endfacet
  facet normal 0 0 1
    outer loop
      vertex 18 12 2
      vertex 8.8554 19.8898 2
      vertex 8.95614 19.4702 2
    endloop
  endfacet
  facet normal 0 0 1
    outer loop
      vertex 18 12 2
      vertex 8.69027 20.2885 2
      vertex 8.8554 19.8898 2
    endloop
  endfacet
  facet normal 0 0 1
    outer loop
      vertex 18 49 2
      vertex 8.4648 20.6564 2
      vertex 8.69027 20.2885 2
    endloop
  endfacet
  facet normal 0 0 1
    outer loop
      vertex 18 49 2
      vertex 8.18454 20.9845 2
      vertex 8.4648 20.6564 2
    endloop
  endfacet
  facet normal 0 0 1
    outer loop
      vertex 18 49 2
      vertex 7.85641 21.2648 2
      vertex 8.18454 20.9845 2
    endloop
  endfacet
  facet normal 0 0 1
    outer loop
      vertex 18 49 2
      vertex 7.48847 21.4903 2
      vertex 7.85641 21.2648 2
    endloop
  endfacet
  facet normal 0 0 1
    outer loop
      vertex 18 49 2
      vertex 7.0898 21.6554 2
      vertex 7.48847 21.4903 2
    endloop
  endfacet
  facet normal 0 0 1
    outer loop
      vertex 18 49 2
      vertex 6.67019 21.7561 2
      vertex 7.0898 21.6554 2
    endloop
  endfacet
  facet normal 0 -0 1
    outer loop
      vertex 5.80981 21.7561 2
      vertex 18 49 2
      vertex 2 57 2
    endloop
  endfacet
  facet normal 0 0 1
    outer loop
      vertex 18 49 2
      vertex 6.24 21.79 2
      vertex 6.67019 21.7561 2
    endloop
  endfacet
  facet normal 0 0 1
    outer loop
      vertex 18 49 2
      vertex 5.80981 21.7561 2
      vertex 6.24 21.79 2
    endloop
  endfacet
  facet normal 0 0 1
    outer loop
      vertex 5.80981 21.7561 2
      vertex 2 57 2
      vertex 5.3902 21.6554 2
    endloop
  endfacet
  facet normal 0 0 1
    outer loop
      vertex 5.3902 21.6554 2
      vertex 2 57 2
      vertex 4.99153 21.4903 2
    endloop
  endfacet
  facet normal 0 0 1
    outer loop
      vertex 4 59 2
      vertex 18.8646 55.4498 2
      vertex 19.0297 55.8485 2
    endloop
  endfacet
  facet normal 0 0 1
    outer loop
      vertex 4.99153 21.4903 2
      vertex 2 57 2
      vertex 4.62359 21.2648 2
    endloop
  endfacet
  facet normal 0 0 1
    outer loop
      vertex 4.62359 21.2648 2
      vertex 2 57 2
      vertex 4.29546 20.9845 2
    endloop
  endfacet
  facet normal -0 0 1
    outer loop
      vertex 4 59 2
      vertex 21.48 57.35 2
      vertex 72 59 2
    endloop
  endfacet
  facet normal 0 0 1
    outer loop
      vertex 4 59 2
      vertex 21.0498 57.3161 2
      vertex 21.48 57.35 2
    endloop
  endfacet
  facet normal 0 0 1
    outer loop
      vertex 4 59 2
      vertex 20.6302 57.2154 2
      vertex 21.0498 57.3161 2
    endloop
  endfacet
  facet normal 0 0 1
    outer loop
      vertex 4 59 2
      vertex 20.2315 57.0503 2
      vertex 20.6302 57.2154 2
    endloop
  endfacet
  facet normal 0 0 1
    outer loop
      vertex 4 59 2
      vertex 19.8636 56.8248 2
      vertex 20.2315 57.0503 2
    endloop
  endfacet
  facet normal 0 0 1
    outer loop
      vertex 4 59 2
      vertex 19.5355 56.5445 2
      vertex 19.8636 56.8248 2
    endloop
  endfacet
  facet normal 0 0 1
    outer loop
      vertex 4 59 2
      vertex 19.2552 56.2164 2
      vertex 19.5355 56.5445 2
    endloop
  endfacet
  facet normal 0 0 1
    outer loop
      vertex 4 59 2
      vertex 19.0297 55.8485 2
      vertex 19.2552 56.2164 2
    endloop
  endfacet
  facet normal 0 0 1
    outer loop
      vertex 18 49 2
      vertex 4 59 2
      vertex 2 57 2
    endloop
  endfacet
  facet normal 0 0 1
    outer loop
      vertex 4.29546 20.9845 2
      vertex 2 57 2
      vertex 4.0152 20.6564 2
    endloop
  endfacet
  facet normal 0 0 1
    outer loop
      vertex 2 57 2
      vertex 4 59 2
      vertex 3.68712 58.9754 2
    endloop
  endfacet
  facet normal 0 0 1
    outer loop
      vertex 4.0152 20.6564 2
      vertex 2 57 2
      vertex 3.78973 20.2885 2
    endloop
  endfacet
  facet normal 0 0 1
    outer loop
      vertex 3.78973 20.2885 2
      vertex 2 57 2
      vertex 3.62459 19.8898 2
    endloop
  endfacet
  facet normal 0 0 1
    outer loop
      vertex 3.62459 19.8898 2
      vertex 2 57 2
      vertex 3.52386 19.4702 2
    endloop
  endfacet
  facet normal 0 0 1
    outer loop
      vertex 2 57 2
      vertex 3.68712 58.9754 2
      vertex 3.38196 58.9021 2
    endloop
  endfacet
  facet normal -0 0 1
    outer loop
      vertex 70.5898 8.80459 2
      vertex 74 4 2
      vertex 70.9885 8.96973 2
    endloop
  endfacet
  facet normal -0 0 1
    outer loop
      vertex 70.1702 8.70386 2
      vertex 74 4 2
      vertex 70.5898 8.80459 2
    endloop
  endfacet
  facet normal 0 -0 1
    outer loop
      vertex 72 2 2
      vertex 74 4 2
      vertex 70.1702 8.70386 2
    endloop
  endfacet
  facet normal 0 0 1
    outer loop
      vertex 74 4 2
      vertex 72 2 2
      vertex 73.9754 3.68712 2
    endloop
  endfacet
  facet normal 0 0 1
    outer loop
      vertex 73.9021 3.38196 2
      vertex 72 2 2
      vertex 73.782 3.09201 2
    endloop
  endfacet
  facet normal 0 0 1
    outer loop
      vertex 73.782 3.09201 2
      vertex 72 2 2
      vertex 73.618 2.82442 2
    endloop
  endfacet
  facet normal 0 0 1
    outer loop
      vertex 73.618 2.82442 2
      vertex 72 2 2
      vertex 73.4142 2.58578 2
    endloop
  endfacet
  facet normal 0 0 1
    outer loop
      vertex 73.4142 2.58578 2
      vertex 72 2 2
      vertex 73.1756 2.38196 2
    endloop
  endfacet
  facet normal 0 0 1
    outer loop
      vertex 73.1756 2.38196 2
      vertex 72 2 2
      vertex 72.908 2.21797 2
    endloop
  endfacet
  facet normal 0 0 1
    outer loop
      vertex 72.908 2.21797 2
      vertex 72 2 2
      vertex 72.618 2.09789 2
    endloop
  endfacet
  facet normal 0 0 1
    outer loop
      vertex 72.618 2.09789 2
      vertex 72 2 2
      vertex 72.3129 2.02461 2
    endloop
  endfacet
  facet normal 0 0 1
    outer loop
      vertex 73.9754 3.68712 2
      vertex 72 2 2
      vertex 73.9021 3.38196 2
    endloop
  endfacet
  facet normal -0 0 1
    outer loop
      vertex 69.74 8.67 2
      vertex 72 2 2
      vertex 70.1702 8.70386 2
    endloop
  endfacet
  facet normal 0 0 1
    outer loop
      vertex 69.3098 8.70386 2
      vertex 72 2 2
      vertex 69.74 8.67 2
    endloop
  endfacet
  facet normal 0 0 1
    outer loop
      vertex 68.8902 8.80459 2
      vertex 72 2 2
      vertex 69.3098 8.70386 2
    endloop
  endfacet
  facet normal 0 0 1
    outer loop
      vertex 68.4915 8.96973 2
      vertex 72 2 2
      vertex 68.8902 8.80459 2
    endloop
  endfacet
  facet normal 0 0 1
    outer loop
      vertex 68.1236 9.1952 2
      vertex 72 2 2
      vertex 68.4915 8.96973 2
    endloop
  endfacet
  facet normal 0 0 1
    outer loop
      vertex 60.2 12 2
      vertex 68.1236 9.1952 2
      vertex 67.7955 9.47546 2
    endloop
  endfacet
  facet normal 0 0 1
    outer loop
      vertex 60.2 12 2
      vertex 67.7955 9.47546 2
      vertex 67.5152 9.80359 2
    endloop
  endfacet
  facet normal 0 0 1
    outer loop
      vertex 60.2 12 2
      vertex 67.5152 9.80359 2
      vertex 67.2897 10.1715 2
    endloop
  endfacet
  facet normal 0 0 1
    outer loop
      vertex 67.0239 11.8502 2
      vertex 60.2 12 2
      vertex 66.99 11.42 2
    endloop
  endfacet
  facet normal 0 0 1
    outer loop
      vertex 66.99 11.42 2
      vertex 60.2 12 2
      vertex 67.0239 10.9898 2
    endloop
  endfacet
  facet normal 0 0 1
    outer loop
      vertex 60.2 12 2
      vertex 67.1246 10.5702 2
      vertex 67.0239 10.9898 2
    endloop
  endfacet
  facet normal 0 0 1
    outer loop
      vertex 60.2 12 2
      vertex 67.2897 10.1715 2
      vertex 67.1246 10.5702 2
    endloop
  endfacet
  facet normal 0 0 1
    outer loop
      vertex 68.1236 9.1952 2
      vertex 60.2 12 2
      vertex 72 2 2
    endloop
  endfacet
  facet normal -0 0 1
    outer loop
      vertex 58 12 2
      vertex 72 2 2
      vertex 60.2 12 2
    endloop
  endfacet
  facet normal 0 0 1
    outer loop
      vertex 52.2 12 2
      vertex 58 12 2
      vertex 52.2 49 2
    endloop
  endfacet
  facet normal -0 0 1
    outer loop
      vertex 52.2 12 2
      vertex 72 2 2
      vertex 58 12 2
    endloop
  endfacet
  facet normal -0 0 1
    outer loop
      vertex 50 12 2
      vertex 72 2 2
      vertex 52.2 12 2
    endloop
  endfacet
  facet normal 0 0 1
    outer loop
      vertex 44.2 12 2
      vertex 50 12 2
      vertex 44.2 49 2
    endloop
  endfacet
  facet normal -0 0 1
    outer loop
      vertex 44.2 12 2
      vertex 72 2 2
      vertex 50 12 2
    endloop
  endfacet
  facet normal -0 0 1
    outer loop
      vertex 42 12 2
      vertex 72 2 2
      vertex 44.2 12 2
    endloop
  endfacet
  facet normal 0 0 1
    outer loop
      vertex 36.2 12 2
      vertex 42 12 2
      vertex 36.2 49 2
    endloop
  endfacet
  facet normal -0 0 1
    outer loop
      vertex 36.2 12 2
      vertex 72 2 2
      vertex 42 12 2
    endloop
  endfacet
  facet normal 0 0 1
    outer loop
      vertex 4 2 2
      vertex 36.2 12 2
      vertex 34 12 2
    endloop
  endfacet
  facet normal 0 0 1
    outer loop
      vertex 28.2 12 2
      vertex 34 12 2
      vertex 28.2 49 2
    endloop
  endfacet
  facet normal 0 0 1
    outer loop
      vertex 4 2 2
      vertex 34 12 2
      vertex 28.2 12 2
    endloop
  endfacet
  facet normal 0 0 1
    outer loop
      vertex 4 2 2
      vertex 28.2 12 2
      vertex 26 12 2
    endloop
  endfacet
  facet normal -0 0 1
    outer loop
      vertex 23.9303 53.3515 2
      vertex 28.2 49 2
      vertex 24.0954 53.7502 2
    endloop
  endfacet
  facet normal 0 0 1
    outer loop
      vertex 28.2 49 2
      vertex 23.9303 53.3515 2
      vertex 26 49 2
    endloop
  endfacet
  facet normal -0 0 1
    outer loop
      vertex 23.7048 52.9836 2
      vertex 26 49 2
      vertex 23.9303 53.3515 2
    endloop
  endfacet
  facet normal -0 0 1
    outer loop
      vertex 23.4245 52.6555 2
      vertex 26 49 2
      vertex 23.7048 52.9836 2
    endloop
  endfacet
  facet normal -0 0 1
    outer loop
      vertex 23.0964 52.3752 2
      vertex 26 49 2
      vertex 23.4245 52.6555 2
    endloop
  endfacet
  facet normal -0 0 1
    outer loop
      vertex 22.7285 52.1497 2
      vertex 26 49 2
      vertex 23.0964 52.3752 2
    endloop
  endfacet
  facet normal -0 0 1
    outer loop
      vertex 22.3298 51.9846 2
      vertex 26 49 2
      vertex 22.7285 52.1497 2
    endloop
  endfacet
  facet normal 0 0 1
    outer loop
      vertex 26 49 2
      vertex 22.3298 51.9846 2
      vertex 20.2 49 2
    endloop
  endfacet
  facet normal 0 0 1
    outer loop
      vertex 20.2 49 2
      vertex 22.3298 51.9846 2
      vertex 21.9102 51.8839 2
    endloop
  endfacet
  facet normal 0 0 1
    outer loop
      vertex 20.2 49 2
      vertex 21.9102 51.8839 2
      vertex 21.48 51.85 2
    endloop
  endfacet
  facet normal 0 0 1
    outer loop
      vertex 20.2 49 2
      vertex 21.48 51.85 2
      vertex 21.0498 51.8839 2
    endloop
  endfacet
  facet normal 0 0 1
    outer loop
      vertex 20.2 49 2
      vertex 21.0498 51.8839 2
      vertex 20.6302 51.9846 2
    endloop
  endfacet
  facet normal 0 0 1
    outer loop
      vertex 20.2 49 2
      vertex 20.6302 51.9846 2
      vertex 20.2315 52.1497 2
    endloop
  endfacet
  facet normal 0 0 1
    outer loop
      vertex 26 49 2
      vertex 20.2 49 2
      vertex 26 12 2
    endloop
  endfacet
  facet normal 0 0 1
    outer loop
      vertex 20.2 12 2
      vertex 26 12 2
      vertex 20.2 49 2
    endloop
  endfacet
  facet normal 0 0 1
    outer loop
      vertex 4 2 2
      vertex 26 12 2
      vertex 20.2 12 2
    endloop
  endfacet
  facet normal 0 0 1
    outer loop
      vertex 4 2 2
      vertex 20.2 12 2
      vertex 18 12 2
    endloop
  endfacet
  facet normal -0 0 1
    outer loop
      vertex 8.95614 18.6098 2
      vertex 18 12 2
      vertex 8.99 19.04 2
    endloop
  endfacet
  facet normal -0 0 1
    outer loop
      vertex 8.8554 18.1902 2
      vertex 18 12 2
      vertex 8.95614 18.6098 2
    endloop
  endfacet
  facet normal -0 0 1
    outer loop
      vertex 8.69027 17.7915 2
      vertex 18 12 2
      vertex 8.8554 18.1902 2
    endloop
  endfacet
  facet normal -0 0 1
    outer loop
      vertex 8.4648 17.4236 2
      vertex 18 12 2
      vertex 8.69027 17.7915 2
    endloop
  endfacet
  facet normal -0 0 1
    outer loop
      vertex 8.18454 17.0955 2
      vertex 18 12 2
      vertex 8.4648 17.4236 2
    endloop
  endfacet
  facet normal -0 0 1
    outer loop
      vertex 7.85641 16.8152 2
      vertex 18 12 2
      vertex 8.18454 17.0955 2
    endloop
  endfacet
  facet normal -0 0 1
    outer loop
      vertex 7.48847 16.5897 2
      vertex 18 12 2
      vertex 7.85641 16.8152 2
    endloop
  endfacet
  facet normal -0 0 1
    outer loop
      vertex 7.0898 16.4246 2
      vertex 18 12 2
      vertex 7.48847 16.5897 2
    endloop
  endfacet
  facet normal 0 0 1
    outer loop
      vertex 4 2 2
      vertex 7.0898 16.4246 2
      vertex 6.67019 16.3239 2
    endloop
  endfacet
  facet normal 0 0 1
    outer loop
      vertex 2 4 2
      vertex 6.67019 16.3239 2
      vertex 6.24 16.29 2
    endloop
  endfacet
  facet normal 0 0 1
    outer loop
      vertex 2 4 2
      vertex 6.24 16.29 2
      vertex 5.80981 16.3239 2
    endloop
  endfacet
  facet normal 0 0 1
    outer loop
      vertex 2 4 2
      vertex 5.80981 16.3239 2
      vertex 5.3902 16.4246 2
    endloop
  endfacet
  facet normal 0 0 1
    outer loop
      vertex 36.2 12 2
      vertex 4 2 2
      vertex 72 2 2
    endloop
  endfacet
  facet normal 0 0 1
    outer loop
      vertex 7.0898 16.4246 2
      vertex 4 2 2
      vertex 18 12 2
    endloop
  endfacet
  facet normal 0 0 1
    outer loop
      vertex 2 4 2
      vertex 5.3902 16.4246 2
      vertex 4.99153 16.5897 2
    endloop
  endfacet
  facet normal 0 0 1
    outer loop
      vertex 2 4 2
      vertex 4.99153 16.5897 2
      vertex 4.62359 16.8152 2
    endloop
  endfacet
  facet normal 0 0 1
    outer loop
      vertex 2 4 2
      vertex 4.62359 16.8152 2
      vertex 4.29546 17.0955 2
    endloop
  endfacet
  facet normal 0 0 1
    outer loop
      vertex 2 4 2
      vertex 4.29546 17.0955 2
      vertex 4.0152 17.4236 2
    endloop
  endfacet
  facet normal 0 0 1
    outer loop
      vertex 2 4 2
      vertex 4.0152 17.4236 2
      vertex 3.78973 17.7915 2
    endloop
  endfacet
  facet normal 0 0 1
    outer loop
      vertex 6.67019 16.3239 2
      vertex 2 4 2
      vertex 4 2 2
    endloop
  endfacet
  facet normal 0 0 1
    outer loop
      vertex 2 4 2
      vertex 3.78973 17.7915 2
      vertex 3.62459 18.1902 2
    endloop
  endfacet
  facet normal 0 0 1
    outer loop
      vertex 2 4 2
      vertex 3.62459 18.1902 2
      vertex 3.52386 18.6098 2
    endloop
  endfacet
  facet normal 0 0 1
    outer loop
      vertex 2 4 2
      vertex 3.52386 18.6098 2
      vertex 3.49 19.04 2
    endloop
  endfacet
  facet normal 0 0 1
    outer loop
      vertex 4 2 2
      vertex 2 4 2
      vertex 3.68712 2.02461 2
    endloop
  endfacet
  facet normal 0 0 1
    outer loop
      vertex 3.52386 19.4702 2
      vertex 2 57 2
      vertex 3.49 19.04 2
    endloop
  endfacet
  facet normal 0 0 1
    outer loop
      vertex 2 57 2
      vertex 3.38196 58.9021 2
      vertex 3.09201 58.782 2
    endloop
  endfacet
  facet normal 0 0 1
    outer loop
      vertex 2 4 2
      vertex 3.49 19.04 2
      vertex 2 57 2
    endloop
  endfacet
  facet normal 0 0 1
    outer loop
      vertex 2 57 2
      vertex 3.09201 58.782 2
      vertex 2.82442 58.618 2
    endloop
  endfacet
  facet normal 0 0 1
    outer loop
      vertex 3.68712 2.02461 2
      vertex 2 4 2
      vertex 3.38196 2.09789 2
    endloop
  endfacet
  facet normal 0 0 1
    outer loop
      vertex 2 57 2
      vertex 2.82442 58.618 2
      vertex 2.58578 58.4142 2
    endloop
  endfacet
  facet normal 0 0 1
    outer loop
      vertex 3.38196 2.09789 2
      vertex 2 4 2
      vertex 3.09201 2.21797 2
    endloop
  endfacet
  facet normal 0 0 1
    outer loop
      vertex 2 57 2
      vertex 2.58578 58.4142 2
      vertex 2.38196 58.1756 2
    endloop
  endfacet
  facet normal 0 0 1
    outer loop
      vertex 3.09201 2.21797 2
      vertex 2 4 2
      vertex 2.82442 2.38196 2
    endloop
  endfacet
  facet normal 0 0 1
    outer loop
      vertex 2 57 2
      vertex 2.38196 58.1756 2
      vertex 2.21797 57.908 2
    endloop
  endfacet
  facet normal 0 0 1
    outer loop
      vertex 2.82442 2.38196 2
      vertex 2 4 2
      vertex 2.58578 2.58578 2
    endloop
  endfacet
  facet normal 0 0 1
    outer loop
      vertex 2 57 2
      vertex 2.21797 57.908 2
      vertex 2.09789 57.618 2
    endloop
  endfacet
  facet normal 0 0 1
    outer loop
      vertex 2.58578 2.58578 2
      vertex 2 4 2
      vertex 2.38196 2.82442 2
    endloop
  endfacet
  facet normal 0 0 1
    outer loop
      vertex 2 57 2
      vertex 2.09789 57.618 2
      vertex 2.02461 57.3129 2
    endloop
  endfacet
  facet normal 0 0 1
    outer loop
      vertex 2.38196 2.82442 2
      vertex 2 4 2
      vertex 2.21797 3.09201 2
    endloop
  endfacet
  facet normal 0 0 1
    outer loop
      vertex 2.21797 3.09201 2
      vertex 2 4 2
      vertex 2.09789 3.38196 2
    endloop
  endfacet
  facet normal 0 0 1
    outer loop
      vertex 2.09789 3.38196 2
      vertex 2 4 2
      vertex 2.02461 3.68712 2
    endloop
  endfacet
  facet normal -0 0 1
    outer loop
      vertex 0 48.8 5
      vertex 2 34.8 5
      vertex 2 48.8 5
    endloop
  endfacet
  facet normal 0 0 1
    outer loop
      vertex 2 34.8 5
      vertex 0 48.8 5
      vertex 0 34.8 5
    endloop
  endfacet
  facet normal 0 1 -0
    outer loop
      vertex 2 34.8 5
      vertex 0 34.8 10
      vertex 2 34.8 10
    endloop
  endfacet
  facet normal 0 1 0
    outer loop
      vertex 0 34.8 10
      vertex 2 34.8 5
      vertex 0 34.8 5
    endloop
  endfacet
  facet normal 0 -1 0
    outer loop
      vertex 0 48.8 5
      vertex 2 48.8 10
      vertex 0 48.8 10
    endloop
  endfacet
  facet normal 0 -1 -0
    outer loop
      vertex 2 48.8 10
      vertex 0 48.8 5
      vertex 2 48.8 5
    endloop
  endfacet
  facet normal 0 -1 0
    outer loop
      vertex 0 19.8 5
      vertex 2 19.8 10
      vertex 0 19.8 10
    endloop
  endfacet
  facet normal 0 -1 -0
    outer loop
      vertex 2 19.8 10
      vertex 0 19.8 5
      vertex 2 19.8 5
    endloop
  endfacet
  facet normal -0 0 1
    outer loop
      vertex 0 19.8 5
      vertex 2 8.8 5
      vertex 2 19.8 5
    endloop
  endfacet
  facet normal 0 0 1
    outer loop
      vertex 2 8.8 5
      vertex 0 19.8 5
      vertex 0 8.8 5
    endloop
  endfacet
  facet normal 0 1 -0
    outer loop
      vertex 2 8.8 5
      vertex 0 8.8 10
      vertex 2 8.8 10
    endloop
  endfacet
  facet normal 0 1 0
    outer loop
      vertex 0 8.8 10
      vertex 2 8.8 5
      vertex 0 8.8 5
    endloop
  endfacet
  facet normal 0.996917 0.0784649 -8.702e-20
    outer loop
      vertex 8.99 19.04 5
      vertex 8.95614 19.4702 2
      vertex 8.95614 19.4702 5
    endloop
  endfacet
  facet normal 0.996917 0.0784649 -8.702e-20
    outer loop
      vertex 8.95614 19.4702 2
      vertex 8.99 19.04 5
      vertex 8.99 19.04 2
    endloop
  endfacet
  facet normal -0.996917 0.0784649 4.38372e-19
    outer loop
      vertex 3.49 19.04 2
      vertex 3.52386 19.4702 5
      vertex 3.52386 19.4702 2
    endloop
  endfacet
  facet normal -0.996917 0.0784649 4.38372e-19
    outer loop
      vertex 3.52386 19.4702 5
      vertex 3.49 19.04 2
      vertex 3.49 19.04 5
    endloop
  endfacet
  facet normal 0.0785588 0.996909 -0
    outer loop
      vertex 6.67019 21.7561 2
      vertex 6.24 21.79 5
      vertex 6.67019 21.7561 5
    endloop
  endfacet
  facet normal 0.0785588 0.996909 0
    outer loop
      vertex 6.24 21.79 5
      vertex 6.67019 21.7561 2
      vertex 6.24 21.79 2
    endloop
  endfacet
  facet normal 0.649516 0.760348 -0
    outer loop
      vertex 8.18454 20.9845 2
      vertex 7.85641 21.2648 5
      vertex 8.18454 20.9845 5
    endloop
  endfacet
  facet normal 0.649516 0.760348 0
    outer loop
      vertex 7.85641 21.2648 5
      vertex 8.18454 20.9845 2
      vertex 7.85641 21.2648 2
    endloop
  endfacet
  facet normal -0.649516 0.760348 0
    outer loop
      vertex 4.62359 21.2648 2
      vertex 4.29546 20.9845 5
      vertex 4.62359 21.2648 5
    endloop
  endfacet
  facet normal -0.649516 0.760348 0
    outer loop
      vertex 4.29546 20.9845 5
      vertex 4.62359 21.2648 2
      vertex 4.29546 20.9845 2
    endloop
  endfacet
  facet normal -0.382615 0.923908 0
    outer loop
      vertex 5.3902 21.6554 2
      vertex 4.99153 21.4903 5
      vertex 5.3902 21.6554 5
    endloop
  endfacet
  facet normal -0.382615 0.923908 0
    outer loop
      vertex 4.99153 21.4903 5
      vertex 5.3902 21.6554 2
      vertex 4.99153 21.4903 2
    endloop
  endfacet
  facet normal 0.923893 0.38265 1.69062e-18
    outer loop
      vertex 8.8554 19.8898 5
      vertex 8.69027 20.2885 2
      vertex 8.69027 20.2885 5
    endloop
  endfacet
  facet normal 0.923893 0.38265 1.69062e-18
    outer loop
      vertex 8.69027 20.2885 2
      vertex 8.8554 19.8898 5
      vertex 8.8554 19.8898 2
    endloop
  endfacet
  facet normal 0.972368 0.233452 1.9341e-18
    outer loop
      vertex 8.95614 19.4702 5
      vertex 8.8554 19.8898 2
      vertex 8.8554 19.8898 5
    endloop
  endfacet
  facet normal 0.972368 0.233452 1.9341e-18
    outer loop
      vertex 8.8554 19.8898 2
      vertex 8.95614 19.4702 5
      vertex 8.95614 19.4702 2
    endloop
  endfacet
  facet normal 0.852619 0.522533 -3.10419e-18
    outer loop
      vertex 8.69027 20.2885 5
      vertex 8.4648 20.6564 2
      vertex 8.4648 20.6564 5
    endloop
  endfacet
  facet normal 0.852619 0.522533 -3.10419e-18
    outer loop
      vertex 8.4648 20.6564 2
      vertex 8.69027 20.2885 5
      vertex 8.69027 20.2885 2
    endloop
  endfacet
  facet normal 0.382615 0.923908 -0
    outer loop
      vertex 7.48847 21.4903 2
      vertex 7.0898 21.6554 5
      vertex 7.48847 21.4903 5
    endloop
  endfacet
  facet normal 0.382615 0.923908 0
    outer loop
      vertex 7.0898 21.6554 5
      vertex 7.48847 21.4903 2
      vertex 7.0898 21.6554 2
    endloop
  endfacet
  facet normal 0.233359 0.972391 -0
    outer loop
      vertex 7.0898 21.6554 2
      vertex 6.67019 21.7561 5
      vertex 7.0898 21.6554 5
    endloop
  endfacet
  facet normal 0.233359 0.972391 0
    outer loop
      vertex 6.67019 21.7561 5
      vertex 7.0898 21.6554 2
      vertex 6.67019 21.7561 2
    endloop
  endfacet
  facet normal 0.522542 0.852613 -0
    outer loop
      vertex 7.85641 21.2648 2
      vertex 7.48847 21.4903 5
      vertex 7.85641 21.2648 5
    endloop
  endfacet
  facet normal 0.522542 0.852613 0
    outer loop
      vertex 7.48847 21.4903 5
      vertex 7.85641 21.2648 2
      vertex 7.48847 21.4903 2
    endloop
  endfacet
  facet normal -0.852619 0.522533 -5.18238e-18
    outer loop
      vertex 3.78973 20.2885 2
      vertex 4.0152 20.6564 5
      vertex 4.0152 20.6564 2
    endloop
  endfacet
  facet normal -0.852619 0.522533 -5.18238e-18
    outer loop
      vertex 4.0152 20.6564 5
      vertex 3.78973 20.2885 2
      vertex 3.78973 20.2885 5
    endloop
  endfacet
  facet normal -0.760365 0.649496 -5.33407e-18
    outer loop
      vertex 4.0152 20.6564 2
      vertex 4.29546 20.9845 5
      vertex 4.29546 20.9845 2
    endloop
  endfacet
  facet normal -0.760365 0.649496 -5.33407e-18
    outer loop
      vertex 4.29546 20.9845 5
      vertex 4.0152 20.6564 2
      vertex 4.0152 20.6564 5
    endloop
  endfacet
  facet normal -0.923885 0.38267 -1.67491e-19
    outer loop
      vertex 3.62459 19.8898 2
      vertex 3.78973 20.2885 5
      vertex 3.78973 20.2885 2
    endloop
  endfacet
  facet normal -0.923885 0.38267 -1.67491e-19
    outer loop
      vertex 3.78973 20.2885 5
      vertex 3.62459 19.8898 2
      vertex 3.62459 19.8898 5
    endloop
  endfacet
  facet normal -0.522542 0.852613 0
    outer loop
      vertex 4.99153 21.4903 2
      vertex 4.62359 21.2648 5
      vertex 4.99153 21.4903 5
    endloop
  endfacet
  facet normal -0.522542 0.852613 0
    outer loop
      vertex 4.62359 21.2648 5
      vertex 4.99153 21.4903 2
      vertex 4.62359 21.2648 2
    endloop
  endfacet
  facet normal -0.233359 0.972391 0
    outer loop
      vertex 5.80981 21.7561 2
      vertex 5.3902 21.6554 5
      vertex 5.80981 21.7561 5
    endloop
  endfacet
  facet normal -0.233359 0.972391 0
    outer loop
      vertex 5.3902 21.6554 5
      vertex 5.80981 21.7561 2
      vertex 5.3902 21.6554 2
    endloop
  endfacet
  facet normal 0.522542 -0.852613 0
    outer loop
      vertex 7.48847 16.5897 2
      vertex 7.85641 16.8152 5
      vertex 7.48847 16.5897 5
    endloop
  endfacet
  facet normal 0.522542 -0.852613 0
    outer loop
      vertex 7.85641 16.8152 5
      vertex 7.48847 16.5897 2
      vertex 7.85641 16.8152 2
    endloop
  endfacet
  facet normal -0.649516 -0.760348 0
    outer loop
      vertex 4.29546 17.0955 2
      vertex 4.62359 16.8152 5
      vertex 4.29546 17.0955 5
    endloop
  endfacet
  facet normal -0.649516 -0.760348 -0
    outer loop
      vertex 4.62359 16.8152 5
      vertex 4.29546 17.0955 2
      vertex 4.62359 16.8152 2
    endloop
  endfacet
  facet normal -0.382615 -0.923908 0
    outer loop
      vertex 4.99153 16.5897 2
      vertex 5.3902 16.4246 5
      vertex 4.99153 16.5897 5
    endloop
  endfacet
  facet normal -0.382615 -0.923908 -0
    outer loop
      vertex 5.3902 16.4246 5
      vertex 4.99153 16.5897 2
      vertex 5.3902 16.4246 2
    endloop
  endfacet
  facet normal -0.852619 -0.522533 -2.53884e-18
    outer loop
      vertex 4.0152 17.4236 2
      vertex 3.78973 17.7915 5
      vertex 3.78973 17.7915 2
    endloop
  endfacet
  facet normal -0.852619 -0.522533 -2.53884e-18
    outer loop
      vertex 3.78973 17.7915 5
      vertex 4.0152 17.4236 2
      vertex 4.0152 17.4236 5
    endloop
  endfacet
  facet normal 0.760365 0.649496 5.33407e-18
    outer loop
      vertex 8.4648 20.6564 5
      vertex 8.18454 20.9845 2
      vertex 8.18454 20.9845 5
    endloop
  endfacet
  facet normal 0.760365 0.649496 5.33407e-18
    outer loop
      vertex 8.18454 20.9845 2
      vertex 8.4648 20.6564 5
      vertex 8.4648 20.6564 2
    endloop
  endfacet
  facet normal -0.972374 0.23343 -5.60081e-19
    outer loop
      vertex 3.52386 19.4702 2
      vertex 3.62459 19.8898 5
      vertex 3.62459 19.8898 2
    endloop
  endfacet
  facet normal -0.972374 0.23343 -5.60081e-19
    outer loop
      vertex 3.62459 19.8898 5
      vertex 3.52386 19.4702 2
      vertex 3.52386 19.4702 5
    endloop
  endfacet
  facet normal 0 0 1
    outer loop
      vertex 7.49 19.04 5
      vertex 8.99 19.04 5
      vertex 8.95614 19.4702 5
    endloop
  endfacet
  facet normal 0 0 1
    outer loop
      vertex 7.47461 19.2355 5
      vertex 8.95614 19.4702 5
      vertex 8.8554 19.8898 5
    endloop
  endfacet
  facet normal 0 0 1
    outer loop
      vertex 8.99 19.04 5
      vertex 7.49 19.04 5
      vertex 8.95614 18.6098 5
    endloop
  endfacet
  facet normal 0 0 1
    outer loop
      vertex 7.42882 19.4263 5
      vertex 8.8554 19.8898 5
      vertex 8.69027 20.2885 5
    endloop
  endfacet
  facet normal -0 0 1
    outer loop
      vertex 7.47461 18.8445 5
      vertex 8.95614 18.6098 5
      vertex 7.49 19.04 5
    endloop
  endfacet
  facet normal 0 0 1
    outer loop
      vertex 7.35376 19.6075 5
      vertex 8.69027 20.2885 5
      vertex 8.4648 20.6564 5
    endloop
  endfacet
  facet normal 0 0 1
    outer loop
      vertex 8.95614 18.6098 5
      vertex 7.47461 18.8445 5
      vertex 8.8554 18.1902 5
    endloop
  endfacet
  facet normal 0 0 1
    outer loop
      vertex 7.25127 19.7747 5
      vertex 8.4648 20.6564 5
      vertex 8.18454 20.9845 5
    endloop
  endfacet
  facet normal -0 0 1
    outer loop
      vertex 7.42882 18.6537 5
      vertex 8.8554 18.1902 5
      vertex 7.47461 18.8445 5
    endloop
  endfacet
  facet normal 0 0 1
    outer loop
      vertex 7.12388 19.9239 5
      vertex 8.18454 20.9845 5
      vertex 7.85641 21.2648 5
    endloop
  endfacet
  facet normal 0 0 1
    outer loop
      vertex 8.8554 18.1902 5
      vertex 7.42882 18.6537 5
      vertex 8.69027 17.7915 5
    endloop
  endfacet
  facet normal -0 0 1
    outer loop
      vertex 7.35376 18.4725 5
      vertex 8.69027 17.7915 5
      vertex 7.42882 18.6537 5
    endloop
  endfacet
  facet normal 0 0 1
    outer loop
      vertex 6.97473 20.0513 5
      vertex 7.85641 21.2648 5
      vertex 7.48847 21.4903 5
    endloop
  endfacet
  facet normal 0 0 1
    outer loop
      vertex 8.95614 19.4702 5
      vertex 7.47461 19.2355 5
      vertex 7.49 19.04 5
    endloop
  endfacet
  facet normal 0 0 1
    outer loop
      vertex 8.8554 19.8898 5
      vertex 7.42882 19.4263 5
      vertex 7.47461 19.2355 5
    endloop
  endfacet
  facet normal 0 0 1
    outer loop
      vertex 8.69027 20.2885 5
      vertex 7.35376 19.6075 5
      vertex 7.42882 19.4263 5
    endloop
  endfacet
  facet normal 0 0 1
    outer loop
      vertex 8.4648 20.6564 5
      vertex 7.25127 19.7747 5
      vertex 7.35376 19.6075 5
    endloop
  endfacet
  facet normal 0 0 1
    outer loop
      vertex 8.18454 20.9845 5
      vertex 7.12388 19.9239 5
      vertex 7.25127 19.7747 5
    endloop
  endfacet
  facet normal 0 0 1
    outer loop
      vertex 6.80749 20.1538 5
      vertex 7.48847 21.4903 5
      vertex 7.0898 21.6554 5
    endloop
  endfacet
  facet normal 0 0 1
    outer loop
      vertex 7.85641 21.2648 5
      vertex 6.97473 20.0513 5
      vertex 7.12388 19.9239 5
    endloop
  endfacet
  facet normal 0 0 1
    outer loop
      vertex 7.48847 21.4903 5
      vertex 6.80749 20.1538 5
      vertex 6.97473 20.0513 5
    endloop
  endfacet
  facet normal 0 0 1
    outer loop
      vertex 6.62627 20.2288 5
      vertex 7.0898 21.6554 5
      vertex 6.67019 21.7561 5
    endloop
  endfacet
  facet normal 0 0 1
    outer loop
      vertex 7.0898 21.6554 5
      vertex 6.62627 20.2288 5
      vertex 6.80749 20.1538 5
    endloop
  endfacet
  facet normal 0 0 1
    outer loop
      vertex 6.67019 21.7561 5
      vertex 6.43554 20.2746 5
      vertex 6.62627 20.2288 5
    endloop
  endfacet
  facet normal 0 0 1
    outer loop
      vertex 6.24 21.79 5
      vertex 6.43554 20.2746 5
      vertex 6.67019 21.7561 5
    endloop
  endfacet
  facet normal 0 0 1
    outer loop
      vertex 6.24 21.79 5
      vertex 6.24 20.29 5
      vertex 6.43554 20.2746 5
    endloop
  endfacet
  facet normal 0 0 1
    outer loop
      vertex 6.24 21.79 5
      vertex 6.04446 20.2746 5
      vertex 6.24 20.29 5
    endloop
  endfacet
  facet normal -0 0 1
    outer loop
      vertex 5.80981 21.7561 5
      vertex 6.04446 20.2746 5
      vertex 6.24 21.79 5
    endloop
  endfacet
  facet normal 0 0 1
    outer loop
      vertex 6.04446 20.2746 5
      vertex 5.80981 21.7561 5
      vertex 5.85373 20.2288 5
    endloop
  endfacet
  facet normal -0 0 1
    outer loop
      vertex 5.3902 21.6554 5
      vertex 5.85373 20.2288 5
      vertex 5.80981 21.7561 5
    endloop
  endfacet
  facet normal 0 0 1
    outer loop
      vertex 5.85373 20.2288 5
      vertex 5.3902 21.6554 5
      vertex 5.67251 20.1538 5
    endloop
  endfacet
  facet normal -0 0 1
    outer loop
      vertex 4.99153 21.4903 5
      vertex 5.67251 20.1538 5
      vertex 5.3902 21.6554 5
    endloop
  endfacet
  facet normal 0 0 1
    outer loop
      vertex 5.67251 20.1538 5
      vertex 4.99153 21.4903 5
      vertex 5.50527 20.0513 5
    endloop
  endfacet
  facet normal -0 0 1
    outer loop
      vertex 4.62359 21.2648 5
      vertex 5.50527 20.0513 5
      vertex 4.99153 21.4903 5
    endloop
  endfacet
  facet normal 0 0 1
    outer loop
      vertex 5.50527 20.0513 5
      vertex 4.62359 21.2648 5
      vertex 5.35612 19.9239 5
    endloop
  endfacet
  facet normal -0 0 1
    outer loop
      vertex 4.29546 20.9845 5
      vertex 5.35612 19.9239 5
      vertex 4.62359 21.2648 5
    endloop
  endfacet
  facet normal 0 0 1
    outer loop
      vertex 5.35612 19.9239 5
      vertex 4.29546 20.9845 5
      vertex 5.22873 19.7747 5
    endloop
  endfacet
  facet normal -0 0 1
    outer loop
      vertex 4.0152 20.6564 5
      vertex 5.22873 19.7747 5
      vertex 4.29546 20.9845 5
    endloop
  endfacet
  facet normal 0 0 1
    outer loop
      vertex 5.22873 19.7747 5
      vertex 4.0152 20.6564 5
      vertex 5.12624 19.6075 5
    endloop
  endfacet
  facet normal -0 0 1
    outer loop
      vertex 3.78973 20.2885 5
      vertex 5.12624 19.6075 5
      vertex 4.0152 20.6564 5
    endloop
  endfacet
  facet normal 0 0 1
    outer loop
      vertex 8.69027 17.7915 5
      vertex 7.35376 18.4725 5
      vertex 8.4648 17.4236 5
    endloop
  endfacet
  facet normal -0 0 1
    outer loop
      vertex 7.25127 18.3053 5
      vertex 8.4648 17.4236 5
      vertex 7.35376 18.4725 5
    endloop
  endfacet
  facet normal 0 0 1
    outer loop
      vertex 8.4648 17.4236 5
      vertex 7.25127 18.3053 5
      vertex 8.18454 17.0955 5
    endloop
  endfacet
  facet normal -0 0 1
    outer loop
      vertex 7.12388 18.1561 5
      vertex 8.18454 17.0955 5
      vertex 7.25127 18.3053 5
    endloop
  endfacet
  facet normal 0 0 1
    outer loop
      vertex 8.18454 17.0955 5
      vertex 7.12388 18.1561 5
      vertex 7.85641 16.8152 5
    endloop
  endfacet
  facet normal -0 0 1
    outer loop
      vertex 6.97473 18.0287 5
      vertex 7.85641 16.8152 5
      vertex 7.12388 18.1561 5
    endloop
  endfacet
  facet normal 0 0 1
    outer loop
      vertex 7.85641 16.8152 5
      vertex 6.97473 18.0287 5
      vertex 7.48847 16.5897 5
    endloop
  endfacet
  facet normal -0 0 1
    outer loop
      vertex 6.80749 17.9262 5
      vertex 7.48847 16.5897 5
      vertex 6.97473 18.0287 5
    endloop
  endfacet
  facet normal 0 0 1
    outer loop
      vertex 7.48847 16.5897 5
      vertex 6.80749 17.9262 5
      vertex 7.0898 16.4246 5
    endloop
  endfacet
  facet normal -0 0 1
    outer loop
      vertex 6.62627 17.8512 5
      vertex 7.0898 16.4246 5
      vertex 6.80749 17.9262 5
    endloop
  endfacet
  facet normal 0 0 1
    outer loop
      vertex 7.0898 16.4246 5
      vertex 6.62627 17.8512 5
      vertex 6.67019 16.3239 5
    endloop
  endfacet
  facet normal -0 0 1
    outer loop
      vertex 6.43554 17.8054 5
      vertex 6.67019 16.3239 5
      vertex 6.62627 17.8512 5
    endloop
  endfacet
  facet normal -0 0 1
    outer loop
      vertex 6.24 17.79 5
      vertex 6.67019 16.3239 5
      vertex 6.43554 17.8054 5
    endloop
  endfacet
  facet normal 0 0 1
    outer loop
      vertex 6.24 17.79 5
      vertex 6.24 16.29 5
      vertex 6.67019 16.3239 5
    endloop
  endfacet
  facet normal 0 0 1
    outer loop
      vertex 6.04446 17.8054 5
      vertex 6.24 16.29 5
      vertex 6.24 17.79 5
    endloop
  endfacet
  facet normal 0 0 1
    outer loop
      vertex 5.80981 16.3239 5
      vertex 6.04446 17.8054 5
      vertex 5.85373 17.8512 5
    endloop
  endfacet
  facet normal 0 0 1
    outer loop
      vertex 6.04446 17.8054 5
      vertex 5.80981 16.3239 5
      vertex 6.24 16.29 5
    endloop
  endfacet
  facet normal 0 0 1
    outer loop
      vertex 5.3902 16.4246 5
      vertex 5.85373 17.8512 5
      vertex 5.67251 17.9262 5
    endloop
  endfacet
  facet normal 0 0 1
    outer loop
      vertex 4.99153 16.5897 5
      vertex 5.67251 17.9262 5
      vertex 5.50527 18.0287 5
    endloop
  endfacet
  facet normal 0 0 1
    outer loop
      vertex 5.85373 17.8512 5
      vertex 5.3902 16.4246 5
      vertex 5.80981 16.3239 5
    endloop
  endfacet
  facet normal 0 0 1
    outer loop
      vertex 4.62359 16.8152 5
      vertex 5.50527 18.0287 5
      vertex 5.35612 18.1561 5
    endloop
  endfacet
  facet normal 0 0 1
    outer loop
      vertex 4.29546 17.0955 5
      vertex 5.35612 18.1561 5
      vertex 5.22873 18.3053 5
    endloop
  endfacet
  facet normal 0 0 1
    outer loop
      vertex 4.0152 17.4236 5
      vertex 5.22873 18.3053 5
      vertex 5.12624 18.4725 5
    endloop
  endfacet
  facet normal 0 0 1
    outer loop
      vertex 3.78973 17.7915 5
      vertex 5.12624 18.4725 5
      vertex 5.05118 18.6537 5
    endloop
  endfacet
  facet normal 0 0 1
    outer loop
      vertex 3.62459 18.1902 5
      vertex 5.05118 18.6537 5
      vertex 5.00539 18.8445 5
    endloop
  endfacet
  facet normal 0 0 1
    outer loop
      vertex 5.67251 17.9262 5
      vertex 4.99153 16.5897 5
      vertex 5.3902 16.4246 5
    endloop
  endfacet
  facet normal 0 0 1
    outer loop
      vertex 3.52386 18.6098 5
      vertex 5.00539 18.8445 5
      vertex 4.99 19.04 5
    endloop
  endfacet
  facet normal 0 0 1
    outer loop
      vertex 5.12624 19.6075 5
      vertex 3.78973 20.2885 5
      vertex 5.05118 19.4263 5
    endloop
  endfacet
  facet normal 0 0 1
    outer loop
      vertex 5.50527 18.0287 5
      vertex 4.62359 16.8152 5
      vertex 4.99153 16.5897 5
    endloop
  endfacet
  facet normal -0 0 1
    outer loop
      vertex 3.62459 19.8898 5
      vertex 5.05118 19.4263 5
      vertex 3.78973 20.2885 5
    endloop
  endfacet
  facet normal 0 0 1
    outer loop
      vertex 5.35612 18.1561 5
      vertex 4.29546 17.0955 5
      vertex 4.62359 16.8152 5
    endloop
  endfacet
  facet normal 0 0 1
    outer loop
      vertex 5.05118 19.4263 5
      vertex 3.62459 19.8898 5
      vertex 5.00539 19.2355 5
    endloop
  endfacet
  facet normal 0 0 1
    outer loop
      vertex 5.22873 18.3053 5
      vertex 4.0152 17.4236 5
      vertex 4.29546 17.0955 5
    endloop
  endfacet
  facet normal -0 0 1
    outer loop
      vertex 3.52386 19.4702 5
      vertex 5.00539 19.2355 5
      vertex 3.62459 19.8898 5
    endloop
  endfacet
  facet normal 0 0 1
    outer loop
      vertex 5.12624 18.4725 5
      vertex 3.78973 17.7915 5
      vertex 4.0152 17.4236 5
    endloop
  endfacet
  facet normal 0 0 1
    outer loop
      vertex 5.00539 19.2355 5
      vertex 3.52386 19.4702 5
      vertex 4.99 19.04 5
    endloop
  endfacet
  facet normal 0 0 1
    outer loop
      vertex 5.05118 18.6537 5
      vertex 3.62459 18.1902 5
      vertex 3.78973 17.7915 5
    endloop
  endfacet
  facet normal 0 0 1
    outer loop
      vertex 3.49 19.04 5
      vertex 4.99 19.04 5
      vertex 3.52386 19.4702 5
    endloop
  endfacet
  facet normal 0 0 1
    outer loop
      vertex 5.00539 18.8445 5
      vertex 3.52386 18.6098 5
      vertex 3.62459 18.1902 5
    endloop
  endfacet
  facet normal 0 0 1
    outer loop
      vertex 4.99 19.04 5
      vertex 3.49 19.04 5
      vertex 3.52386 18.6098 5
    endloop
  endfacet
  facet normal -0.0785588 0.996909 0
    outer loop
      vertex 6.24 21.79 2
      vertex 5.80981 21.7561 5
      vertex 6.24 21.79 5
    endloop
  endfacet
  facet normal -0.0785588 0.996909 0
    outer loop
      vertex 5.80981 21.7561 5
      vertex 6.24 21.79 2
      vertex 5.80981 21.7561 2
    endloop
  endfacet
  facet normal 0.996917 -0.0784649 8.702e-20
    outer loop
      vertex 8.95614 18.6098 5
      vertex 8.99 19.04 2
      vertex 8.99 19.04 5
    endloop
  endfacet
  facet normal 0.996917 -0.0784649 8.702e-20
    outer loop
      vertex 8.99 19.04 2
      vertex 8.95614 18.6098 5
      vertex 8.95614 18.6098 2
    endloop
  endfacet
  facet normal 0.0785588 -0.996909 0
    outer loop
      vertex 6.24 16.29 2
      vertex 6.67019 16.3239 5
      vertex 6.24 16.29 5
    endloop
  endfacet
  facet normal 0.0785588 -0.996909 0
    outer loop
      vertex 6.67019 16.3239 5
      vertex 6.24 16.29 2
      vertex 6.67019 16.3239 2
    endloop
  endfacet
  facet normal 0.382615 -0.923908 0
    outer loop
      vertex 7.0898 16.4246 2
      vertex 7.48847 16.5897 5
      vertex 7.0898 16.4246 5
    endloop
  endfacet
  facet normal 0.382615 -0.923908 0
    outer loop
      vertex 7.48847 16.5897 5
      vertex 7.0898 16.4246 2
      vertex 7.48847 16.5897 2
    endloop
  endfacet
  facet normal 0.649516 -0.760348 0
    outer loop
      vertex 7.85641 16.8152 2
      vertex 8.18454 17.0955 5
      vertex 7.85641 16.8152 5
    endloop
  endfacet
  facet normal 0.649516 -0.760348 0
    outer loop
      vertex 8.18454 17.0955 5
      vertex 7.85641 16.8152 2
      vertex 8.18454 17.0955 2
    endloop
  endfacet
  facet normal 0.923893 -0.38265 -4.62174e-18
    outer loop
      vertex 8.69027 17.7915 5
      vertex 8.8554 18.1902 2
      vertex 8.8554 18.1902 5
    endloop
  endfacet
  facet normal 0.923893 -0.38265 -4.62174e-18
    outer loop
      vertex 8.8554 18.1902 2
      vertex 8.69027 17.7915 5
      vertex 8.69027 17.7915 2
    endloop
  endfacet
  facet normal 0.852619 -0.522533 1.04695e-19
    outer loop
      vertex 8.4648 17.4236 5
      vertex 8.69027 17.7915 2
      vertex 8.69027 17.7915 5
    endloop
  endfacet
  facet normal 0.852619 -0.522533 1.04695e-19
    outer loop
      vertex 8.69027 17.7915 2
      vertex 8.4648 17.4236 5
      vertex 8.4648 17.4236 2
    endloop
  endfacet
  facet normal 0.972368 -0.233452 1.16726e-18
    outer loop
      vertex 8.8554 18.1902 5
      vertex 8.95614 18.6098 2
      vertex 8.95614 18.6098 5
    endloop
  endfacet
  facet normal 0.972368 -0.233452 1.16726e-18
    outer loop
      vertex 8.95614 18.6098 2
      vertex 8.8554 18.1902 5
      vertex 8.8554 18.1902 2
    endloop
  endfacet
  facet normal -0.522542 -0.852613 0
    outer loop
      vertex 4.62359 16.8152 2
      vertex 4.99153 16.5897 5
      vertex 4.62359 16.8152 5
    endloop
  endfacet
  facet normal -0.522542 -0.852613 -0
    outer loop
      vertex 4.99153 16.5897 5
      vertex 4.62359 16.8152 2
      vertex 4.99153 16.5897 2
    endloop
  endfacet
  facet normal -0.233359 -0.972391 0
    outer loop
      vertex 5.3902 16.4246 2
      vertex 5.80981 16.3239 5
      vertex 5.3902 16.4246 5
    endloop
  endfacet
  facet normal -0.233359 -0.972391 -0
    outer loop
      vertex 5.80981 16.3239 5
      vertex 5.3902 16.4246 2
      vertex 5.80981 16.3239 2
    endloop
  endfacet
  facet normal -0.760365 -0.649496 5.33407e-18
    outer loop
      vertex 4.29546 17.0955 2
      vertex 4.0152 17.4236 5
      vertex 4.0152 17.4236 2
    endloop
  endfacet
  facet normal -0.760365 -0.649496 5.33407e-18
    outer loop
      vertex 4.0152 17.4236 5
      vertex 4.29546 17.0955 2
      vertex 4.29546 17.0955 5
    endloop
  endfacet
  facet normal -0.923885 -0.38267 3.12475e-18
    outer loop
      vertex 3.78973 17.7915 2
      vertex 3.62459 18.1902 5
      vertex 3.62459 18.1902 2
    endloop
  endfacet
  facet normal -0.923885 -0.38267 3.12475e-18
    outer loop
      vertex 3.62459 18.1902 5
      vertex 3.78973 17.7915 2
      vertex 3.78973 17.7915 5
    endloop
  endfacet
  facet normal -0.996917 -0.0784649 -4.38372e-19
    outer loop
      vertex 3.52386 18.6098 2
      vertex 3.49 19.04 5
      vertex 3.49 19.04 2
    endloop
  endfacet
  facet normal -0.996917 -0.0784649 -4.38372e-19
    outer loop
      vertex 3.49 19.04 5
      vertex 3.52386 18.6098 2
      vertex 3.52386 18.6098 5
    endloop
  endfacet
  facet normal 0.233359 -0.972391 0
    outer loop
      vertex 6.67019 16.3239 2
      vertex 7.0898 16.4246 5
      vertex 6.67019 16.3239 5
    endloop
  endfacet
  facet normal 0.233359 -0.972391 0
    outer loop
      vertex 7.0898 16.4246 5
      vertex 6.67019 16.3239 2
      vertex 7.0898 16.4246 2
    endloop
  endfacet
  facet normal 0.760365 -0.649496 -5.33407e-18
    outer loop
      vertex 8.18454 17.0955 5
      vertex 8.4648 17.4236 2
      vertex 8.4648 17.4236 5
    endloop
  endfacet
  facet normal 0.760365 -0.649496 -5.33407e-18
    outer loop
      vertex 8.4648 17.4236 2
      vertex 8.18454 17.0955 5
      vertex 8.18454 17.0955 2
    endloop
  endfacet
  facet normal -0.0785588 -0.996909 0
    outer loop
      vertex 5.80981 16.3239 2
      vertex 6.24 16.29 5
      vertex 5.80981 16.3239 5
    endloop
  endfacet
  facet normal -0.0785588 -0.996909 -0
    outer loop
      vertex 6.24 16.29 5
      vertex 5.80981 16.3239 2
      vertex 6.24 16.29 2
    endloop
  endfacet
  facet normal -0.972374 -0.23343 -2.51513e-18
    outer loop
      vertex 3.62459 18.1902 2
      vertex 3.52386 18.6098 5
      vertex 3.52386 18.6098 2
    endloop
  endfacet
  facet normal -0.972374 -0.23343 -2.51513e-18
    outer loop
      vertex 3.52386 18.6098 5
      vertex 3.62459 18.1902 2
      vertex 3.62459 18.1902 5
    endloop
  endfacet
  facet normal 0.996916 0.0784784 5.93902e-21
    outer loop
      vertex 7.49 19.04 7
      vertex 7.47461 19.2355 5
      vertex 7.47461 19.2355 7
    endloop
  endfacet
  facet normal 0.996916 0.0784784 5.93902e-21
    outer loop
      vertex 7.47461 19.2355 5
      vertex 7.49 19.04 7
      vertex 7.49 19.04 5
    endloop
  endfacet
  facet normal -0.996916 0.0784784 -5.93902e-21
    outer loop
      vertex 4.99 19.04 5
      vertex 5.00539 19.2355 7
      vertex 5.00539 19.2355 5
    endloop
  endfacet
  facet normal -0.996916 0.0784784 -5.93902e-21
    outer loop
      vertex 5.00539 19.2355 7
      vertex 4.99 19.04 5
      vertex 4.99 19.04 7
    endloop
  endfacet
  facet normal 0.0785132 0.996913 -0
    outer loop
      vertex 6.43554 20.2746 5
      vertex 6.24 20.29 7
      vertex 6.43554 20.2746 7
    endloop
  endfacet
  facet normal 0.0785132 0.996913 0
    outer loop
      vertex 6.24 20.29 7
      vertex 6.43554 20.2746 5
      vertex 6.24 20.29 5
    endloop
  endfacet
  facet normal -0.0785132 -0.996913 0
    outer loop
      vertex 6.04446 17.8054 5
      vertex 6.24 17.79 7
      vertex 6.04446 17.8054 7
    endloop
  endfacet
  facet normal -0.0785132 -0.996913 -0
    outer loop
      vertex 6.24 17.79 7
      vertex 6.04446 17.8054 5
      vertex 6.24 17.79 5
    endloop
  endfacet
  facet normal -0.760504 -0.649334 -1.71405e-18
    outer loop
      vertex 5.35612 18.1561 5
      vertex 5.22873 18.3053 7
      vertex 5.22873 18.3053 5
    endloop
  endfacet
  facet normal -0.760504 -0.649334 -1.71405e-18
    outer loop
      vertex 5.22873 18.3053 7
      vertex 5.35612 18.1561 5
      vertex 5.35612 18.1561 7
    endloop
  endfacet
  facet normal 0.760504 0.649334 -1.71405e-18
    outer loop
      vertex 7.25127 19.7747 7
      vertex 7.12388 19.9239 5
      vertex 7.12388 19.9239 7
    endloop
  endfacet
  facet normal 0.760504 0.649334 -1.71405e-18
    outer loop
      vertex 7.12388 19.9239 5
      vertex 7.25127 19.7747 7
      vertex 7.25127 19.7747 5
    endloop
  endfacet
  facet normal -0.649489 0.760371 0
    outer loop
      vertex 5.50527 20.0513 5
      vertex 5.35612 19.9239 7
      vertex 5.50527 20.0513 7
    endloop
  endfacet
  facet normal -0.649489 0.760371 0
    outer loop
      vertex 5.35612 19.9239 7
      vertex 5.50527 20.0513 5
      vertex 5.35612 19.9239 5
    endloop
  endfacet
  facet normal -0.382406 0.923994 0
    outer loop
      vertex 5.85373 20.2288 5
      vertex 5.67251 20.1538 7
      vertex 5.85373 20.2288 7
    endloop
  endfacet
  facet normal -0.382406 0.923994 0
    outer loop
      vertex 5.67251 20.1538 7
      vertex 5.85373 20.2288 5
      vertex 5.67251 20.1538 5
    endloop
  endfacet
  facet normal 0.923871 0.382703 1.21788e-18
    outer loop
      vertex 7.42882 19.4263 7
      vertex 7.35376 19.6075 5
      vertex 7.35376 19.6075 7
    endloop
  endfacet
  facet normal 0.923871 0.382703 1.21788e-18
    outer loop
      vertex 7.35376 19.6075 5
      vertex 7.42882 19.4263 7
      vertex 7.42882 19.4263 5
    endloop
  endfacet
  facet normal 0.97239 0.233363 6.79896e-19
    outer loop
      vertex 7.47461 19.2355 7
      vertex 7.42882 19.4263 5
      vertex 7.42882 19.4263 7
    endloop
  endfacet
  facet normal 0.97239 0.233363 6.79896e-19
    outer loop
      vertex 7.42882 19.4263 5
      vertex 7.47461 19.2355 7
      vertex 7.47461 19.2355 5
    endloop
  endfacet
  facet normal 0.852573 0.522609 4.08157e-18
    outer loop
      vertex 7.35376 19.6075 7
      vertex 7.25127 19.7747 5
      vertex 7.25127 19.7747 7
    endloop
  endfacet
  facet normal 0.852573 0.522609 4.08157e-18
    outer loop
      vertex 7.25127 19.7747 5
      vertex 7.35376 19.6075 7
      vertex 7.35376 19.6075 5
    endloop
  endfacet
  facet normal 0.522555 0.852606 -0
    outer loop
      vertex 6.97473 20.0513 5
      vertex 6.80749 20.1538 7
      vertex 6.97473 20.0513 7
    endloop
  endfacet
  facet normal 0.522555 0.852606 0
    outer loop
      vertex 6.80749 20.1538 7
      vertex 6.97473 20.0513 5
      vertex 6.80749 20.1538 5
    endloop
  endfacet
  facet normal 0.382406 0.923994 -0
    outer loop
      vertex 6.80749 20.1538 5
      vertex 6.62627 20.2288 7
      vertex 6.80749 20.1538 7
    endloop
  endfacet
  facet normal 0.382406 0.923994 0
    outer loop
      vertex 6.62627 20.2288 7
      vertex 6.80749 20.1538 5
      vertex 6.62627 20.2288 5
    endloop
  endfacet
  facet normal 0.649489 0.760371 -0
    outer loop
      vertex 7.12388 19.9239 5
      vertex 6.97473 20.0513 7
      vertex 7.12388 19.9239 7
    endloop
  endfacet
  facet normal 0.649489 0.760371 0
    outer loop
      vertex 6.97473 20.0513 7
      vertex 7.12388 19.9239 5
      vertex 6.97473 20.0513 5
    endloop
  endfacet
  facet normal -0.852573 0.522609 3.02339e-18
    outer loop
      vertex 5.12624 19.6075 5
      vertex 5.22873 19.7747 7
      vertex 5.22873 19.7747 5
    endloop
  endfacet
  facet normal -0.852573 0.522609 3.02339e-18
    outer loop
      vertex 5.22873 19.7747 7
      vertex 5.12624 19.6075 5
      vertex 5.12624 19.6075 7
    endloop
  endfacet
  facet normal -0.760504 0.649334 1.71405e-18
    outer loop
      vertex 5.22873 19.7747 5
      vertex 5.35612 19.9239 7
      vertex 5.35612 19.9239 5
    endloop
  endfacet
  facet normal -0.760504 0.649334 1.71405e-18
    outer loop
      vertex 5.35612 19.9239 7
      vertex 5.22873 19.7747 5
      vertex 5.22873 19.7747 7
    endloop
  endfacet
  facet normal -0.923871 0.382703 -2.20254e-19
    outer loop
      vertex 5.05118 19.4263 5
      vertex 5.12624 19.6075 7
      vertex 5.12624 19.6075 5
    endloop
  endfacet
  facet normal -0.923871 0.382703 -2.20254e-19
    outer loop
      vertex 5.12624 19.6075 7
      vertex 5.05118 19.4263 5
      vertex 5.05118 19.4263 7
    endloop
  endfacet
  facet normal -0.522555 0.852606 0
    outer loop
      vertex 5.67251 20.1538 5
      vertex 5.50527 20.0513 7
      vertex 5.67251 20.1538 7
    endloop
  endfacet
  facet normal -0.522555 0.852606 0
    outer loop
      vertex 5.50527 20.0513 7
      vertex 5.67251 20.1538 5
      vertex 5.50527 20.0513 5
    endloop
  endfacet
  facet normal -0.233492 0.972359 0
    outer loop
      vertex 6.04446 20.2746 5
      vertex 5.85373 20.2288 7
      vertex 6.04446 20.2746 7
    endloop
  endfacet
  facet normal -0.233492 0.972359 0
    outer loop
      vertex 5.85373 20.2288 7
      vertex 6.04446 20.2746 5
      vertex 5.85373 20.2288 5
    endloop
  endfacet
  facet normal 0.522555 -0.852606 0
    outer loop
      vertex 6.80749 17.9262 5
      vertex 6.97473 18.0287 7
      vertex 6.80749 17.9262 7
    endloop
  endfacet
  facet normal 0.522555 -0.852606 0
    outer loop
      vertex 6.97473 18.0287 7
      vertex 6.80749 17.9262 5
      vertex 6.97473 18.0287 5
    endloop
  endfacet
  facet normal -0.649489 -0.760371 0
    outer loop
      vertex 5.35612 18.1561 5
      vertex 5.50527 18.0287 7
      vertex 5.35612 18.1561 7
    endloop
  endfacet
  facet normal -0.649489 -0.760371 -0
    outer loop
      vertex 5.50527 18.0287 7
      vertex 5.35612 18.1561 5
      vertex 5.50527 18.0287 5
    endloop
  endfacet
  facet normal -0.382406 -0.923994 0
    outer loop
      vertex 5.67251 17.9262 5
      vertex 5.85373 17.8512 7
      vertex 5.67251 17.9262 7
    endloop
  endfacet
  facet normal -0.382406 -0.923994 -0
    outer loop
      vertex 5.85373 17.8512 7
      vertex 5.67251 17.9262 5
      vertex 5.85373 17.8512 5
    endloop
  endfacet
  facet normal -0.852573 -0.522609 -3.46825e-18
    outer loop
      vertex 5.22873 18.3053 5
      vertex 5.12624 18.4725 7
      vertex 5.12624 18.4725 5
    endloop
  endfacet
  facet normal -0.852573 -0.522609 -3.46825e-18
    outer loop
      vertex 5.12624 18.4725 7
      vertex 5.22873 18.3053 5
      vertex 5.22873 18.3053 7
    endloop
  endfacet
  facet normal 0.233492 0.972359 -0
    outer loop
      vertex 6.62627 20.2288 5
      vertex 6.43554 20.2746 7
      vertex 6.62627 20.2288 7
    endloop
  endfacet
  facet normal 0.233492 0.972359 0
    outer loop
      vertex 6.43554 20.2746 7
      vertex 6.62627 20.2288 5
      vertex 6.43554 20.2746 5
    endloop
  endfacet
  facet normal -0.97239 0.233363 -2.05264e-18
    outer loop
      vertex 5.00539 19.2355 5
      vertex 5.05118 19.4263 7
      vertex 5.05118 19.4263 5
    endloop
  endfacet
  facet normal -0.97239 0.233363 -2.05264e-18
    outer loop
      vertex 5.05118 19.4263 7
      vertex 5.00539 19.2355 5
      vertex 5.00539 19.2355 7
    endloop
  endfacet
  facet normal 0 0 1
    outer loop
      vertex 7.47461 19.2355 7
      vertex 7.47461 18.8445 7
      vertex 7.49 19.04 7
    endloop
  endfacet
  facet normal 0 0 1
    outer loop
      vertex 7.42882 19.4263 7
      vertex 7.47461 18.8445 7
      vertex 7.47461 19.2355 7
    endloop
  endfacet
  facet normal 0 0 1
    outer loop
      vertex 7.42882 19.4263 7
      vertex 7.42882 18.6537 7
      vertex 7.47461 18.8445 7
    endloop
  endfacet
  facet normal 0 0 1
    outer loop
      vertex 7.35376 19.6075 7
      vertex 7.42882 18.6537 7
      vertex 7.42882 19.4263 7
    endloop
  endfacet
  facet normal 0 0 1
    outer loop
      vertex 7.35376 19.6075 7
      vertex 7.35376 18.4725 7
      vertex 7.42882 18.6537 7
    endloop
  endfacet
  facet normal 0 0 1
    outer loop
      vertex 7.25127 19.7747 7
      vertex 7.35376 18.4725 7
      vertex 7.35376 19.6075 7
    endloop
  endfacet
  facet normal 0 0 1
    outer loop
      vertex 7.25127 19.7747 7
      vertex 7.25127 18.3053 7
      vertex 7.35376 18.4725 7
    endloop
  endfacet
  facet normal 0 0 1
    outer loop
      vertex 7.12388 19.9239 7
      vertex 7.25127 18.3053 7
      vertex 7.25127 19.7747 7
    endloop
  endfacet
  facet normal 0 0 1
    outer loop
      vertex 7.12388 19.9239 7
      vertex 7.12388 18.1561 7
      vertex 7.25127 18.3053 7
    endloop
  endfacet
  facet normal 0 0 1
    outer loop
      vertex 6.97473 20.0513 7
      vertex 7.12388 18.1561 7
      vertex 7.12388 19.9239 7
    endloop
  endfacet
  facet normal 0 0 1
    outer loop
      vertex 6.97473 20.0513 7
      vertex 6.97473 18.0287 7
      vertex 7.12388 18.1561 7
    endloop
  endfacet
  facet normal 0 0 1
    outer loop
      vertex 6.80749 20.1538 7
      vertex 6.97473 18.0287 7
      vertex 6.97473 20.0513 7
    endloop
  endfacet
  facet normal 0 0 1
    outer loop
      vertex 6.80749 20.1538 7
      vertex 6.80749 17.9262 7
      vertex 6.97473 18.0287 7
    endloop
  endfacet
  facet normal 0 0 1
    outer loop
      vertex 6.62627 20.2288 7
      vertex 6.80749 17.9262 7
      vertex 6.80749 20.1538 7
    endloop
  endfacet
  facet normal 0 0 1
    outer loop
      vertex 6.62627 20.2288 7
      vertex 6.62627 17.8512 7
      vertex 6.80749 17.9262 7
    endloop
  endfacet
  facet normal 0 0 1
    outer loop
      vertex 6.43554 20.2746 7
      vertex 6.62627 17.8512 7
      vertex 6.62627 20.2288 7
    endloop
  endfacet
  facet normal 0 0 1
    outer loop
      vertex 6.43554 20.2746 7
      vertex 6.43554 17.8054 7
      vertex 6.62627 17.8512 7
    endloop
  endfacet
  facet normal 0 0 1
    outer loop
      vertex 6.24 20.29 7
      vertex 6.43554 17.8054 7
      vertex 6.43554 20.2746 7
    endloop
  endfacet
  facet normal 0 0 1
    outer loop
      vertex 6.24 20.29 7
      vertex 6.24 17.79 7
      vertex 6.43554 17.8054 7
    endloop
  endfacet
  facet normal -0 0 1
    outer loop
      vertex 6.04446 20.2746 7
      vertex 6.24 17.79 7
      vertex 6.24 20.29 7
    endloop
  endfacet
  facet normal 0 0 1
    outer loop
      vertex 6.04446 20.2746 7
      vertex 6.04446 17.8054 7
      vertex 6.24 17.79 7
    endloop
  endfacet
  facet normal -0 0 1
    outer loop
      vertex 5.85373 20.2288 7
      vertex 6.04446 17.8054 7
      vertex 6.04446 20.2746 7
    endloop
  endfacet
  facet normal 0 0 1
    outer loop
      vertex 5.85373 20.2288 7
      vertex 5.85373 17.8512 7
      vertex 6.04446 17.8054 7
    endloop
  endfacet
  facet normal -0 0 1
    outer loop
      vertex 5.67251 20.1538 7
      vertex 5.85373 17.8512 7
      vertex 5.85373 20.2288 7
    endloop
  endfacet
  facet normal 0 0 1
    outer loop
      vertex 5.67251 20.1538 7
      vertex 5.67251 17.9262 7
      vertex 5.85373 17.8512 7
    endloop
  endfacet
  facet normal -0 0 1
    outer loop
      vertex 5.50527 20.0513 7
      vertex 5.67251 17.9262 7
      vertex 5.67251 20.1538 7
    endloop
  endfacet
  facet normal 0 0 1
    outer loop
      vertex 5.50527 20.0513 7
      vertex 5.50527 18.0287 7
      vertex 5.67251 17.9262 7
    endloop
  endfacet
  facet normal -0 0 1
    outer loop
      vertex 5.35612 19.9239 7
      vertex 5.50527 18.0287 7
      vertex 5.50527 20.0513 7
    endloop
  endfacet
  facet normal 0 0 1
    outer loop
      vertex 5.35612 19.9239 7
      vertex 5.35612 18.1561 7
      vertex 5.50527 18.0287 7
    endloop
  endfacet
  facet normal -0 0 1
    outer loop
      vertex 5.22873 19.7747 7
      vertex 5.35612 18.1561 7
      vertex 5.35612 19.9239 7
    endloop
  endfacet
  facet normal 0 0 1
    outer loop
      vertex 5.22873 19.7747 7
      vertex 5.22873 18.3053 7
      vertex 5.35612 18.1561 7
    endloop
  endfacet
  facet normal -0 0 1
    outer loop
      vertex 5.12624 19.6075 7
      vertex 5.22873 18.3053 7
      vertex 5.22873 19.7747 7
    endloop
  endfacet
  facet normal 0 0 1
    outer loop
      vertex 5.12624 19.6075 7
      vertex 5.12624 18.4725 7
      vertex 5.22873 18.3053 7
    endloop
  endfacet
  facet normal -0 0 1
    outer loop
      vertex 5.05118 19.4263 7
      vertex 5.12624 18.4725 7
      vertex 5.12624 19.6075 7
    endloop
  endfacet
  facet normal 0 0 1
    outer loop
      vertex 5.05118 19.4263 7
      vertex 5.05118 18.6537 7
      vertex 5.12624 18.4725 7
    endloop
  endfacet
  facet normal -0 0 1
    outer loop
      vertex 5.00539 19.2355 7
      vertex 5.05118 18.6537 7
      vertex 5.05118 19.4263 7
    endloop
  endfacet
  facet normal 0 0 1
    outer loop
      vertex 5.00539 19.2355 7
      vertex 5.00539 18.8445 7
      vertex 5.05118 18.6537 7
    endloop
  endfacet
  facet normal 0 -0 1
    outer loop
      vertex 5.00539 18.8445 7
      vertex 5.00539 19.2355 7
      vertex 4.99 19.04 7
    endloop
  endfacet
  facet normal -0.0785132 0.996913 0
    outer loop
      vertex 6.24 20.29 5
      vertex 6.04446 20.2746 7
      vertex 6.24 20.29 7
    endloop
  endfacet
  facet normal -0.0785132 0.996913 0
    outer loop
      vertex 6.04446 20.2746 7
      vertex 6.24 20.29 5
      vertex 6.04446 20.2746 5
    endloop
  endfacet
  facet normal 0.0785132 -0.996913 0
    outer loop
      vertex 6.24 17.79 5
      vertex 6.43554 17.8054 7
      vertex 6.24 17.79 7
    endloop
  endfacet
  facet normal 0.0785132 -0.996913 0
    outer loop
      vertex 6.43554 17.8054 7
      vertex 6.24 17.79 5
      vertex 6.43554 17.8054 5
    endloop
  endfacet
  facet normal 0.382406 -0.923994 0
    outer loop
      vertex 6.62627 17.8512 5
      vertex 6.80749 17.9262 7
      vertex 6.62627 17.8512 7
    endloop
  endfacet
  facet normal 0.382406 -0.923994 0
    outer loop
      vertex 6.80749 17.9262 7
      vertex 6.62627 17.8512 5
      vertex 6.80749 17.9262 5
    endloop
  endfacet
  facet normal 0.649489 -0.760371 0
    outer loop
      vertex 6.97473 18.0287 5
      vertex 7.12388 18.1561 7
      vertex 6.97473 18.0287 7
    endloop
  endfacet
  facet normal 0.649489 -0.760371 0
    outer loop
      vertex 7.12388 18.1561 7
      vertex 6.97473 18.0287 5
      vertex 7.12388 18.1561 5
    endloop
  endfacet
  facet normal 0.923871 -0.382703 -1.21788e-18
    outer loop
      vertex 7.35376 18.4725 7
      vertex 7.42882 18.6537 5
      vertex 7.42882 18.6537 7
    endloop
  endfacet
  facet normal 0.923871 -0.382703 -1.21788e-18
    outer loop
      vertex 7.42882 18.6537 5
      vertex 7.35376 18.4725 7
      vertex 7.35376 18.4725 5
    endloop
  endfacet
  facet normal 0.760504 -0.649334 1.71405e-18
    outer loop
      vertex 7.12388 18.1561 7
      vertex 7.25127 18.3053 5
      vertex 7.25127 18.3053 7
    endloop
  endfacet
  facet normal 0.760504 -0.649334 1.71405e-18
    outer loop
      vertex 7.25127 18.3053 5
      vertex 7.12388 18.1561 7
      vertex 7.12388 18.1561 5
    endloop
  endfacet
  facet normal -0.522555 -0.852606 0
    outer loop
      vertex 5.50527 18.0287 5
      vertex 5.67251 17.9262 7
      vertex 5.50527 18.0287 7
    endloop
  endfacet
  facet normal -0.522555 -0.852606 -0
    outer loop
      vertex 5.67251 17.9262 7
      vertex 5.50527 18.0287 5
      vertex 5.67251 17.9262 5
    endloop
  endfacet
  facet normal -0.233492 -0.972359 0
    outer loop
      vertex 5.85373 17.8512 5
      vertex 6.04446 17.8054 7
      vertex 5.85373 17.8512 7
    endloop
  endfacet
  facet normal -0.233492 -0.972359 -0
    outer loop
      vertex 6.04446 17.8054 7
      vertex 5.85373 17.8512 5
      vertex 6.04446 17.8054 5
    endloop
  endfacet
  facet normal -0.923871 -0.382703 2.20254e-19
    outer loop
      vertex 5.12624 18.4725 5
      vertex 5.05118 18.6537 7
      vertex 5.05118 18.6537 5
    endloop
  endfacet
  facet normal -0.923871 -0.382703 2.20254e-19
    outer loop
      vertex 5.05118 18.6537 7
      vertex 5.12624 18.4725 5
      vertex 5.12624 18.4725 7
    endloop
  endfacet
  facet normal -0.996916 -0.0784784 5.93902e-21
    outer loop
      vertex 5.00539 18.8445 5
      vertex 4.99 19.04 7
      vertex 4.99 19.04 5
    endloop
  endfacet
  facet normal -0.996916 -0.0784784 5.93902e-21
    outer loop
      vertex 4.99 19.04 7
      vertex 5.00539 18.8445 5
      vertex 5.00539 18.8445 7
    endloop
  endfacet
  facet normal 0.233492 -0.972359 0
    outer loop
      vertex 6.43554 17.8054 5
      vertex 6.62627 17.8512 7
      vertex 6.43554 17.8054 7
    endloop
  endfacet
  facet normal 0.233492 -0.972359 0
    outer loop
      vertex 6.62627 17.8512 7
      vertex 6.43554 17.8054 5
      vertex 6.62627 17.8512 5
    endloop
  endfacet
  facet normal 0.97239 -0.233363 -1.66197e-18
    outer loop
      vertex 7.42882 18.6537 7
      vertex 7.47461 18.8445 5
      vertex 7.47461 18.8445 7
    endloop
  endfacet
  facet normal 0.97239 -0.233363 -1.66197e-18
    outer loop
      vertex 7.47461 18.8445 5
      vertex 7.42882 18.6537 7
      vertex 7.42882 18.6537 5
    endloop
  endfacet
  facet normal 0.852573 -0.522609 -3.6367e-18
    outer loop
      vertex 7.25127 18.3053 7
      vertex 7.35376 18.4725 5
      vertex 7.35376 18.4725 7
    endloop
  endfacet
  facet normal 0.852573 -0.522609 -3.6367e-18
    outer loop
      vertex 7.35376 18.4725 5
      vertex 7.25127 18.3053 7
      vertex 7.25127 18.3053 5
    endloop
  endfacet
  facet normal -0.97239 -0.233363 -1.38785e-18
    outer loop
      vertex 5.05118 18.6537 5
      vertex 5.00539 18.8445 7
      vertex 5.00539 18.8445 5
    endloop
  endfacet
  facet normal -0.97239 -0.233363 -1.38785e-18
    outer loop
      vertex 5.00539 18.8445 7
      vertex 5.05118 18.6537 5
      vertex 5.05118 18.6537 7
    endloop
  endfacet
  facet normal 0.996916 -0.0784784 -5.93902e-21
    outer loop
      vertex 7.47461 18.8445 7
      vertex 7.49 19.04 5
      vertex 7.49 19.04 7
    endloop
  endfacet
  facet normal 0.996916 -0.0784784 -5.93902e-21
    outer loop
      vertex 7.49 19.04 5
      vertex 7.47461 18.8445 7
      vertex 7.47461 18.8445 5
    endloop
  endfacet
  facet normal 0.99691 0.078557 -4.14814e-19
    outer loop
      vertex 24.23 54.6 5
      vertex 24.1961 55.0302 2
      vertex 24.1961 55.0302 5
    endloop
  endfacet
  facet normal 0.99691 0.078557 -4.14814e-19
    outer loop
      vertex 24.1961 55.0302 2
      vertex 24.23 54.6 5
      vertex 24.23 54.6 2
    endloop
  endfacet
  facet normal -0.99691 0.078557 4.14814e-19
    outer loop
      vertex 18.73 54.6 2
      vertex 18.7639 55.0302 5
      vertex 18.7639 55.0302 2
    endloop
  endfacet
  facet normal -0.99691 0.078557 4.14814e-19
    outer loop
      vertex 18.7639 55.0302 5
      vertex 18.73 54.6 2
      vertex 18.73 54.6 5
    endloop
  endfacet
  facet normal 0.078557 0.99691 -0
    outer loop
      vertex 21.9102 57.3161 2
      vertex 21.48 57.35 5
      vertex 21.9102 57.3161 5
    endloop
  endfacet
  facet normal 0.078557 0.99691 0
    outer loop
      vertex 21.48 57.35 5
      vertex 21.9102 57.3161 2
      vertex 21.48 57.35 2
    endloop
  endfacet
  facet normal 0.64955 0.760319 -0
    outer loop
      vertex 23.4245 56.5445 2
      vertex 23.0964 56.8248 5
      vertex 23.4245 56.5445 5
    endloop
  endfacet
  facet normal 0.64955 0.760319 0
    outer loop
      vertex 23.0964 56.8248 5
      vertex 23.4245 56.5445 2
      vertex 23.0964 56.8248 2
    endloop
  endfacet
  facet normal -0.64955 0.760319 0
    outer loop
      vertex 19.8636 56.8248 2
      vertex 19.5355 56.5445 5
      vertex 19.8636 56.8248 5
    endloop
  endfacet
  facet normal -0.64955 0.760319 0
    outer loop
      vertex 19.5355 56.5445 5
      vertex 19.8636 56.8248 2
      vertex 19.5355 56.5445 2
    endloop
  endfacet
  facet normal -0.382591 0.923918 0
    outer loop
      vertex 20.6302 57.2154 2
      vertex 20.2315 57.0503 5
      vertex 20.6302 57.2154 5
    endloop
  endfacet
  facet normal -0.382591 0.923918 0
    outer loop
      vertex 20.2315 57.0503 5
      vertex 20.6302 57.2154 2
      vertex 20.2315 57.0503 2
    endloop
  endfacet
  facet normal 0.923918 0.382591 1.80582e-18
    outer loop
      vertex 24.0954 55.4498 5
      vertex 23.9303 55.8485 2
      vertex 23.9303 55.8485 5
    endloop
  endfacet
  facet normal 0.923918 0.382591 1.80582e-18
    outer loop
      vertex 23.9303 55.8485 2
      vertex 24.0954 55.4498 5
      vertex 24.0954 55.4498 2
    endloop
  endfacet
  facet normal 0.972389 0.233364 1.79281e-18
    outer loop
      vertex 24.1961 55.0302 5
      vertex 24.0954 55.4498 2
      vertex 24.0954 55.4498 5
    endloop
  endfacet
  facet normal 0.972389 0.233364 1.79281e-18
    outer loop
      vertex 24.0954 55.4498 2
      vertex 24.1961 55.0302 5
      vertex 24.1961 55.0302 2
    endloop
  endfacet
  facet normal 0.852588 0.522584 -4.49123e-18
    outer loop
      vertex 23.9303 55.8485 5
      vertex 23.7048 56.2164 2
      vertex 23.7048 56.2164 5
    endloop
  endfacet
  facet normal 0.852588 0.522584 -4.49123e-18
    outer loop
      vertex 23.7048 56.2164 2
      vertex 23.9303 55.8485 5
      vertex 23.9303 55.8485 2
    endloop
  endfacet
  facet normal 0.382591 0.923918 -0
    outer loop
      vertex 22.7285 57.0503 2
      vertex 22.3298 57.2154 5
      vertex 22.7285 57.0503 5
    endloop
  endfacet
  facet normal 0.382591 0.923918 0
    outer loop
      vertex 22.3298 57.2154 5
      vertex 22.7285 57.0503 2
      vertex 22.3298 57.2154 2
    endloop
  endfacet
  facet normal 0.233364 0.972389 -0
    outer loop
      vertex 22.3298 57.2154 2
      vertex 21.9102 57.3161 5
      vertex 22.3298 57.2154 5
    endloop
  endfacet
  facet normal 0.233364 0.972389 0
    outer loop
      vertex 21.9102 57.3161 5
      vertex 22.3298 57.2154 2
      vertex 21.9102 57.3161 2
    endloop
  endfacet
  facet normal 0.522584 0.852588 -0
    outer loop
      vertex 23.0964 56.8248 2
      vertex 22.7285 57.0503 5
      vertex 23.0964 56.8248 5
    endloop
  endfacet
  facet normal 0.522584 0.852588 0
    outer loop
      vertex 22.7285 57.0503 5
      vertex 23.0964 56.8248 2
      vertex 22.7285 57.0503 2
    endloop
  endfacet
  facet normal -0.852588 0.522584 4.49123e-18
    outer loop
      vertex 19.0297 55.8485 2
      vertex 19.2552 56.2164 5
      vertex 19.2552 56.2164 2
    endloop
  endfacet
  facet normal -0.852588 0.522584 4.49123e-18
    outer loop
      vertex 19.2552 56.2164 5
      vertex 19.0297 55.8485 2
      vertex 19.0297 55.8485 5
    endloop
  endfacet
  facet normal -0.760319 0.64955 -4.8993e-18
    outer loop
      vertex 19.2552 56.2164 2
      vertex 19.5355 56.5445 5
      vertex 19.5355 56.5445 2
    endloop
  endfacet
  facet normal -0.760319 0.64955 -4.8993e-18
    outer loop
      vertex 19.5355 56.5445 5
      vertex 19.2552 56.2164 2
      vertex 19.2552 56.2164 5
    endloop
  endfacet
  facet normal -0.923918 0.382591 -1.08349e-18
    outer loop
      vertex 18.8646 55.4498 2
      vertex 19.0297 55.8485 5
      vertex 19.0297 55.8485 2
    endloop
  endfacet
  facet normal -0.923918 0.382591 -1.08349e-18
    outer loop
      vertex 19.0297 55.8485 5
      vertex 18.8646 55.4498 2
      vertex 18.8646 55.4498 5
    endloop
  endfacet
  facet normal -0.522584 0.852588 0
    outer loop
      vertex 20.2315 57.0503 2
      vertex 19.8636 56.8248 5
      vertex 20.2315 57.0503 5
    endloop
  endfacet
  facet normal -0.522584 0.852588 0
    outer loop
      vertex 19.8636 56.8248 5
      vertex 20.2315 57.0503 2
      vertex 19.8636 56.8248 2
    endloop
  endfacet
  facet normal -0.233364 0.972389 0
    outer loop
      vertex 21.0498 57.3161 2
      vertex 20.6302 57.2154 5
      vertex 21.0498 57.3161 5
    endloop
  endfacet
  facet normal -0.233364 0.972389 0
    outer loop
      vertex 20.6302 57.2154 5
      vertex 21.0498 57.3161 2
      vertex 20.6302 57.2154 2
    endloop
  endfacet
  facet normal 0.522584 -0.852588 0
    outer loop
      vertex 22.7285 52.1497 2
      vertex 23.0964 52.3752 5
      vertex 22.7285 52.1497 5
    endloop
  endfacet
  facet normal 0.522584 -0.852588 0
    outer loop
      vertex 23.0964 52.3752 5
      vertex 22.7285 52.1497 2
      vertex 23.0964 52.3752 2
    endloop
  endfacet
  facet normal -0.64955 -0.760319 0
    outer loop
      vertex 19.5355 52.6555 2
      vertex 19.8636 52.3752 5
      vertex 19.5355 52.6555 5
    endloop
  endfacet
  facet normal -0.64955 -0.760319 -0
    outer loop
      vertex 19.8636 52.3752 5
      vertex 19.5355 52.6555 2
      vertex 19.8636 52.3752 2
    endloop
  endfacet
  facet normal -0.382591 -0.923918 0
    outer loop
      vertex 20.2315 52.1497 2
      vertex 20.6302 51.9846 5
      vertex 20.2315 52.1497 5
    endloop
  endfacet
  facet normal -0.382591 -0.923918 -0
    outer loop
      vertex 20.6302 51.9846 5
      vertex 20.2315 52.1497 2
      vertex 20.6302 51.9846 2
    endloop
  endfacet
  facet normal -0.852588 -0.522584 -4.49123e-18
    outer loop
      vertex 19.2552 52.9836 2
      vertex 19.0297 53.3515 5
      vertex 19.0297 53.3515 2
    endloop
  endfacet
  facet normal -0.852588 -0.522584 -4.49123e-18
    outer loop
      vertex 19.0297 53.3515 5
      vertex 19.2552 52.9836 2
      vertex 19.2552 52.9836 5
    endloop
  endfacet
  facet normal 0.760319 0.64955 4.8993e-18
    outer loop
      vertex 23.7048 56.2164 5
      vertex 23.4245 56.5445 2
      vertex 23.4245 56.5445 5
    endloop
  endfacet
  facet normal 0.760319 0.64955 4.8993e-18
    outer loop
      vertex 23.4245 56.5445 2
      vertex 23.7048 56.2164 5
      vertex 23.7048 56.2164 2
    endloop
  endfacet
  facet normal -0.972389 0.233364 -1.79281e-18
    outer loop
      vertex 18.7639 55.0302 2
      vertex 18.8646 55.4498 5
      vertex 18.8646 55.4498 2
    endloop
  endfacet
  facet normal -0.972389 0.233364 -1.79281e-18
    outer loop
      vertex 18.8646 55.4498 5
      vertex 18.7639 55.0302 2
      vertex 18.7639 55.0302 5
    endloop
  endfacet
  facet normal 0 0 1
    outer loop
      vertex 22.73 54.6 5
      vertex 24.23 54.6 5
      vertex 24.1961 55.0302 5
    endloop
  endfacet
  facet normal 0 0 1
    outer loop
      vertex 22.7146 54.7955 5
      vertex 24.1961 55.0302 5
      vertex 24.0954 55.4498 5
    endloop
  endfacet
  facet normal 0 0 1
    outer loop
      vertex 24.23 54.6 5
      vertex 22.73 54.6 5
      vertex 24.1961 54.1698 5
    endloop
  endfacet
  facet normal 0 0 1
    outer loop
      vertex 22.6688 54.9863 5
      vertex 24.0954 55.4498 5
      vertex 23.9303 55.8485 5
    endloop
  endfacet
  facet normal -0 0 1
    outer loop
      vertex 22.7146 54.4045 5
      vertex 24.1961 54.1698 5
      vertex 22.73 54.6 5
    endloop
  endfacet
  facet normal 0 0 1
    outer loop
      vertex 22.5938 55.1675 5
      vertex 23.9303 55.8485 5
      vertex 23.7048 56.2164 5
    endloop
  endfacet
  facet normal 0 0 1
    outer loop
      vertex 24.1961 54.1698 5
      vertex 22.7146 54.4045 5
      vertex 24.0954 53.7502 5
    endloop
  endfacet
  facet normal 0 0 1
    outer loop
      vertex 22.4913 55.3347 5
      vertex 23.7048 56.2164 5
      vertex 23.4245 56.5445 5
    endloop
  endfacet
  facet normal -0 0 1
    outer loop
      vertex 22.6688 54.2137 5
      vertex 24.0954 53.7502 5
      vertex 22.7146 54.4045 5
    endloop
  endfacet
  facet normal 0 0 1
    outer loop
      vertex 22.3639 55.4839 5
      vertex 23.4245 56.5445 5
      vertex 23.0964 56.8248 5
    endloop
  endfacet
  facet normal 0 0 1
    outer loop
      vertex 24.0954 53.7502 5
      vertex 22.6688 54.2137 5
      vertex 23.9303 53.3515 5
    endloop
  endfacet
  facet normal -0 0 1
    outer loop
      vertex 22.5938 54.0325 5
      vertex 23.9303 53.3515 5
      vertex 22.6688 54.2137 5
    endloop
  endfacet
  facet normal 0 0 1
    outer loop
      vertex 22.2147 55.6113 5
      vertex 23.0964 56.8248 5
      vertex 22.7285 57.0503 5
    endloop
  endfacet
  facet normal 0 0 1
    outer loop
      vertex 24.1961 55.0302 5
      vertex 22.7146 54.7955 5
      vertex 22.73 54.6 5
    endloop
  endfacet
  facet normal 0 0 1
    outer loop
      vertex 24.0954 55.4498 5
      vertex 22.6688 54.9863 5
      vertex 22.7146 54.7955 5
    endloop
  endfacet
  facet normal 0 0 1
    outer loop
      vertex 23.9303 55.8485 5
      vertex 22.5938 55.1675 5
      vertex 22.6688 54.9863 5
    endloop
  endfacet
  facet normal 0 0 1
    outer loop
      vertex 23.7048 56.2164 5
      vertex 22.4913 55.3347 5
      vertex 22.5938 55.1675 5
    endloop
  endfacet
  facet normal 0 0 1
    outer loop
      vertex 23.4245 56.5445 5
      vertex 22.3639 55.4839 5
      vertex 22.4913 55.3347 5
    endloop
  endfacet
  facet normal 0 0 1
    outer loop
      vertex 22.0475 55.7138 5
      vertex 22.7285 57.0503 5
      vertex 22.3298 57.2154 5
    endloop
  endfacet
  facet normal 0 0 1
    outer loop
      vertex 23.0964 56.8248 5
      vertex 22.2147 55.6113 5
      vertex 22.3639 55.4839 5
    endloop
  endfacet
  facet normal 0 0 1
    outer loop
      vertex 22.7285 57.0503 5
      vertex 22.0475 55.7138 5
      vertex 22.2147 55.6113 5
    endloop
  endfacet
  facet normal 0 0 1
    outer loop
      vertex 21.8663 55.7888 5
      vertex 22.3298 57.2154 5
      vertex 21.9102 57.3161 5
    endloop
  endfacet
  facet normal 0 0 1
    outer loop
      vertex 22.3298 57.2154 5
      vertex 21.8663 55.7888 5
      vertex 22.0475 55.7138 5
    endloop
  endfacet
  facet normal 0 0 1
    outer loop
      vertex 21.9102 57.3161 5
      vertex 21.6755 55.8346 5
      vertex 21.8663 55.7888 5
    endloop
  endfacet
  facet normal 0 0 1
    outer loop
      vertex 21.48 57.35 5
      vertex 21.6755 55.8346 5
      vertex 21.9102 57.3161 5
    endloop
  endfacet
  facet normal 0 0 1
    outer loop
      vertex 21.48 57.35 5
      vertex 21.48 55.85 5
      vertex 21.6755 55.8346 5
    endloop
  endfacet
  facet normal 0 0 1
    outer loop
      vertex 21.48 57.35 5
      vertex 21.2845 55.8346 5
      vertex 21.48 55.85 5
    endloop
  endfacet
  facet normal -0 0 1
    outer loop
      vertex 21.0498 57.3161 5
      vertex 21.2845 55.8346 5
      vertex 21.48 57.35 5
    endloop
  endfacet
  facet normal 0 0 1
    outer loop
      vertex 21.2845 55.8346 5
      vertex 21.0498 57.3161 5
      vertex 21.0937 55.7888 5
    endloop
  endfacet
  facet normal -0 0 1
    outer loop
      vertex 20.6302 57.2154 5
      vertex 21.0937 55.7888 5
      vertex 21.0498 57.3161 5
    endloop
  endfacet
  facet normal 0 0 1
    outer loop
      vertex 21.0937 55.7888 5
      vertex 20.6302 57.2154 5
      vertex 20.9125 55.7138 5
    endloop
  endfacet
  facet normal -0 0 1
    outer loop
      vertex 20.2315 57.0503 5
      vertex 20.9125 55.7138 5
      vertex 20.6302 57.2154 5
    endloop
  endfacet
  facet normal 0 0 1
    outer loop
      vertex 20.9125 55.7138 5
      vertex 20.2315 57.0503 5
      vertex 20.7453 55.6113 5
    endloop
  endfacet
  facet normal -0 0 1
    outer loop
      vertex 19.8636 56.8248 5
      vertex 20.7453 55.6113 5
      vertex 20.2315 57.0503 5
    endloop
  endfacet
  facet normal 0 0 1
    outer loop
      vertex 20.7453 55.6113 5
      vertex 19.8636 56.8248 5
      vertex 20.5961 55.4839 5
    endloop
  endfacet
  facet normal -0 0 1
    outer loop
      vertex 19.5355 56.5445 5
      vertex 20.5961 55.4839 5
      vertex 19.8636 56.8248 5
    endloop
  endfacet
  facet normal 0 0 1
    outer loop
      vertex 20.5961 55.4839 5
      vertex 19.5355 56.5445 5
      vertex 20.4687 55.3347 5
    endloop
  endfacet
  facet normal -0 0 1
    outer loop
      vertex 19.2552 56.2164 5
      vertex 20.4687 55.3347 5
      vertex 19.5355 56.5445 5
    endloop
  endfacet
  facet normal 0 0 1
    outer loop
      vertex 20.4687 55.3347 5
      vertex 19.2552 56.2164 5
      vertex 20.3662 55.1675 5
    endloop
  endfacet
  facet normal -0 0 1
    outer loop
      vertex 19.0297 55.8485 5
      vertex 20.3662 55.1675 5
      vertex 19.2552 56.2164 5
    endloop
  endfacet
  facet normal 0 0 1
    outer loop
      vertex 23.9303 53.3515 5
      vertex 22.5938 54.0325 5
      vertex 23.7048 52.9836 5
    endloop
  endfacet
  facet normal -0 0 1
    outer loop
      vertex 22.4913 53.8653 5
      vertex 23.7048 52.9836 5
      vertex 22.5938 54.0325 5
    endloop
  endfacet
  facet normal 0 0 1
    outer loop
      vertex 23.7048 52.9836 5
      vertex 22.4913 53.8653 5
      vertex 23.4245 52.6555 5
    endloop
  endfacet
  facet normal -0 0 1
    outer loop
      vertex 22.3639 53.7161 5
      vertex 23.4245 52.6555 5
      vertex 22.4913 53.8653 5
    endloop
  endfacet
  facet normal 0 0 1
    outer loop
      vertex 23.4245 52.6555 5
      vertex 22.3639 53.7161 5
      vertex 23.0964 52.3752 5
    endloop
  endfacet
  facet normal -0 0 1
    outer loop
      vertex 22.2147 53.5887 5
      vertex 23.0964 52.3752 5
      vertex 22.3639 53.7161 5
    endloop
  endfacet
  facet normal 0 0 1
    outer loop
      vertex 23.0964 52.3752 5
      vertex 22.2147 53.5887 5
      vertex 22.7285 52.1497 5
    endloop
  endfacet
  facet normal -0 0 1
    outer loop
      vertex 22.0475 53.4862 5
      vertex 22.7285 52.1497 5
      vertex 22.2147 53.5887 5
    endloop
  endfacet
  facet normal 0 0 1
    outer loop
      vertex 22.7285 52.1497 5
      vertex 22.0475 53.4862 5
      vertex 22.3298 51.9846 5
    endloop
  endfacet
  facet normal -0 0 1
    outer loop
      vertex 21.8663 53.4112 5
      vertex 22.3298 51.9846 5
      vertex 22.0475 53.4862 5
    endloop
  endfacet
  facet normal 0 0 1
    outer loop
      vertex 22.3298 51.9846 5
      vertex 21.8663 53.4112 5
      vertex 21.9102 51.8839 5
    endloop
  endfacet
  facet normal -0 0 1
    outer loop
      vertex 21.6755 53.3654 5
      vertex 21.9102 51.8839 5
      vertex 21.8663 53.4112 5
    endloop
  endfacet
  facet normal -0 0 1
    outer loop
      vertex 21.48 53.35 5
      vertex 21.9102 51.8839 5
      vertex 21.6755 53.3654 5
    endloop
  endfacet
  facet normal 0 0 1
    outer loop
      vertex 21.48 53.35 5
      vertex 21.48 51.85 5
      vertex 21.9102 51.8839 5
    endloop
  endfacet
  facet normal 0 0 1
    outer loop
      vertex 21.2845 53.3654 5
      vertex 21.48 51.85 5
      vertex 21.48 53.35 5
    endloop
  endfacet
  facet normal 0 0 1
    outer loop
      vertex 21.0498 51.8839 5
      vertex 21.2845 53.3654 5
      vertex 21.0937 53.4112 5
    endloop
  endfacet
  facet normal 0 0 1
    outer loop
      vertex 21.2845 53.3654 5
      vertex 21.0498 51.8839 5
      vertex 21.48 51.85 5
    endloop
  endfacet
  facet normal 0 0 1
    outer loop
      vertex 20.6302 51.9846 5
      vertex 21.0937 53.4112 5
      vertex 20.9125 53.4862 5
    endloop
  endfacet
  facet normal 0 0 1
    outer loop
      vertex 20.2315 52.1497 5
      vertex 20.9125 53.4862 5
      vertex 20.7453 53.5887 5
    endloop
  endfacet
  facet normal 0 0 1
    outer loop
      vertex 21.0937 53.4112 5
      vertex 20.6302 51.9846 5
      vertex 21.0498 51.8839 5
    endloop
  endfacet
  facet normal 0 0 1
    outer loop
      vertex 19.8636 52.3752 5
      vertex 20.7453 53.5887 5
      vertex 20.5961 53.7161 5
    endloop
  endfacet
  facet normal 0 0 1
    outer loop
      vertex 19.5355 52.6555 5
      vertex 20.5961 53.7161 5
      vertex 20.4687 53.8653 5
    endloop
  endfacet
  facet normal 0 0 1
    outer loop
      vertex 19.2552 52.9836 5
      vertex 20.4687 53.8653 5
      vertex 20.3662 54.0325 5
    endloop
  endfacet
  facet normal 0 0 1
    outer loop
      vertex 19.0297 53.3515 5
      vertex 20.3662 54.0325 5
      vertex 20.2912 54.2137 5
    endloop
  endfacet
  facet normal 0 0 1
    outer loop
      vertex 18.8646 53.7502 5
      vertex 20.2912 54.2137 5
      vertex 20.2454 54.4045 5
    endloop
  endfacet
  facet normal 0 0 1
    outer loop
      vertex 20.9125 53.4862 5
      vertex 20.2315 52.1497 5
      vertex 20.6302 51.9846 5
    endloop
  endfacet
  facet normal 0 0 1
    outer loop
      vertex 18.7639 54.1698 5
      vertex 20.2454 54.4045 5
      vertex 20.23 54.6 5
    endloop
  endfacet
  facet normal 0 0 1
    outer loop
      vertex 20.3662 55.1675 5
      vertex 19.0297 55.8485 5
      vertex 20.2912 54.9863 5
    endloop
  endfacet
  facet normal 0 0 1
    outer loop
      vertex 20.7453 53.5887 5
      vertex 19.8636 52.3752 5
      vertex 20.2315 52.1497 5
    endloop
  endfacet
  facet normal -0 0 1
    outer loop
      vertex 18.8646 55.4498 5
      vertex 20.2912 54.9863 5
      vertex 19.0297 55.8485 5
    endloop
  endfacet
  facet normal 0 0 1
    outer loop
      vertex 20.5961 53.7161 5
      vertex 19.5355 52.6555 5
      vertex 19.8636 52.3752 5
    endloop
  endfacet
  facet normal 0 0 1
    outer loop
      vertex 20.2912 54.9863 5
      vertex 18.8646 55.4498 5
      vertex 20.2454 54.7955 5
    endloop
  endfacet
  facet normal 0 0 1
    outer loop
      vertex 20.4687 53.8653 5
      vertex 19.2552 52.9836 5
      vertex 19.5355 52.6555 5
    endloop
  endfacet
  facet normal -0 0 1
    outer loop
      vertex 18.7639 55.0302 5
      vertex 20.2454 54.7955 5
      vertex 18.8646 55.4498 5
    endloop
  endfacet
  facet normal 0 0 1
    outer loop
      vertex 20.3662 54.0325 5
      vertex 19.0297 53.3515 5
      vertex 19.2552 52.9836 5
    endloop
  endfacet
  facet normal 0 0 1
    outer loop
      vertex 20.2454 54.7955 5
      vertex 18.7639 55.0302 5
      vertex 20.23 54.6 5
    endloop
  endfacet
  facet normal 0 0 1
    outer loop
      vertex 20.2912 54.2137 5
      vertex 18.8646 53.7502 5
      vertex 19.0297 53.3515 5
    endloop
  endfacet
  facet normal 0 0 1
    outer loop
      vertex 18.73 54.6 5
      vertex 20.23 54.6 5
      vertex 18.7639 55.0302 5
    endloop
  endfacet
  facet normal 0 0 1
    outer loop
      vertex 20.2454 54.4045 5
      vertex 18.7639 54.1698 5
      vertex 18.8646 53.7502 5
    endloop
  endfacet
  facet normal 0 0 1
    outer loop
      vertex 20.23 54.6 5
      vertex 18.73 54.6 5
      vertex 18.7639 54.1698 5
    endloop
  endfacet
  facet normal -0.078557 0.99691 0
    outer loop
      vertex 21.48 57.35 2
      vertex 21.0498 57.3161 5
      vertex 21.48 57.35 5
    endloop
  endfacet
  facet normal -0.078557 0.99691 0
    outer loop
      vertex 21.0498 57.3161 5
      vertex 21.48 57.35 2
      vertex 21.0498 57.3161 2
    endloop
  endfacet
  facet normal 0.078557 -0.99691 0
    outer loop
      vertex 21.48 51.85 2
      vertex 21.9102 51.8839 5
      vertex 21.48 51.85 5
    endloop
  endfacet
  facet normal 0.078557 -0.99691 0
    outer loop
      vertex 21.9102 51.8839 5
      vertex 21.48 51.85 2
      vertex 21.9102 51.8839 2
    endloop
  endfacet
  facet normal 0.382591 -0.923918 0
    outer loop
      vertex 22.3298 51.9846 2
      vertex 22.7285 52.1497 5
      vertex 22.3298 51.9846 5
    endloop
  endfacet
  facet normal 0.382591 -0.923918 0
    outer loop
      vertex 22.7285 52.1497 5
      vertex 22.3298 51.9846 2
      vertex 22.7285 52.1497 2
    endloop
  endfacet
  facet normal 0.64955 -0.760319 0
    outer loop
      vertex 23.0964 52.3752 2
      vertex 23.4245 52.6555 5
      vertex 23.0964 52.3752 5
    endloop
  endfacet
  facet normal 0.64955 -0.760319 0
    outer loop
      vertex 23.4245 52.6555 5
      vertex 23.0964 52.3752 2
      vertex 23.4245 52.6555 2
    endloop
  endfacet
  facet normal 0.923918 -0.382591 -1.80582e-18
    outer loop
      vertex 23.9303 53.3515 5
      vertex 24.0954 53.7502 2
      vertex 24.0954 53.7502 5
    endloop
  endfacet
  facet normal 0.923918 -0.382591 -1.80582e-18
    outer loop
      vertex 24.0954 53.7502 2
      vertex 23.9303 53.3515 5
      vertex 23.9303 53.3515 2
    endloop
  endfacet
  facet normal 0.852588 -0.522584 4.49123e-18
    outer loop
      vertex 23.7048 52.9836 5
      vertex 23.9303 53.3515 2
      vertex 23.9303 53.3515 5
    endloop
  endfacet
  facet normal 0.852588 -0.522584 4.49123e-18
    outer loop
      vertex 23.9303 53.3515 2
      vertex 23.7048 52.9836 5
      vertex 23.7048 52.9836 2
    endloop
  endfacet
  facet normal 0.972389 -0.233364 -1.79281e-18
    outer loop
      vertex 24.0954 53.7502 5
      vertex 24.1961 54.1698 2
      vertex 24.1961 54.1698 5
    endloop
  endfacet
  facet normal 0.972389 -0.233364 -1.79281e-18
    outer loop
      vertex 24.1961 54.1698 2
      vertex 24.0954 53.7502 5
      vertex 24.0954 53.7502 2
    endloop
  endfacet
  facet normal -0.522584 -0.852588 0
    outer loop
      vertex 19.8636 52.3752 2
      vertex 20.2315 52.1497 5
      vertex 19.8636 52.3752 5
    endloop
  endfacet
  facet normal -0.522584 -0.852588 -0
    outer loop
      vertex 20.2315 52.1497 5
      vertex 19.8636 52.3752 2
      vertex 20.2315 52.1497 2
    endloop
  endfacet
  facet normal -0.233364 -0.972389 0
    outer loop
      vertex 20.6302 51.9846 2
      vertex 21.0498 51.8839 5
      vertex 20.6302 51.9846 5
    endloop
  endfacet
  facet normal -0.233364 -0.972389 -0
    outer loop
      vertex 21.0498 51.8839 5
      vertex 20.6302 51.9846 2
      vertex 21.0498 51.8839 2
    endloop
  endfacet
  facet normal -0.760319 -0.64955 4.8993e-18
    outer loop
      vertex 19.5355 52.6555 2
      vertex 19.2552 52.9836 5
      vertex 19.2552 52.9836 2
    endloop
  endfacet
  facet normal -0.760319 -0.64955 4.8993e-18
    outer loop
      vertex 19.2552 52.9836 5
      vertex 19.5355 52.6555 2
      vertex 19.5355 52.6555 5
    endloop
  endfacet
  facet normal -0.923918 -0.382591 1.08349e-18
    outer loop
      vertex 19.0297 53.3515 2
      vertex 18.8646 53.7502 5
      vertex 18.8646 53.7502 2
    endloop
  endfacet
  facet normal -0.923918 -0.382591 1.08349e-18
    outer loop
      vertex 18.8646 53.7502 5
      vertex 19.0297 53.3515 2
      vertex 19.0297 53.3515 5
    endloop
  endfacet
  facet normal -0.99691 -0.078557 -4.14814e-19
    outer loop
      vertex 18.7639 54.1698 2
      vertex 18.73 54.6 5
      vertex 18.73 54.6 2
    endloop
  endfacet
  facet normal -0.99691 -0.078557 -4.14814e-19
    outer loop
      vertex 18.73 54.6 5
      vertex 18.7639 54.1698 2
      vertex 18.7639 54.1698 5
    endloop
  endfacet
  facet normal 0.233364 -0.972389 0
    outer loop
      vertex 21.9102 51.8839 2
      vertex 22.3298 51.9846 5
      vertex 21.9102 51.8839 5
    endloop
  endfacet
  facet normal 0.233364 -0.972389 0
    outer loop
      vertex 22.3298 51.9846 5
      vertex 21.9102 51.8839 2
      vertex 22.3298 51.9846 2
    endloop
  endfacet
  facet normal 0.760319 -0.64955 -4.8993e-18
    outer loop
      vertex 23.4245 52.6555 5
      vertex 23.7048 52.9836 2
      vertex 23.7048 52.9836 5
    endloop
  endfacet
  facet normal 0.760319 -0.64955 -4.8993e-18
    outer loop
      vertex 23.7048 52.9836 2
      vertex 23.4245 52.6555 5
      vertex 23.4245 52.6555 2
    endloop
  endfacet
  facet normal 0.99691 -0.078557 4.14814e-19
    outer loop
      vertex 24.1961 54.1698 5
      vertex 24.23 54.6 2
      vertex 24.23 54.6 5
    endloop
  endfacet
  facet normal 0.99691 -0.078557 4.14814e-19
    outer loop
      vertex 24.23 54.6 2
      vertex 24.1961 54.1698 5
      vertex 24.1961 54.1698 2
    endloop
  endfacet
  facet normal -0.078557 -0.99691 0
    outer loop
      vertex 21.0498 51.8839 2
      vertex 21.48 51.85 5
      vertex 21.0498 51.8839 5
    endloop
  endfacet
  facet normal -0.078557 -0.99691 -0
    outer loop
      vertex 21.48 51.85 5
      vertex 21.0498 51.8839 2
      vertex 21.48 51.85 2
    endloop
  endfacet
  facet normal -0.972389 -0.233364 1.79281e-18
    outer loop
      vertex 18.8646 53.7502 2
      vertex 18.7639 54.1698 5
      vertex 18.7639 54.1698 2
    endloop
  endfacet
  facet normal -0.972389 -0.233364 1.79281e-18
    outer loop
      vertex 18.7639 54.1698 5
      vertex 18.8646 53.7502 2
      vertex 18.8646 53.7502 5
    endloop
  endfacet
  facet normal 0.996912 0.0785291 -6.58689e-20
    outer loop
      vertex 22.73 54.6 7
      vertex 22.7146 54.7955 5
      vertex 22.7146 54.7955 7
    endloop
  endfacet
  facet normal 0.996912 0.0785291 -6.58689e-20
    outer loop
      vertex 22.7146 54.7955 5
      vertex 22.73 54.6 7
      vertex 22.73 54.6 5
    endloop
  endfacet
  facet normal -0.996912 0.0785291 6.58689e-20
    outer loop
      vertex 20.23 54.6 5
      vertex 20.2454 54.7955 7
      vertex 20.2454 54.7955 5
    endloop
  endfacet
  facet normal -0.996912 0.0785291 6.58689e-20
    outer loop
      vertex 20.2454 54.7955 7
      vertex 20.23 54.6 5
      vertex 20.23 54.6 7
    endloop
  endfacet
  facet normal 0.0785291 0.996912 -0
    outer loop
      vertex 21.6755 55.8346 5
      vertex 21.48 55.85 7
      vertex 21.6755 55.8346 7
    endloop
  endfacet
  facet normal 0.0785291 0.996912 0
    outer loop
      vertex 21.48 55.85 7
      vertex 21.6755 55.8346 5
      vertex 21.48 55.85 5
    endloop
  endfacet
  facet normal -0.0785291 -0.996912 0
    outer loop
      vertex 21.2845 53.3654 5
      vertex 21.48 53.35 7
      vertex 21.2845 53.3654 7
    endloop
  endfacet
  facet normal -0.0785291 -0.996912 -0
    outer loop
      vertex 21.48 53.35 7
      vertex 21.2845 53.3654 5
      vertex 21.48 53.35 5
    endloop
  endfacet
  facet normal 0.760479 0.649363 4.33895e-18
    outer loop
      vertex 22.4913 55.3347 7
      vertex 22.3639 55.4839 5
      vertex 22.3639 55.4839 7
    endloop
  endfacet
  facet normal 0.760479 0.649363 4.33895e-18
    outer loop
      vertex 22.3639 55.4839 5
      vertex 22.4913 55.3347 7
      vertex 22.4913 55.3347 5
    endloop
  endfacet
  facet normal -0.649363 0.760479 0
    outer loop
      vertex 20.7453 55.6113 5
      vertex 20.5961 55.4839 7
      vertex 20.7453 55.6113 7
    endloop
  endfacet
  facet normal -0.649363 0.760479 0
    outer loop
      vertex 20.5961 55.4839 7
      vertex 20.7453 55.6113 5
      vertex 20.5961 55.4839 5
    endloop
  endfacet
  facet normal -0.382442 0.92398 0
    outer loop
      vertex 21.0937 55.7888 5
      vertex 20.9125 55.7138 7
      vertex 21.0937 55.7888 7
    endloop
  endfacet
  facet normal -0.382442 0.92398 0
    outer loop
      vertex 20.9125 55.7138 7
      vertex 21.0937 55.7888 5
      vertex 20.9125 55.7138 5
    endloop
  endfacet
  facet normal 0.92398 0.382442 -9.71823e-19
    outer loop
      vertex 22.6688 54.9863 7
      vertex 22.5938 55.1675 5
      vertex 22.5938 55.1675 7
    endloop
  endfacet
  facet normal 0.92398 0.382442 -9.71823e-19
    outer loop
      vertex 22.5938 55.1675 5
      vertex 22.6688 54.9863 7
      vertex 22.6688 54.9863 5
    endloop
  endfacet
  facet normal 0.972378 0.233412 2.05046e-18
    outer loop
      vertex 22.7146 54.7955 7
      vertex 22.6688 54.9863 5
      vertex 22.6688 54.9863 7
    endloop
  endfacet
  facet normal 0.972378 0.233412 2.05046e-18
    outer loop
      vertex 22.6688 54.9863 5
      vertex 22.7146 54.7955 7
      vertex 22.7146 54.7955 5
    endloop
  endfacet
  facet normal 0.85255 0.522646 2.13791e-18
    outer loop
      vertex 22.5938 55.1675 7
      vertex 22.4913 55.3347 5
      vertex 22.4913 55.3347 7
    endloop
  endfacet
  facet normal 0.85255 0.522646 2.13791e-18
    outer loop
      vertex 22.4913 55.3347 5
      vertex 22.5938 55.1675 7
      vertex 22.5938 55.1675 5
    endloop
  endfacet
  facet normal 0.522646 0.85255 -0
    outer loop
      vertex 22.2147 55.6113 5
      vertex 22.0475 55.7138 7
      vertex 22.2147 55.6113 7
    endloop
  endfacet
  facet normal 0.522646 0.85255 0
    outer loop
      vertex 22.0475 55.7138 7
      vertex 22.2147 55.6113 5
      vertex 22.0475 55.7138 5
    endloop
  endfacet
  facet normal 0.382442 0.92398 -0
    outer loop
      vertex 22.0475 55.7138 5
      vertex 21.8663 55.7888 7
      vertex 22.0475 55.7138 7
    endloop
  endfacet
  facet normal 0.382442 0.92398 0
    outer loop
      vertex 21.8663 55.7888 7
      vertex 22.0475 55.7138 5
      vertex 21.8663 55.7888 5
    endloop
  endfacet
  facet normal 0.649363 0.760479 -0
    outer loop
      vertex 22.3639 55.4839 5
      vertex 22.2147 55.6113 7
      vertex 22.3639 55.4839 7
    endloop
  endfacet
  facet normal 0.649363 0.760479 0
    outer loop
      vertex 22.2147 55.6113 7
      vertex 22.3639 55.4839 5
      vertex 22.2147 55.6113 5
    endloop
  endfacet
  facet normal -0.85255 0.522646 -2.54821e-19
    outer loop
      vertex 20.3662 55.1675 5
      vertex 20.4687 55.3347 7
      vertex 20.4687 55.3347 5
    endloop
  endfacet
  facet normal -0.85255 0.522646 -2.54821e-19
    outer loop
      vertex 20.4687 55.3347 7
      vertex 20.3662 55.1675 5
      vertex 20.3662 55.1675 7
    endloop
  endfacet
  facet normal -0.760479 0.649363 -2.40045e-18
    outer loop
      vertex 20.4687 55.3347 5
      vertex 20.5961 55.4839 7
      vertex 20.5961 55.4839 5
    endloop
  endfacet
  facet normal -0.760479 0.649363 -2.40045e-18
    outer loop
      vertex 20.5961 55.4839 7
      vertex 20.4687 55.3347 5
      vertex 20.4687 55.3347 7
    endloop
  endfacet
  facet normal -0.92398 0.382442 9.71823e-19
    outer loop
      vertex 20.2912 54.9863 5
      vertex 20.3662 55.1675 7
      vertex 20.3662 55.1675 5
    endloop
  endfacet
  facet normal -0.92398 0.382442 9.71823e-19
    outer loop
      vertex 20.3662 55.1675 7
      vertex 20.2912 54.9863 5
      vertex 20.2912 54.9863 7
    endloop
  endfacet
  facet normal -0.522646 0.85255 0
    outer loop
      vertex 20.9125 55.7138 5
      vertex 20.7453 55.6113 7
      vertex 20.9125 55.7138 7
    endloop
  endfacet
  facet normal -0.522646 0.85255 0
    outer loop
      vertex 20.7453 55.6113 7
      vertex 20.9125 55.7138 5
      vertex 20.7453 55.6113 5
    endloop
  endfacet
  facet normal -0.233412 0.972378 0
    outer loop
      vertex 21.2845 55.8346 5
      vertex 21.0937 55.7888 7
      vertex 21.2845 55.8346 7
    endloop
  endfacet
  facet normal -0.233412 0.972378 0
    outer loop
      vertex 21.0937 55.7888 7
      vertex 21.2845 55.8346 5
      vertex 21.0937 55.7888 5
    endloop
  endfacet
  facet normal 0.522646 -0.85255 0
    outer loop
      vertex 22.0475 53.4862 5
      vertex 22.2147 53.5887 7
      vertex 22.0475 53.4862 7
    endloop
  endfacet
  facet normal 0.522646 -0.85255 0
    outer loop
      vertex 22.2147 53.5887 7
      vertex 22.0475 53.4862 5
      vertex 22.2147 53.5887 5
    endloop
  endfacet
  facet normal -0.649363 -0.760479 0
    outer loop
      vertex 20.5961 53.7161 5
      vertex 20.7453 53.5887 7
      vertex 20.5961 53.7161 7
    endloop
  endfacet
  facet normal -0.649363 -0.760479 -0
    outer loop
      vertex 20.7453 53.5887 7
      vertex 20.5961 53.7161 5
      vertex 20.7453 53.5887 5
    endloop
  endfacet
  facet normal -0.382442 -0.92398 0
    outer loop
      vertex 20.9125 53.4862 5
      vertex 21.0937 53.4112 7
      vertex 20.9125 53.4862 7
    endloop
  endfacet
  facet normal -0.382442 -0.92398 -0
    outer loop
      vertex 21.0937 53.4112 7
      vertex 20.9125 53.4862 5
      vertex 21.0937 53.4112 5
    endloop
  endfacet
  facet normal -0.85255 -0.522646 2.54821e-19
    outer loop
      vertex 20.4687 53.8653 5
      vertex 20.3662 54.0325 7
      vertex 20.3662 54.0325 5
    endloop
  endfacet
  facet normal -0.85255 -0.522646 2.54821e-19
    outer loop
      vertex 20.3662 54.0325 7
      vertex 20.4687 53.8653 5
      vertex 20.4687 53.8653 7
    endloop
  endfacet
  facet normal 0.233412 0.972378 -0
    outer loop
      vertex 21.8663 55.7888 5
      vertex 21.6755 55.8346 7
      vertex 21.8663 55.7888 7
    endloop
  endfacet
  facet normal 0.233412 0.972378 0
    outer loop
      vertex 21.6755 55.8346 7
      vertex 21.8663 55.7888 5
      vertex 21.6755 55.8346 5
    endloop
  endfacet
  facet normal -0.972378 0.233412 -2.05046e-18
    outer loop
      vertex 20.2454 54.7955 5
      vertex 20.2912 54.9863 7
      vertex 20.2912 54.9863 5
    endloop
  endfacet
  facet normal -0.972378 0.233412 -2.05046e-18
    outer loop
      vertex 20.2912 54.9863 7
      vertex 20.2454 54.7955 5
      vertex 20.2454 54.7955 7
    endloop
  endfacet
  facet normal 0 0 1
    outer loop
      vertex 22.7146 54.7955 7
      vertex 22.7146 54.4045 7
      vertex 22.73 54.6 7
    endloop
  endfacet
  facet normal 0 0 1
    outer loop
      vertex 22.6688 54.9863 7
      vertex 22.7146 54.4045 7
      vertex 22.7146 54.7955 7
    endloop
  endfacet
  facet normal 0 0 1
    outer loop
      vertex 22.6688 54.9863 7
      vertex 22.6688 54.2137 7
      vertex 22.7146 54.4045 7
    endloop
  endfacet
  facet normal 0 0 1
    outer loop
      vertex 22.5938 55.1675 7
      vertex 22.6688 54.2137 7
      vertex 22.6688 54.9863 7
    endloop
  endfacet
  facet normal 0 0 1
    outer loop
      vertex 22.5938 55.1675 7
      vertex 22.5938 54.0325 7
      vertex 22.6688 54.2137 7
    endloop
  endfacet
  facet normal 0 0 1
    outer loop
      vertex 22.4913 55.3347 7
      vertex 22.5938 54.0325 7
      vertex 22.5938 55.1675 7
    endloop
  endfacet
  facet normal 0 0 1
    outer loop
      vertex 22.4913 55.3347 7
      vertex 22.4913 53.8653 7
      vertex 22.5938 54.0325 7
    endloop
  endfacet
  facet normal 0 0 1
    outer loop
      vertex 22.3639 55.4839 7
      vertex 22.4913 53.8653 7
      vertex 22.4913 55.3347 7
    endloop
  endfacet
  facet normal 0 0 1
    outer loop
      vertex 22.3639 55.4839 7
      vertex 22.3639 53.7161 7
      vertex 22.4913 53.8653 7
    endloop
  endfacet
  facet normal 0 0 1
    outer loop
      vertex 22.2147 55.6113 7
      vertex 22.3639 53.7161 7
      vertex 22.3639 55.4839 7
    endloop
  endfacet
  facet normal 0 0 1
    outer loop
      vertex 22.2147 55.6113 7
      vertex 22.2147 53.5887 7
      vertex 22.3639 53.7161 7
    endloop
  endfacet
  facet normal 0 0 1
    outer loop
      vertex 22.0475 55.7138 7
      vertex 22.2147 53.5887 7
      vertex 22.2147 55.6113 7
    endloop
  endfacet
  facet normal 0 0 1
    outer loop
      vertex 22.0475 55.7138 7
      vertex 22.0475 53.4862 7
      vertex 22.2147 53.5887 7
    endloop
  endfacet
  facet normal 0 0 1
    outer loop
      vertex 21.8663 55.7888 7
      vertex 22.0475 53.4862 7
      vertex 22.0475 55.7138 7
    endloop
  endfacet
  facet normal 0 0 1
    outer loop
      vertex 21.8663 55.7888 7
      vertex 21.8663 53.4112 7
      vertex 22.0475 53.4862 7
    endloop
  endfacet
  facet normal 0 0 1
    outer loop
      vertex 21.6755 55.8346 7
      vertex 21.8663 53.4112 7
      vertex 21.8663 55.7888 7
    endloop
  endfacet
  facet normal 0 0 1
    outer loop
      vertex 21.6755 55.8346 7
      vertex 21.6755 53.3654 7
      vertex 21.8663 53.4112 7
    endloop
  endfacet
  facet normal 0 0 1
    outer loop
      vertex 21.48 55.85 7
      vertex 21.6755 53.3654 7
      vertex 21.6755 55.8346 7
    endloop
  endfacet
  facet normal 0 0 1
    outer loop
      vertex 21.48 55.85 7
      vertex 21.48 53.35 7
      vertex 21.6755 53.3654 7
    endloop
  endfacet
  facet normal -0 0 1
    outer loop
      vertex 21.2845 55.8346 7
      vertex 21.48 53.35 7
      vertex 21.48 55.85 7
    endloop
  endfacet
  facet normal 0 0 1
    outer loop
      vertex 21.2845 55.8346 7
      vertex 21.2845 53.3654 7
      vertex 21.48 53.35 7
    endloop
  endfacet
  facet normal -0 0 1
    outer loop
      vertex 21.0937 55.7888 7
      vertex 21.2845 53.3654 7
      vertex 21.2845 55.8346 7
    endloop
  endfacet
  facet normal 0 0 1
    outer loop
      vertex 21.0937 55.7888 7
      vertex 21.0937 53.4112 7
      vertex 21.2845 53.3654 7
    endloop
  endfacet
  facet normal -0 0 1
    outer loop
      vertex 20.9125 55.7138 7
      vertex 21.0937 53.4112 7
      vertex 21.0937 55.7888 7
    endloop
  endfacet
  facet normal 0 0 1
    outer loop
      vertex 20.9125 55.7138 7
      vertex 20.9125 53.4862 7
      vertex 21.0937 53.4112 7
    endloop
  endfacet
  facet normal -0 0 1
    outer loop
      vertex 20.7453 55.6113 7
      vertex 20.9125 53.4862 7
      vertex 20.9125 55.7138 7
    endloop
  endfacet
  facet normal 0 0 1
    outer loop
      vertex 20.7453 55.6113 7
      vertex 20.7453 53.5887 7
      vertex 20.9125 53.4862 7
    endloop
  endfacet
  facet normal -0 0 1
    outer loop
      vertex 20.5961 55.4839 7
      vertex 20.7453 53.5887 7
      vertex 20.7453 55.6113 7
    endloop
  endfacet
  facet normal 0 0 1
    outer loop
      vertex 20.5961 55.4839 7
      vertex 20.5961 53.7161 7
      vertex 20.7453 53.5887 7
    endloop
  endfacet
  facet normal -0 0 1
    outer loop
      vertex 20.4687 55.3347 7
      vertex 20.5961 53.7161 7
      vertex 20.5961 55.4839 7
    endloop
  endfacet
  facet normal 0 0 1
    outer loop
      vertex 20.4687 55.3347 7
      vertex 20.4687 53.8653 7
      vertex 20.5961 53.7161 7
    endloop
  endfacet
  facet normal -0 0 1
    outer loop
      vertex 20.3662 55.1675 7
      vertex 20.4687 53.8653 7
      vertex 20.4687 55.3347 7
    endloop
  endfacet
  facet normal 0 0 1
    outer loop
      vertex 20.3662 55.1675 7
      vertex 20.3662 54.0325 7
      vertex 20.4687 53.8653 7
    endloop
  endfacet
  facet normal -0 0 1
    outer loop
      vertex 20.2912 54.9863 7
      vertex 20.3662 54.0325 7
      vertex 20.3662 55.1675 7
    endloop
  endfacet
  facet normal 0 0 1
    outer loop
      vertex 20.2912 54.9863 7
      vertex 20.2912 54.2137 7
      vertex 20.3662 54.0325 7
    endloop
  endfacet
  facet normal -0 0 1
    outer loop
      vertex 20.2454 54.7955 7
      vertex 20.2912 54.2137 7
      vertex 20.2912 54.9863 7
    endloop
  endfacet
  facet normal 0 0 1
    outer loop
      vertex 20.2454 54.7955 7
      vertex 20.2454 54.4045 7
      vertex 20.2912 54.2137 7
    endloop
  endfacet
  facet normal 0 -0 1
    outer loop
      vertex 20.2454 54.4045 7
      vertex 20.2454 54.7955 7
      vertex 20.23 54.6 7
    endloop
  endfacet
  facet normal -0.0785291 0.996912 0
    outer loop
      vertex 21.48 55.85 5
      vertex 21.2845 55.8346 7
      vertex 21.48 55.85 7
    endloop
  endfacet
  facet normal -0.0785291 0.996912 0
    outer loop
      vertex 21.2845 55.8346 7
      vertex 21.48 55.85 5
      vertex 21.2845 55.8346 5
    endloop
  endfacet
  facet normal 0.996912 -0.0785291 -2.80753e-19
    outer loop
      vertex 22.7146 54.4045 7
      vertex 22.73 54.6 5
      vertex 22.73 54.6 7
    endloop
  endfacet
  facet normal 0.996912 -0.0785291 -2.80753e-19
    outer loop
      vertex 22.73 54.6 5
      vertex 22.7146 54.4045 7
      vertex 22.7146 54.4045 5
    endloop
  endfacet
  facet normal 0.0785291 -0.996912 0
    outer loop
      vertex 21.48 53.35 5
      vertex 21.6755 53.3654 7
      vertex 21.48 53.35 7
    endloop
  endfacet
  facet normal 0.0785291 -0.996912 0
    outer loop
      vertex 21.6755 53.3654 7
      vertex 21.48 53.35 5
      vertex 21.6755 53.3654 5
    endloop
  endfacet
  facet normal 0.382442 -0.92398 0
    outer loop
      vertex 21.8663 53.4112 5
      vertex 22.0475 53.4862 7
      vertex 21.8663 53.4112 7
    endloop
  endfacet
  facet normal 0.382442 -0.92398 0
    outer loop
      vertex 22.0475 53.4862 7
      vertex 21.8663 53.4112 5
      vertex 22.0475 53.4862 5
    endloop
  endfacet
  facet normal 0.649363 -0.760479 0
    outer loop
      vertex 22.2147 53.5887 5
      vertex 22.3639 53.7161 7
      vertex 22.2147 53.5887 7
    endloop
  endfacet
  facet normal 0.649363 -0.760479 0
    outer loop
      vertex 22.3639 53.7161 7
      vertex 22.2147 53.5887 5
      vertex 22.3639 53.7161 5
    endloop
  endfacet
  facet normal 0.92398 -0.382442 8.63842e-20
    outer loop
      vertex 22.5938 54.0325 7
      vertex 22.6688 54.2137 5
      vertex 22.6688 54.2137 7
    endloop
  endfacet
  facet normal 0.92398 -0.382442 8.63842e-20
    outer loop
      vertex 22.6688 54.2137 5
      vertex 22.5938 54.0325 7
      vertex 22.5938 54.0325 5
    endloop
  endfacet
  facet normal 0.760479 -0.649363 -4.33895e-18
    outer loop
      vertex 22.3639 53.7161 7
      vertex 22.4913 53.8653 5
      vertex 22.4913 53.8653 7
    endloop
  endfacet
  facet normal 0.760479 -0.649363 -4.33895e-18
    outer loop
      vertex 22.4913 53.8653 5
      vertex 22.3639 53.7161 7
      vertex 22.3639 53.7161 5
    endloop
  endfacet
  facet normal -0.522646 -0.85255 0
    outer loop
      vertex 20.7453 53.5887 5
      vertex 20.9125 53.4862 7
      vertex 20.7453 53.5887 7
    endloop
  endfacet
  facet normal -0.522646 -0.85255 -0
    outer loop
      vertex 20.9125 53.4862 7
      vertex 20.7453 53.5887 5
      vertex 20.9125 53.4862 5
    endloop
  endfacet
  facet normal -0.233412 -0.972378 0
    outer loop
      vertex 21.0937 53.4112 5
      vertex 21.2845 53.3654 7
      vertex 21.0937 53.4112 7
    endloop
  endfacet
  facet normal -0.233412 -0.972378 -0
    outer loop
      vertex 21.2845 53.3654 7
      vertex 21.0937 53.4112 5
      vertex 21.2845 53.3654 5
    endloop
  endfacet
  facet normal -0.760479 -0.649363 2.40045e-18
    outer loop
      vertex 20.5961 53.7161 5
      vertex 20.4687 53.8653 7
      vertex 20.4687 53.8653 5
    endloop
  endfacet
  facet normal -0.760479 -0.649363 2.40045e-18
    outer loop
      vertex 20.4687 53.8653 7
      vertex 20.5961 53.7161 5
      vertex 20.5961 53.7161 7
    endloop
  endfacet
  facet normal -0.92398 -0.382442 -8.63842e-20
    outer loop
      vertex 20.3662 54.0325 5
      vertex 20.2912 54.2137 7
      vertex 20.2912 54.2137 5
    endloop
  endfacet
  facet normal -0.92398 -0.382442 -8.63842e-20
    outer loop
      vertex 20.2912 54.2137 7
      vertex 20.3662 54.0325 5
      vertex 20.3662 54.0325 7
    endloop
  endfacet
  facet normal -0.996912 -0.0785291 2.80753e-19
    outer loop
      vertex 20.2454 54.4045 5
      vertex 20.23 54.6 7
      vertex 20.23 54.6 5
    endloop
  endfacet
  facet normal -0.996912 -0.0785291 2.80753e-19
    outer loop
      vertex 20.23 54.6 7
      vertex 20.2454 54.4045 5
      vertex 20.2454 54.4045 7
    endloop
  endfacet
  facet normal 0.233412 -0.972378 0
    outer loop
      vertex 21.6755 53.3654 5
      vertex 21.8663 53.4112 7
      vertex 21.6755 53.3654 7
    endloop
  endfacet
  facet normal 0.233412 -0.972378 0
    outer loop
      vertex 21.8663 53.4112 7
      vertex 21.6755 53.3654 5
      vertex 21.8663 53.4112 5
    endloop
  endfacet
  facet normal 0.972378 -0.233412 5.89237e-19
    outer loop
      vertex 22.6688 54.2137 7
      vertex 22.7146 54.4045 5
      vertex 22.7146 54.4045 7
    endloop
  endfacet
  facet normal 0.972378 -0.233412 5.89237e-19
    outer loop
      vertex 22.7146 54.4045 5
      vertex 22.6688 54.2137 7
      vertex 22.6688 54.2137 5
    endloop
  endfacet
  facet normal 0.85255 -0.522646 -2.13791e-18
    outer loop
      vertex 22.4913 53.8653 7
      vertex 22.5938 54.0325 5
      vertex 22.5938 54.0325 7
    endloop
  endfacet
  facet normal 0.85255 -0.522646 -2.13791e-18
    outer loop
      vertex 22.5938 54.0325 5
      vertex 22.4913 53.8653 7
      vertex 22.4913 53.8653 5
    endloop
  endfacet
  facet normal -0.972378 -0.233412 -5.89237e-19
    outer loop
      vertex 20.2912 54.2137 5
      vertex 20.2454 54.4045 7
      vertex 20.2454 54.4045 5
    endloop
  endfacet
  facet normal -0.972378 -0.233412 -5.89237e-19
    outer loop
      vertex 20.2454 54.4045 7
      vertex 20.2912 54.2137 5
      vertex 20.2912 54.2137 7
    endloop
  endfacet
  facet normal 0.99691 0.078557 -6.13716e-19
    outer loop
      vertex 72.49 11.42 5
      vertex 72.4561 11.8502 2
      vertex 72.4561 11.8502 5
    endloop
  endfacet
  facet normal 0.99691 0.078557 -6.13716e-19
    outer loop
      vertex 72.4561 11.8502 2
      vertex 72.49 11.42 5
      vertex 72.49 11.42 2
    endloop
  endfacet
  facet normal -0.99691 0.078557 3.48078e-19
    outer loop
      vertex 66.99 11.42 2
      vertex 67.0239 11.8502 5
      vertex 67.0239 11.8502 2
    endloop
  endfacet
  facet normal -0.99691 0.078557 3.48078e-19
    outer loop
      vertex 67.0239 11.8502 5
      vertex 66.99 11.42 2
      vertex 66.99 11.42 5
    endloop
  endfacet
  facet normal 0.078557 0.99691 -0
    outer loop
      vertex 70.1702 14.1361 2
      vertex 69.74 14.17 5
      vertex 70.1702 14.1361 5
    endloop
  endfacet
  facet normal 0.078557 0.99691 0
    outer loop
      vertex 69.74 14.17 5
      vertex 70.1702 14.1361 2
      vertex 69.74 14.17 2
    endloop
  endfacet
  facet normal -0.760348 -0.649516 3.61148e-18
    outer loop
      vertex 67.7955 9.47546 2
      vertex 67.5152 9.80359 5
      vertex 67.5152 9.80359 2
    endloop
  endfacet
  facet normal -0.760348 -0.649516 3.61148e-18
    outer loop
      vertex 67.5152 9.80359 5
      vertex 67.7955 9.47546 2
      vertex 67.7955 9.47546 5
    endloop
  endfacet
  facet normal 0.64955 0.760319 -0
    outer loop
      vertex 71.6845 13.3645 2
      vertex 71.3564 13.6448 5
      vertex 71.6845 13.3645 5
    endloop
  endfacet
  facet normal 0.64955 0.760319 0
    outer loop
      vertex 71.3564 13.6448 5
      vertex 71.6845 13.3645 2
      vertex 71.3564 13.6448 2
    endloop
  endfacet
  facet normal -0.64955 0.760319 0
    outer loop
      vertex 68.1236 13.6448 2
      vertex 67.7955 13.3645 5
      vertex 68.1236 13.6448 5
    endloop
  endfacet
  facet normal -0.64955 0.760319 0
    outer loop
      vertex 67.7955 13.3645 5
      vertex 68.1236 13.6448 2
      vertex 67.7955 13.3645 2
    endloop
  endfacet
  facet normal -0.382591 0.923918 0
    outer loop
      vertex 68.8902 14.0354 2
      vertex 68.4915 13.8703 5
      vertex 68.8902 14.0354 5
    endloop
  endfacet
  facet normal -0.382591 0.923918 0
    outer loop
      vertex 68.4915 13.8703 5
      vertex 68.8902 14.0354 2
      vertex 68.4915 13.8703 2
    endloop
  endfacet
  facet normal 0.760348 -0.649516 -3.5539e-18
    outer loop
      vertex 71.6845 9.47546 5
      vertex 71.9648 9.80359 2
      vertex 71.9648 9.80359 5
    endloop
  endfacet
  facet normal 0.760348 -0.649516 -3.5539e-18
    outer loop
      vertex 71.9648 9.80359 2
      vertex 71.6845 9.47546 5
      vertex 71.6845 9.47546 2
    endloop
  endfacet
  facet normal 0.852594 -0.522573 3.89965e-18
    outer loop
      vertex 71.9648 9.80359 5
      vertex 72.1903 10.1715 2
      vertex 72.1903 10.1715 5
    endloop
  endfacet
  facet normal 0.852594 -0.522573 3.89965e-18
    outer loop
      vertex 72.1903 10.1715 2
      vertex 71.9648 9.80359 5
      vertex 71.9648 9.80359 2
    endloop
  endfacet
  facet normal 0.923918 0.382591 4.66897e-18
    outer loop
      vertex 72.3554 12.2698 5
      vertex 72.1903 12.6685 2
      vertex 72.1903 12.6685 5
    endloop
  endfacet
  facet normal 0.923918 0.382591 4.66897e-18
    outer loop
      vertex 72.1903 12.6685 2
      vertex 72.3554 12.2698 5
      vertex 72.3554 12.2698 2
    endloop
  endfacet
  facet normal 0.972389 0.233364 2.09379e-18
    outer loop
      vertex 72.4561 11.8502 5
      vertex 72.3554 12.2698 2
      vertex 72.3554 12.2698 5
    endloop
  endfacet
  facet normal 0.972389 0.233364 2.09379e-18
    outer loop
      vertex 72.3554 12.2698 2
      vertex 72.4561 11.8502 5
      vertex 72.4561 11.8502 2
    endloop
  endfacet
  facet normal 0.852588 0.522584 2.81618e-18
    outer loop
      vertex 72.1903 12.6685 5
      vertex 71.9648 13.0364 2
      vertex 71.9648 13.0364 5
    endloop
  endfacet
  facet normal 0.852588 0.522584 2.81618e-18
    outer loop
      vertex 71.9648 13.0364 2
      vertex 72.1903 12.6685 5
      vertex 72.1903 12.6685 2
    endloop
  endfacet
  facet normal 0.382591 0.923918 -0
    outer loop
      vertex 70.9885 13.8703 2
      vertex 70.5898 14.0354 5
      vertex 70.9885 13.8703 5
    endloop
  endfacet
  facet normal 0.382591 0.923918 0
    outer loop
      vertex 70.5898 14.0354 5
      vertex 70.9885 13.8703 2
      vertex 70.5898 14.0354 2
    endloop
  endfacet
  facet normal 0.233364 0.972389 -0
    outer loop
      vertex 70.5898 14.0354 2
      vertex 70.1702 14.1361 5
      vertex 70.5898 14.0354 5
    endloop
  endfacet
  facet normal 0.233364 0.972389 0
    outer loop
      vertex 70.1702 14.1361 5
      vertex 70.5898 14.0354 2
      vertex 70.1702 14.1361 2
    endloop
  endfacet
  facet normal 0.522584 0.852588 -0
    outer loop
      vertex 71.3564 13.6448 2
      vertex 70.9885 13.8703 5
      vertex 71.3564 13.6448 5
    endloop
  endfacet
  facet normal 0.522584 0.852588 0
    outer loop
      vertex 70.9885 13.8703 5
      vertex 71.3564 13.6448 2
      vertex 70.9885 13.8703 2
    endloop
  endfacet
  facet normal -0.852588 0.522584 -2.81618e-18
    outer loop
      vertex 67.2897 12.6685 2
      vertex 67.5152 13.0364 5
      vertex 67.5152 13.0364 2
    endloop
  endfacet
  facet normal -0.852588 0.522584 -2.81618e-18
    outer loop
      vertex 67.5152 13.0364 5
      vertex 67.2897 12.6685 2
      vertex 67.2897 12.6685 5
    endloop
  endfacet
  facet normal -0.760319 0.64955 -4.68993e-18
    outer loop
      vertex 67.5152 13.0364 2
      vertex 67.7955 13.3645 5
      vertex 67.7955 13.3645 2
    endloop
  endfacet
  facet normal -0.760319 0.64955 -4.68993e-18
    outer loop
      vertex 67.7955 13.3645 5
      vertex 67.5152 13.0364 2
      vertex 67.5152 13.0364 5
    endloop
  endfacet
  facet normal -0.923918 0.382591 -1.78489e-18
    outer loop
      vertex 67.1246 12.2698 2
      vertex 67.2897 12.6685 5
      vertex 67.2897 12.6685 2
    endloop
  endfacet
  facet normal -0.923918 0.382591 -1.78489e-18
    outer loop
      vertex 67.2897 12.6685 5
      vertex 67.1246 12.2698 2
      vertex 67.1246 12.2698 5
    endloop
  endfacet
  facet normal -0.522584 0.852588 0
    outer loop
      vertex 68.4915 13.8703 2
      vertex 68.1236 13.6448 5
      vertex 68.4915 13.8703 5
    endloop
  endfacet
  facet normal -0.522584 0.852588 0
    outer loop
      vertex 68.1236 13.6448 5
      vertex 68.4915 13.8703 2
      vertex 68.1236 13.6448 2
    endloop
  endfacet
  facet normal -0.233364 0.972389 0
    outer loop
      vertex 69.3098 14.1361 2
      vertex 68.8902 14.0354 5
      vertex 69.3098 14.1361 5
    endloop
  endfacet
  facet normal -0.233364 0.972389 0
    outer loop
      vertex 68.8902 14.0354 5
      vertex 69.3098 14.1361 2
      vertex 68.8902 14.0354 2
    endloop
  endfacet
  facet normal 0.522533 -0.852619 0
    outer loop
      vertex 70.9885 8.96973 2
      vertex 71.3564 9.1952 5
      vertex 70.9885 8.96973 5
    endloop
  endfacet
  facet normal 0.522533 -0.852619 0
    outer loop
      vertex 71.3564 9.1952 5
      vertex 70.9885 8.96973 2
      vertex 71.3564 9.1952 2
    endloop
  endfacet
  facet normal -0.649496 -0.760365 0
    outer loop
      vertex 67.7955 9.47546 2
      vertex 68.1236 9.1952 5
      vertex 67.7955 9.47546 5
    endloop
  endfacet
  facet normal -0.649496 -0.760365 -0
    outer loop
      vertex 68.1236 9.1952 5
      vertex 67.7955 9.47546 2
      vertex 68.1236 9.1952 2
    endloop
  endfacet
  facet normal -0.38267 -0.923885 0
    outer loop
      vertex 68.4915 8.96973 2
      vertex 68.8902 8.80459 5
      vertex 68.4915 8.96973 5
    endloop
  endfacet
  facet normal -0.38267 -0.923885 -0
    outer loop
      vertex 68.8902 8.80459 5
      vertex 68.4915 8.96973 2
      vertex 68.8902 8.80459 2
    endloop
  endfacet
  facet normal -0.852594 -0.522573 -3.89965e-18
    outer loop
      vertex 67.5152 9.80359 2
      vertex 67.2897 10.1715 5
      vertex 67.2897 10.1715 2
    endloop
  endfacet
  facet normal -0.852594 -0.522573 -3.89965e-18
    outer loop
      vertex 67.2897 10.1715 5
      vertex 67.5152 9.80359 2
      vertex 67.5152 9.80359 5
    endloop
  endfacet
  facet normal 0.760319 0.64955 4.96735e-18
    outer loop
      vertex 71.9648 13.0364 5
      vertex 71.6845 13.3645 2
      vertex 71.6845 13.3645 5
    endloop
  endfacet
  facet normal 0.760319 0.64955 4.96735e-18
    outer loop
      vertex 71.6845 13.3645 2
      vertex 71.9648 13.0364 5
      vertex 71.9648 13.0364 2
    endloop
  endfacet
  facet normal -0.972389 0.233364 -2.09379e-18
    outer loop
      vertex 67.0239 11.8502 2
      vertex 67.1246 12.2698 5
      vertex 67.1246 12.2698 2
    endloop
  endfacet
  facet normal -0.972389 0.233364 -2.09379e-18
    outer loop
      vertex 67.1246 12.2698 5
      vertex 67.0239 11.8502 2
      vertex 67.0239 11.8502 5
    endloop
  endfacet
  facet normal 0 0 1
    outer loop
      vertex 70.99 11.42 5
      vertex 72.49 11.42 5
      vertex 72.4561 11.8502 5
    endloop
  endfacet
  facet normal 0 0 1
    outer loop
      vertex 70.9746 11.6155 5
      vertex 72.4561 11.8502 5
      vertex 72.3554 12.2698 5
    endloop
  endfacet
  facet normal 0 0 1
    outer loop
      vertex 72.49 11.42 5
      vertex 70.99 11.42 5
      vertex 72.4561 10.9898 5
    endloop
  endfacet
  facet normal 0 0 1
    outer loop
      vertex 70.9288 11.8063 5
      vertex 72.3554 12.2698 5
      vertex 72.1903 12.6685 5
    endloop
  endfacet
  facet normal -0 0 1
    outer loop
      vertex 70.9746 11.2245 5
      vertex 72.4561 10.9898 5
      vertex 70.99 11.42 5
    endloop
  endfacet
  facet normal 0 0 1
    outer loop
      vertex 70.8538 11.9875 5
      vertex 72.1903 12.6685 5
      vertex 71.9648 13.0364 5
    endloop
  endfacet
  facet normal 0 0 1
    outer loop
      vertex 72.4561 10.9898 5
      vertex 70.9746 11.2245 5
      vertex 72.3554 10.5702 5
    endloop
  endfacet
  facet normal 0 0 1
    outer loop
      vertex 70.7513 12.1547 5
      vertex 71.9648 13.0364 5
      vertex 71.6845 13.3645 5
    endloop
  endfacet
  facet normal -0 0 1
    outer loop
      vertex 70.9288 11.0337 5
      vertex 72.3554 10.5702 5
      vertex 70.9746 11.2245 5
    endloop
  endfacet
  facet normal 0 0 1
    outer loop
      vertex 70.6239 12.3039 5
      vertex 71.6845 13.3645 5
      vertex 71.3564 13.6448 5
    endloop
  endfacet
  facet normal 0 0 1
    outer loop
      vertex 72.3554 10.5702 5
      vertex 70.9288 11.0337 5
      vertex 72.1903 10.1715 5
    endloop
  endfacet
  facet normal -0 0 1
    outer loop
      vertex 70.8538 10.8525 5
      vertex 72.1903 10.1715 5
      vertex 70.9288 11.0337 5
    endloop
  endfacet
  facet normal 0 0 1
    outer loop
      vertex 70.4747 12.4313 5
      vertex 71.3564 13.6448 5
      vertex 70.9885 13.8703 5
    endloop
  endfacet
  facet normal 0 0 1
    outer loop
      vertex 72.4561 11.8502 5
      vertex 70.9746 11.6155 5
      vertex 70.99 11.42 5
    endloop
  endfacet
  facet normal 0 0 1
    outer loop
      vertex 72.3554 12.2698 5
      vertex 70.9288 11.8063 5
      vertex 70.9746 11.6155 5
    endloop
  endfacet
  facet normal 0 0 1
    outer loop
      vertex 72.1903 12.6685 5
      vertex 70.8538 11.9875 5
      vertex 70.9288 11.8063 5
    endloop
  endfacet
  facet normal 0 0 1
    outer loop
      vertex 71.9648 13.0364 5
      vertex 70.7513 12.1547 5
      vertex 70.8538 11.9875 5
    endloop
  endfacet
  facet normal 0 0 1
    outer loop
      vertex 71.6845 13.3645 5
      vertex 70.6239 12.3039 5
      vertex 70.7513 12.1547 5
    endloop
  endfacet
  facet normal 0 0 1
    outer loop
      vertex 70.3075 12.5338 5
      vertex 70.9885 13.8703 5
      vertex 70.5898 14.0354 5
    endloop
  endfacet
  facet normal 0 0 1
    outer loop
      vertex 71.3564 13.6448 5
      vertex 70.4747 12.4313 5
      vertex 70.6239 12.3039 5
    endloop
  endfacet
  facet normal 0 0 1
    outer loop
      vertex 70.9885 13.8703 5
      vertex 70.3075 12.5338 5
      vertex 70.4747 12.4313 5
    endloop
  endfacet
  facet normal 0 0 1
    outer loop
      vertex 70.1263 12.6088 5
      vertex 70.5898 14.0354 5
      vertex 70.1702 14.1361 5
    endloop
  endfacet
  facet normal 0 0 1
    outer loop
      vertex 70.5898 14.0354 5
      vertex 70.1263 12.6088 5
      vertex 70.3075 12.5338 5
    endloop
  endfacet
  facet normal 0 0 1
    outer loop
      vertex 70.1702 14.1361 5
      vertex 69.9355 12.6546 5
      vertex 70.1263 12.6088 5
    endloop
  endfacet
  facet normal 0 0 1
    outer loop
      vertex 69.74 14.17 5
      vertex 69.9355 12.6546 5
      vertex 70.1702 14.1361 5
    endloop
  endfacet
  facet normal 0 0 1
    outer loop
      vertex 69.74 14.17 5
      vertex 69.74 12.67 5
      vertex 69.9355 12.6546 5
    endloop
  endfacet
  facet normal 0 0 1
    outer loop
      vertex 69.74 14.17 5
      vertex 69.5445 12.6546 5
      vertex 69.74 12.67 5
    endloop
  endfacet
  facet normal -0 0 1
    outer loop
      vertex 69.3098 14.1361 5
      vertex 69.5445 12.6546 5
      vertex 69.74 14.17 5
    endloop
  endfacet
  facet normal 0 0 1
    outer loop
      vertex 69.5445 12.6546 5
      vertex 69.3098 14.1361 5
      vertex 69.3537 12.6088 5
    endloop
  endfacet
  facet normal -0 0 1
    outer loop
      vertex 68.8902 14.0354 5
      vertex 69.3537 12.6088 5
      vertex 69.3098 14.1361 5
    endloop
  endfacet
  facet normal 0 0 1
    outer loop
      vertex 69.3537 12.6088 5
      vertex 68.8902 14.0354 5
      vertex 69.1725 12.5338 5
    endloop
  endfacet
  facet normal -0 0 1
    outer loop
      vertex 68.4915 13.8703 5
      vertex 69.1725 12.5338 5
      vertex 68.8902 14.0354 5
    endloop
  endfacet
  facet normal 0 0 1
    outer loop
      vertex 69.1725 12.5338 5
      vertex 68.4915 13.8703 5
      vertex 69.0053 12.4313 5
    endloop
  endfacet
  facet normal -0 0 1
    outer loop
      vertex 68.1236 13.6448 5
      vertex 69.0053 12.4313 5
      vertex 68.4915 13.8703 5
    endloop
  endfacet
  facet normal 0 0 1
    outer loop
      vertex 69.0053 12.4313 5
      vertex 68.1236 13.6448 5
      vertex 68.8561 12.3039 5
    endloop
  endfacet
  facet normal -0 0 1
    outer loop
      vertex 67.7955 13.3645 5
      vertex 68.8561 12.3039 5
      vertex 68.1236 13.6448 5
    endloop
  endfacet
  facet normal 0 0 1
    outer loop
      vertex 68.8561 12.3039 5
      vertex 67.7955 13.3645 5
      vertex 68.7287 12.1547 5
    endloop
  endfacet
  facet normal -0 0 1
    outer loop
      vertex 67.5152 13.0364 5
      vertex 68.7287 12.1547 5
      vertex 67.7955 13.3645 5
    endloop
  endfacet
  facet normal 0 0 1
    outer loop
      vertex 68.7287 12.1547 5
      vertex 67.5152 13.0364 5
      vertex 68.6262 11.9875 5
    endloop
  endfacet
  facet normal -0 0 1
    outer loop
      vertex 67.2897 12.6685 5
      vertex 68.6262 11.9875 5
      vertex 67.5152 13.0364 5
    endloop
  endfacet
  facet normal 0 0 1
    outer loop
      vertex 72.1903 10.1715 5
      vertex 70.8538 10.8525 5
      vertex 71.9648 9.80359 5
    endloop
  endfacet
  facet normal -0 0 1
    outer loop
      vertex 70.7513 10.6853 5
      vertex 71.9648 9.80359 5
      vertex 70.8538 10.8525 5
    endloop
  endfacet
  facet normal 0 0 1
    outer loop
      vertex 71.9648 9.80359 5
      vertex 70.7513 10.6853 5
      vertex 71.6845 9.47546 5
    endloop
  endfacet
  facet normal -0 0 1
    outer loop
      vertex 70.6239 10.5361 5
      vertex 71.6845 9.47546 5
      vertex 70.7513 10.6853 5
    endloop
  endfacet
  facet normal 0 0 1
    outer loop
      vertex 71.6845 9.47546 5
      vertex 70.6239 10.5361 5
      vertex 71.3564 9.1952 5
    endloop
  endfacet
  facet normal -0 0 1
    outer loop
      vertex 70.4747 10.4087 5
      vertex 71.3564 9.1952 5
      vertex 70.6239 10.5361 5
    endloop
  endfacet
  facet normal 0 0 1
    outer loop
      vertex 71.3564 9.1952 5
      vertex 70.4747 10.4087 5
      vertex 70.9885 8.96973 5
    endloop
  endfacet
  facet normal -0 0 1
    outer loop
      vertex 70.3075 10.3062 5
      vertex 70.9885 8.96973 5
      vertex 70.4747 10.4087 5
    endloop
  endfacet
  facet normal 0 0 1
    outer loop
      vertex 70.9885 8.96973 5
      vertex 70.3075 10.3062 5
      vertex 70.5898 8.80459 5
    endloop
  endfacet
  facet normal -0 0 1
    outer loop
      vertex 70.1263 10.2312 5
      vertex 70.5898 8.80459 5
      vertex 70.3075 10.3062 5
    endloop
  endfacet
  facet normal 0 0 1
    outer loop
      vertex 70.5898 8.80459 5
      vertex 70.1263 10.2312 5
      vertex 70.1702 8.70386 5
    endloop
  endfacet
  facet normal -0 0 1
    outer loop
      vertex 69.9355 10.1854 5
      vertex 70.1702 8.70386 5
      vertex 70.1263 10.2312 5
    endloop
  endfacet
  facet normal -0 0 1
    outer loop
      vertex 69.74 10.17 5
      vertex 70.1702 8.70386 5
      vertex 69.9355 10.1854 5
    endloop
  endfacet
  facet normal 0 0 1
    outer loop
      vertex 69.74 10.17 5
      vertex 69.74 8.67 5
      vertex 70.1702 8.70386 5
    endloop
  endfacet
  facet normal 0 0 1
    outer loop
      vertex 69.5445 10.1854 5
      vertex 69.74 8.67 5
      vertex 69.74 10.17 5
    endloop
  endfacet
  facet normal 0 0 1
    outer loop
      vertex 69.3098 8.70386 5
      vertex 69.5445 10.1854 5
      vertex 69.3537 10.2312 5
    endloop
  endfacet
  facet normal 0 0 1
    outer loop
      vertex 69.5445 10.1854 5
      vertex 69.3098 8.70386 5
      vertex 69.74 8.67 5
    endloop
  endfacet
  facet normal 0 0 1
    outer loop
      vertex 68.8902 8.80459 5
      vertex 69.3537 10.2312 5
      vertex 69.1725 10.3062 5
    endloop
  endfacet
  facet normal 0 0 1
    outer loop
      vertex 68.4915 8.96973 5
      vertex 69.1725 10.3062 5
      vertex 69.0053 10.4087 5
    endloop
  endfacet
  facet normal 0 0 1
    outer loop
      vertex 69.3537 10.2312 5
      vertex 68.8902 8.80459 5
      vertex 69.3098 8.70386 5
    endloop
  endfacet
  facet normal 0 0 1
    outer loop
      vertex 68.1236 9.1952 5
      vertex 69.0053 10.4087 5
      vertex 68.8561 10.5361 5
    endloop
  endfacet
  facet normal 0 0 1
    outer loop
      vertex 67.7955 9.47546 5
      vertex 68.8561 10.5361 5
      vertex 68.7287 10.6853 5
    endloop
  endfacet
  facet normal 0 0 1
    outer loop
      vertex 67.5152 9.80359 5
      vertex 68.7287 10.6853 5
      vertex 68.6262 10.8525 5
    endloop
  endfacet
  facet normal 0 0 1
    outer loop
      vertex 67.2897 10.1715 5
      vertex 68.6262 10.8525 5
      vertex 68.5512 11.0337 5
    endloop
  endfacet
  facet normal 0 0 1
    outer loop
      vertex 67.1246 10.5702 5
      vertex 68.5512 11.0337 5
      vertex 68.5054 11.2245 5
    endloop
  endfacet
  facet normal 0 0 1
    outer loop
      vertex 69.1725 10.3062 5
      vertex 68.4915 8.96973 5
      vertex 68.8902 8.80459 5
    endloop
  endfacet
  facet normal 0 0 1
    outer loop
      vertex 67.0239 10.9898 5
      vertex 68.5054 11.2245 5
      vertex 68.49 11.42 5
    endloop
  endfacet
  facet normal 0 0 1
    outer loop
      vertex 68.6262 11.9875 5
      vertex 67.2897 12.6685 5
      vertex 68.5512 11.8063 5
    endloop
  endfacet
  facet normal 0 0 1
    outer loop
      vertex 69.0053 10.4087 5
      vertex 68.1236 9.1952 5
      vertex 68.4915 8.96973 5
    endloop
  endfacet
  facet normal -0 0 1
    outer loop
      vertex 67.1246 12.2698 5
      vertex 68.5512 11.8063 5
      vertex 67.2897 12.6685 5
    endloop
  endfacet
  facet normal 0 0 1
    outer loop
      vertex 68.8561 10.5361 5
      vertex 67.7955 9.47546 5
      vertex 68.1236 9.1952 5
    endloop
  endfacet
  facet normal 0 0 1
    outer loop
      vertex 68.5512 11.8063 5
      vertex 67.1246 12.2698 5
      vertex 68.5054 11.6155 5
    endloop
  endfacet
  facet normal 0 0 1
    outer loop
      vertex 68.7287 10.6853 5
      vertex 67.5152 9.80359 5
      vertex 67.7955 9.47546 5
    endloop
  endfacet
  facet normal -0 0 1
    outer loop
      vertex 67.0239 11.8502 5
      vertex 68.5054 11.6155 5
      vertex 67.1246 12.2698 5
    endloop
  endfacet
  facet normal 0 0 1
    outer loop
      vertex 68.6262 10.8525 5
      vertex 67.2897 10.1715 5
      vertex 67.5152 9.80359 5
    endloop
  endfacet
  facet normal 0 0 1
    outer loop
      vertex 68.5054 11.6155 5
      vertex 67.0239 11.8502 5
      vertex 68.49 11.42 5
    endloop
  endfacet
  facet normal 0 0 1
    outer loop
      vertex 68.5512 11.0337 5
      vertex 67.1246 10.5702 5
      vertex 67.2897 10.1715 5
    endloop
  endfacet
  facet normal 0 0 1
    outer loop
      vertex 66.99 11.42 5
      vertex 68.49 11.42 5
      vertex 67.0239 11.8502 5
    endloop
  endfacet
  facet normal 0 0 1
    outer loop
      vertex 68.5054 11.2245 5
      vertex 67.0239 10.9898 5
      vertex 67.1246 10.5702 5
    endloop
  endfacet
  facet normal 0 0 1
    outer loop
      vertex 68.49 11.42 5
      vertex 66.99 11.42 5
      vertex 67.0239 10.9898 5
    endloop
  endfacet
  facet normal -0.078557 0.99691 0
    outer loop
      vertex 69.74 14.17 2
      vertex 69.3098 14.1361 5
      vertex 69.74 14.17 5
    endloop
  endfacet
  facet normal -0.078557 0.99691 0
    outer loop
      vertex 69.3098 14.1361 5
      vertex 69.74 14.17 2
      vertex 69.3098 14.1361 2
    endloop
  endfacet
  facet normal 0.0784649 -0.996917 0
    outer loop
      vertex 69.74 8.67 2
      vertex 70.1702 8.70386 5
      vertex 69.74 8.67 5
    endloop
  endfacet
  facet normal 0.0784649 -0.996917 0
    outer loop
      vertex 70.1702 8.70386 5
      vertex 69.74 8.67 2
      vertex 70.1702 8.70386 2
    endloop
  endfacet
  facet normal 0.38267 -0.923885 0
    outer loop
      vertex 70.5898 8.80459 2
      vertex 70.9885 8.96973 5
      vertex 70.5898 8.80459 5
    endloop
  endfacet
  facet normal 0.38267 -0.923885 0
    outer loop
      vertex 70.9885 8.96973 5
      vertex 70.5898 8.80459 2
      vertex 70.9885 8.96973 2
    endloop
  endfacet
  facet normal 0.649496 -0.760365 0
    outer loop
      vertex 71.3564 9.1952 2
      vertex 71.6845 9.47546 5
      vertex 71.3564 9.1952 5
    endloop
  endfacet
  facet normal 0.649496 -0.760365 0
    outer loop
      vertex 71.6845 9.47546 5
      vertex 71.3564 9.1952 2
      vertex 71.6845 9.47546 2
    endloop
  endfacet
  facet normal 0.923918 -0.382591 -4.66897e-18
    outer loop
      vertex 72.1903 10.1715 5
      vertex 72.3554 10.5702 2
      vertex 72.3554 10.5702 5
    endloop
  endfacet
  facet normal 0.923918 -0.382591 -4.66897e-18
    outer loop
      vertex 72.3554 10.5702 2
      vertex 72.1903 10.1715 5
      vertex 72.1903 10.1715 2
    endloop
  endfacet
  facet normal 0.972389 -0.233364 -2.09379e-18
    outer loop
      vertex 72.3554 10.5702 5
      vertex 72.4561 10.9898 2
      vertex 72.4561 10.9898 5
    endloop
  endfacet
  facet normal 0.972389 -0.233364 -2.09379e-18
    outer loop
      vertex 72.4561 10.9898 2
      vertex 72.3554 10.5702 5
      vertex 72.3554 10.5702 2
    endloop
  endfacet
  facet normal -0.522533 -0.852619 0
    outer loop
      vertex 68.1236 9.1952 2
      vertex 68.4915 8.96973 5
      vertex 68.1236 9.1952 5
    endloop
  endfacet
  facet normal -0.522533 -0.852619 -0
    outer loop
      vertex 68.4915 8.96973 5
      vertex 68.1236 9.1952 2
      vertex 68.4915 8.96973 2
    endloop
  endfacet
  facet normal -0.23343 -0.972374 0
    outer loop
      vertex 68.8902 8.80459 2
      vertex 69.3098 8.70386 5
      vertex 68.8902 8.80459 5
    endloop
  endfacet
  facet normal -0.23343 -0.972374 -0
    outer loop
      vertex 69.3098 8.70386 5
      vertex 68.8902 8.80459 2
      vertex 69.3098 8.70386 2
    endloop
  endfacet
  facet normal -0.923918 -0.382591 1.78489e-18
    outer loop
      vertex 67.2897 10.1715 2
      vertex 67.1246 10.5702 5
      vertex 67.1246 10.5702 2
    endloop
  endfacet
  facet normal -0.923918 -0.382591 1.78489e-18
    outer loop
      vertex 67.1246 10.5702 5
      vertex 67.2897 10.1715 2
      vertex 67.2897 10.1715 5
    endloop
  endfacet
  facet normal -0.99691 -0.078557 -3.48078e-19
    outer loop
      vertex 67.0239 10.9898 2
      vertex 66.99 11.42 5
      vertex 66.99 11.42 2
    endloop
  endfacet
  facet normal -0.99691 -0.078557 -3.48078e-19
    outer loop
      vertex 66.99 11.42 5
      vertex 67.0239 10.9898 2
      vertex 67.0239 10.9898 5
    endloop
  endfacet
  facet normal 0.23343 -0.972374 0
    outer loop
      vertex 70.1702 8.70386 2
      vertex 70.5898 8.80459 5
      vertex 70.1702 8.70386 5
    endloop
  endfacet
  facet normal 0.23343 -0.972374 0
    outer loop
      vertex 70.5898 8.80459 5
      vertex 70.1702 8.70386 2
      vertex 70.5898 8.80459 2
    endloop
  endfacet
  facet normal 0.99691 -0.078557 6.13716e-19
    outer loop
      vertex 72.4561 10.9898 5
      vertex 72.49 11.42 2
      vertex 72.49 11.42 5
    endloop
  endfacet
  facet normal 0.99691 -0.078557 6.13716e-19
    outer loop
      vertex 72.49 11.42 2
      vertex 72.4561 10.9898 5
      vertex 72.4561 10.9898 2
    endloop
  endfacet
  facet normal -0.0784649 -0.996917 0
    outer loop
      vertex 69.3098 8.70386 2
      vertex 69.74 8.67 5
      vertex 69.3098 8.70386 5
    endloop
  endfacet
  facet normal -0.0784649 -0.996917 -0
    outer loop
      vertex 69.74 8.67 5
      vertex 69.3098 8.70386 2
      vertex 69.74 8.67 2
    endloop
  endfacet
  facet normal -0.972389 -0.233364 2.09379e-18
    outer loop
      vertex 67.1246 10.5702 2
      vertex 67.0239 10.9898 5
      vertex 67.0239 10.9898 2
    endloop
  endfacet
  facet normal -0.972389 -0.233364 2.09379e-18
    outer loop
      vertex 67.0239 10.9898 5
      vertex 67.1246 10.5702 2
      vertex 67.1246 10.5702 5
    endloop
  endfacet
  facet normal 0.996912 0.0785291 1.93827e-19
    outer loop
      vertex 70.99 11.42 7
      vertex 70.9746 11.6155 5
      vertex 70.9746 11.6155 7
    endloop
  endfacet
  facet normal 0.996912 0.0785291 1.93827e-19
    outer loop
      vertex 70.9746 11.6155 5
      vertex 70.99 11.42 7
      vertex 70.99 11.42 5
    endloop
  endfacet
  facet normal -0.996912 0.0785291 -1.93827e-19
    outer loop
      vertex 68.49 11.42 5
      vertex 68.5054 11.6155 7
      vertex 68.5054 11.6155 5
    endloop
  endfacet
  facet normal -0.996912 0.0785291 -1.93827e-19
    outer loop
      vertex 68.5054 11.6155 7
      vertex 68.49 11.42 5
      vertex 68.49 11.42 7
    endloop
  endfacet
  facet normal 0.0785291 0.996912 -0
    outer loop
      vertex 69.9355 12.6546 5
      vertex 69.74 12.67 7
      vertex 69.9355 12.6546 7
    endloop
  endfacet
  facet normal 0.0785291 0.996912 0
    outer loop
      vertex 69.74 12.67 7
      vertex 69.9355 12.6546 5
      vertex 69.74 12.67 5
    endloop
  endfacet
  facet normal -0.0785291 -0.996912 0
    outer loop
      vertex 69.5445 10.1854 5
      vertex 69.74 10.17 7
      vertex 69.5445 10.1854 7
    endloop
  endfacet
  facet normal -0.0785291 -0.996912 -0
    outer loop
      vertex 69.74 10.17 7
      vertex 69.5445 10.1854 5
      vertex 69.74 10.17 5
    endloop
  endfacet
  facet normal 0.760479 0.649363 -2.56451e-18
    outer loop
      vertex 70.7513 12.1547 7
      vertex 70.6239 12.3039 5
      vertex 70.6239 12.3039 7
    endloop
  endfacet
  facet normal 0.760479 0.649363 -2.56451e-18
    outer loop
      vertex 70.6239 12.3039 5
      vertex 70.7513 12.1547 7
      vertex 70.7513 12.1547 5
    endloop
  endfacet
  facet normal -0.649363 0.760479 0
    outer loop
      vertex 69.0053 12.4313 5
      vertex 68.8561 12.3039 7
      vertex 69.0053 12.4313 7
    endloop
  endfacet
  facet normal -0.649363 0.760479 0
    outer loop
      vertex 68.8561 12.3039 7
      vertex 69.0053 12.4313 5
      vertex 68.8561 12.3039 5
    endloop
  endfacet
  facet normal -0.382442 0.92398 0
    outer loop
      vertex 69.3537 12.6088 5
      vertex 69.1725 12.5338 7
      vertex 69.3537 12.6088 7
    endloop
  endfacet
  facet normal -0.382442 0.92398 0
    outer loop
      vertex 69.1725 12.5338 7
      vertex 69.3537 12.6088 5
      vertex 69.1725 12.5338 5
    endloop
  endfacet
  facet normal 0.92398 0.382442 3.88729e-19
    outer loop
      vertex 70.9288 11.8063 7
      vertex 70.8538 11.9875 5
      vertex 70.8538 11.9875 7
    endloop
  endfacet
  facet normal 0.92398 0.382442 3.88729e-19
    outer loop
      vertex 70.8538 11.9875 5
      vertex 70.9288 11.8063 7
      vertex 70.9288 11.8063 5
    endloop
  endfacet
  facet normal 0.972378 0.233412 -1.48065e-18
    outer loop
      vertex 70.9746 11.6155 7
      vertex 70.9288 11.8063 5
      vertex 70.9288 11.8063 7
    endloop
  endfacet
  facet normal 0.972378 0.233412 -1.48065e-18
    outer loop
      vertex 70.9288 11.8063 5
      vertex 70.9746 11.6155 7
      vertex 70.9746 11.6155 5
    endloop
  endfacet
  facet normal 0.85255 0.522646 -2.24588e-19
    outer loop
      vertex 70.8538 11.9875 7
      vertex 70.7513 12.1547 5
      vertex 70.7513 12.1547 7
    endloop
  endfacet
  facet normal 0.85255 0.522646 -2.24588e-19
    outer loop
      vertex 70.7513 12.1547 5
      vertex 70.8538 11.9875 7
      vertex 70.8538 11.9875 5
    endloop
  endfacet
  facet normal 0.522646 0.85255 -0
    outer loop
      vertex 70.4747 12.4313 5
      vertex 70.3075 12.5338 7
      vertex 70.4747 12.4313 7
    endloop
  endfacet
  facet normal 0.522646 0.85255 0
    outer loop
      vertex 70.3075 12.5338 7
      vertex 70.4747 12.4313 5
      vertex 70.3075 12.5338 5
    endloop
  endfacet
  facet normal 0.382442 0.92398 -0
    outer loop
      vertex 70.3075 12.5338 5
      vertex 70.1263 12.6088 7
      vertex 70.3075 12.5338 7
    endloop
  endfacet
  facet normal 0.382442 0.92398 0
    outer loop
      vertex 70.1263 12.6088 7
      vertex 70.3075 12.5338 5
      vertex 70.1263 12.6088 5
    endloop
  endfacet
  facet normal 0.649363 0.760479 -0
    outer loop
      vertex 70.6239 12.3039 5
      vertex 70.4747 12.4313 7
      vertex 70.6239 12.3039 7
    endloop
  endfacet
  facet normal 0.649363 0.760479 0
    outer loop
      vertex 70.4747 12.4313 7
      vertex 70.6239 12.3039 5
      vertex 70.4747 12.4313 5
    endloop
  endfacet
  facet normal -0.85255 0.522646 2.24588e-19
    outer loop
      vertex 68.6262 11.9875 5
      vertex 68.7287 12.1547 7
      vertex 68.7287 12.1547 5
    endloop
  endfacet
  facet normal -0.85255 0.522646 2.24588e-19
    outer loop
      vertex 68.7287 12.1547 7
      vertex 68.6262 11.9875 5
      vertex 68.6262 11.9875 7
    endloop
  endfacet
  facet normal -0.760479 0.649363 2.56451e-18
    outer loop
      vertex 68.7287 12.1547 5
      vertex 68.8561 12.3039 7
      vertex 68.8561 12.3039 5
    endloop
  endfacet
  facet normal -0.760479 0.649363 2.56451e-18
    outer loop
      vertex 68.8561 12.3039 7
      vertex 68.7287 12.1547 5
      vertex 68.7287 12.1547 7
    endloop
  endfacet
  facet normal -0.92398 0.382442 -2.11425e-18
    outer loop
      vertex 68.5512 11.8063 5
      vertex 68.6262 11.9875 7
      vertex 68.6262 11.9875 5
    endloop
  endfacet
  facet normal -0.92398 0.382442 -2.11425e-18
    outer loop
      vertex 68.6262 11.9875 7
      vertex 68.5512 11.8063 5
      vertex 68.5512 11.8063 7
    endloop
  endfacet
  facet normal -0.522646 0.85255 0
    outer loop
      vertex 69.1725 12.5338 5
      vertex 69.0053 12.4313 7
      vertex 69.1725 12.5338 7
    endloop
  endfacet
  facet normal -0.522646 0.85255 0
    outer loop
      vertex 69.0053 12.4313 7
      vertex 69.1725 12.5338 5
      vertex 69.0053 12.4313 5
    endloop
  endfacet
  facet normal -0.233412 0.972378 0
    outer loop
      vertex 69.5445 12.6546 5
      vertex 69.3537 12.6088 7
      vertex 69.5445 12.6546 7
    endloop
  endfacet
  facet normal -0.233412 0.972378 0
    outer loop
      vertex 69.3537 12.6088 7
      vertex 69.5445 12.6546 5
      vertex 69.3537 12.6088 5
    endloop
  endfacet
  facet normal 0.522646 -0.85255 0
    outer loop
      vertex 70.3075 10.3062 5
      vertex 70.4747 10.4087 7
      vertex 70.3075 10.3062 7
    endloop
  endfacet
  facet normal 0.522646 -0.85255 0
    outer loop
      vertex 70.4747 10.4087 7
      vertex 70.3075 10.3062 5
      vertex 70.4747 10.4087 5
    endloop
  endfacet
  facet normal 0.85255 -0.522646 2.24588e-19
    outer loop
      vertex 70.7513 10.6853 7
      vertex 70.8538 10.8525 5
      vertex 70.8538 10.8525 7
    endloop
  endfacet
  facet normal 0.85255 -0.522646 2.24588e-19
    outer loop
      vertex 70.8538 10.8525 5
      vertex 70.7513 10.6853 7
      vertex 70.7513 10.6853 5
    endloop
  endfacet
  facet normal -0.649363 -0.760479 0
    outer loop
      vertex 68.8561 10.5361 5
      vertex 69.0053 10.4087 7
      vertex 68.8561 10.5361 7
    endloop
  endfacet
  facet normal -0.649363 -0.760479 -0
    outer loop
      vertex 69.0053 10.4087 7
      vertex 68.8561 10.5361 5
      vertex 69.0053 10.4087 5
    endloop
  endfacet
  facet normal -0.382442 -0.92398 0
    outer loop
      vertex 69.1725 10.3062 5
      vertex 69.3537 10.2312 7
      vertex 69.1725 10.3062 7
    endloop
  endfacet
  facet normal -0.382442 -0.92398 -0
    outer loop
      vertex 69.3537 10.2312 7
      vertex 69.1725 10.3062 5
      vertex 69.3537 10.2312 5
    endloop
  endfacet
  facet normal -0.85255 -0.522646 -2.24588e-19
    outer loop
      vertex 68.7287 10.6853 5
      vertex 68.6262 10.8525 7
      vertex 68.6262 10.8525 5
    endloop
  endfacet
  facet normal -0.85255 -0.522646 -2.24588e-19
    outer loop
      vertex 68.6262 10.8525 7
      vertex 68.7287 10.6853 5
      vertex 68.7287 10.6853 7
    endloop
  endfacet
  facet normal -0.760479 -0.649363 -2.56451e-18
    outer loop
      vertex 68.8561 10.5361 5
      vertex 68.7287 10.6853 7
      vertex 68.7287 10.6853 5
    endloop
  endfacet
  facet normal -0.760479 -0.649363 -2.56451e-18
    outer loop
      vertex 68.7287 10.6853 7
      vertex 68.8561 10.5361 5
      vertex 68.8561 10.5361 7
    endloop
  endfacet
  facet normal 0.233412 0.972378 -0
    outer loop
      vertex 70.1263 12.6088 5
      vertex 69.9355 12.6546 7
      vertex 70.1263 12.6088 7
    endloop
  endfacet
  facet normal 0.233412 0.972378 0
    outer loop
      vertex 69.9355 12.6546 7
      vertex 70.1263 12.6088 5
      vertex 69.9355 12.6546 5
    endloop
  endfacet
  facet normal -0.972378 0.233412 1.48065e-18
    outer loop
      vertex 68.5054 11.6155 5
      vertex 68.5512 11.8063 7
      vertex 68.5512 11.8063 5
    endloop
  endfacet
  facet normal -0.972378 0.233412 1.48065e-18
    outer loop
      vertex 68.5512 11.8063 7
      vertex 68.5054 11.6155 5
      vertex 68.5054 11.6155 7
    endloop
  endfacet
  facet normal 0 0 1
    outer loop
      vertex 70.9746 11.6155 7
      vertex 70.9746 11.2245 7
      vertex 70.99 11.42 7
    endloop
  endfacet
  facet normal 0 0 1
    outer loop
      vertex 70.9288 11.8063 7
      vertex 70.9746 11.2245 7
      vertex 70.9746 11.6155 7
    endloop
  endfacet
  facet normal 0 0 1
    outer loop
      vertex 70.9288 11.8063 7
      vertex 70.9288 11.0337 7
      vertex 70.9746 11.2245 7
    endloop
  endfacet
  facet normal 0 0 1
    outer loop
      vertex 70.8538 11.9875 7
      vertex 70.9288 11.0337 7
      vertex 70.9288 11.8063 7
    endloop
  endfacet
  facet normal 0 0 1
    outer loop
      vertex 70.8538 11.9875 7
      vertex 70.8538 10.8525 7
      vertex 70.9288 11.0337 7
    endloop
  endfacet
  facet normal 0 0 1
    outer loop
      vertex 70.7513 12.1547 7
      vertex 70.8538 10.8525 7
      vertex 70.8538 11.9875 7
    endloop
  endfacet
  facet normal 0 0 1
    outer loop
      vertex 70.7513 12.1547 7
      vertex 70.7513 10.6853 7
      vertex 70.8538 10.8525 7
    endloop
  endfacet
  facet normal 0 0 1
    outer loop
      vertex 70.6239 12.3039 7
      vertex 70.7513 10.6853 7
      vertex 70.7513 12.1547 7
    endloop
  endfacet
  facet normal 0 0 1
    outer loop
      vertex 70.6239 12.3039 7
      vertex 70.6239 10.5361 7
      vertex 70.7513 10.6853 7
    endloop
  endfacet
  facet normal 0 0 1
    outer loop
      vertex 70.4747 12.4313 7
      vertex 70.6239 10.5361 7
      vertex 70.6239 12.3039 7
    endloop
  endfacet
  facet normal 0 0 1
    outer loop
      vertex 70.4747 12.4313 7
      vertex 70.4747 10.4087 7
      vertex 70.6239 10.5361 7
    endloop
  endfacet
  facet normal 0 0 1
    outer loop
      vertex 70.3075 12.5338 7
      vertex 70.4747 10.4087 7
      vertex 70.4747 12.4313 7
    endloop
  endfacet
  facet normal 0 0 1
    outer loop
      vertex 70.3075 12.5338 7
      vertex 70.3075 10.3062 7
      vertex 70.4747 10.4087 7
    endloop
  endfacet
  facet normal 0 0 1
    outer loop
      vertex 70.1263 12.6088 7
      vertex 70.3075 10.3062 7
      vertex 70.3075 12.5338 7
    endloop
  endfacet
  facet normal 0 0 1
    outer loop
      vertex 70.1263 12.6088 7
      vertex 70.1263 10.2312 7
      vertex 70.3075 10.3062 7
    endloop
  endfacet
  facet normal 0 0 1
    outer loop
      vertex 69.9355 12.6546 7
      vertex 70.1263 10.2312 7
      vertex 70.1263 12.6088 7
    endloop
  endfacet
  facet normal 0 0 1
    outer loop
      vertex 69.9355 12.6546 7
      vertex 69.9355 10.1854 7
      vertex 70.1263 10.2312 7
    endloop
  endfacet
  facet normal 0 0 1
    outer loop
      vertex 69.74 12.67 7
      vertex 69.9355 10.1854 7
      vertex 69.9355 12.6546 7
    endloop
  endfacet
  facet normal 0 0 1
    outer loop
      vertex 69.74 12.67 7
      vertex 69.74 10.17 7
      vertex 69.9355 10.1854 7
    endloop
  endfacet
  facet normal -0 0 1
    outer loop
      vertex 69.5445 12.6546 7
      vertex 69.74 10.17 7
      vertex 69.74 12.67 7
    endloop
  endfacet
  facet normal 0 0 1
    outer loop
      vertex 69.5445 12.6546 7
      vertex 69.5445 10.1854 7
      vertex 69.74 10.17 7
    endloop
  endfacet
  facet normal -0 0 1
    outer loop
      vertex 69.3537 12.6088 7
      vertex 69.5445 10.1854 7
      vertex 69.5445 12.6546 7
    endloop
  endfacet
  facet normal 0 0 1
    outer loop
      vertex 69.3537 12.6088 7
      vertex 69.3537 10.2312 7
      vertex 69.5445 10.1854 7
    endloop
  endfacet
  facet normal -0 0 1
    outer loop
      vertex 69.1725 12.5338 7
      vertex 69.3537 10.2312 7
      vertex 69.3537 12.6088 7
    endloop
  endfacet
  facet normal 0 0 1
    outer loop
      vertex 69.1725 12.5338 7
      vertex 69.1725 10.3062 7
      vertex 69.3537 10.2312 7
    endloop
  endfacet
  facet normal -0 0 1
    outer loop
      vertex 69.0053 12.4313 7
      vertex 69.1725 10.3062 7
      vertex 69.1725 12.5338 7
    endloop
  endfacet
  facet normal 0 0 1
    outer loop
      vertex 69.0053 12.4313 7
      vertex 69.0053 10.4087 7
      vertex 69.1725 10.3062 7
    endloop
  endfacet
  facet normal -0 0 1
    outer loop
      vertex 68.8561 12.3039 7
      vertex 69.0053 10.4087 7
      vertex 69.0053 12.4313 7
    endloop
  endfacet
  facet normal 0 0 1
    outer loop
      vertex 68.8561 12.3039 7
      vertex 68.8561 10.5361 7
      vertex 69.0053 10.4087 7
    endloop
  endfacet
  facet normal -0 0 1
    outer loop
      vertex 68.7287 12.1547 7
      vertex 68.8561 10.5361 7
      vertex 68.8561 12.3039 7
    endloop
  endfacet
  facet normal 0 0 1
    outer loop
      vertex 68.7287 12.1547 7
      vertex 68.7287 10.6853 7
      vertex 68.8561 10.5361 7
    endloop
  endfacet
  facet normal -0 0 1
    outer loop
      vertex 68.6262 11.9875 7
      vertex 68.7287 10.6853 7
      vertex 68.7287 12.1547 7
    endloop
  endfacet
  facet normal 0 0 1
    outer loop
      vertex 68.6262 11.9875 7
      vertex 68.6262 10.8525 7
      vertex 68.7287 10.6853 7
    endloop
  endfacet
  facet normal -0 0 1
    outer loop
      vertex 68.5512 11.8063 7
      vertex 68.6262 10.8525 7
      vertex 68.6262 11.9875 7
    endloop
  endfacet
  facet normal 0 0 1
    outer loop
      vertex 68.5512 11.8063 7
      vertex 68.5512 11.0337 7
      vertex 68.6262 10.8525 7
    endloop
  endfacet
  facet normal -0 0 1
    outer loop
      vertex 68.5054 11.6155 7
      vertex 68.5512 11.0337 7
      vertex 68.5512 11.8063 7
    endloop
  endfacet
  facet normal 0 0 1
    outer loop
      vertex 68.5054 11.6155 7
      vertex 68.5054 11.2245 7
      vertex 68.5512 11.0337 7
    endloop
  endfacet
  facet normal 0 -0 1
    outer loop
      vertex 68.5054 11.2245 7
      vertex 68.5054 11.6155 7
      vertex 68.49 11.42 7
    endloop
  endfacet
  facet normal -0.0785291 0.996912 0
    outer loop
      vertex 69.74 12.67 5
      vertex 69.5445 12.6546 7
      vertex 69.74 12.67 7
    endloop
  endfacet
  facet normal -0.0785291 0.996912 0
    outer loop
      vertex 69.5445 12.6546 7
      vertex 69.74 12.67 5
      vertex 69.5445 12.6546 5
    endloop
  endfacet
  facet normal 0.996912 -0.0785291 -1.07442e-19
    outer loop
      vertex 70.9746 11.2245 7
      vertex 70.99 11.42 5
      vertex 70.99 11.42 7
    endloop
  endfacet
  facet normal 0.996912 -0.0785291 -1.07442e-19
    outer loop
      vertex 70.99 11.42 5
      vertex 70.9746 11.2245 7
      vertex 70.9746 11.2245 5
    endloop
  endfacet
  facet normal 0.0785291 -0.996912 0
    outer loop
      vertex 69.74 10.17 5
      vertex 69.9355 10.1854 7
      vertex 69.74 10.17 7
    endloop
  endfacet
  facet normal 0.0785291 -0.996912 0
    outer loop
      vertex 69.9355 10.1854 7
      vertex 69.74 10.17 5
      vertex 69.9355 10.1854 5
    endloop
  endfacet
  facet normal 0.382442 -0.92398 0
    outer loop
      vertex 70.1263 10.2312 5
      vertex 70.3075 10.3062 7
      vertex 70.1263 10.2312 7
    endloop
  endfacet
  facet normal 0.382442 -0.92398 0
    outer loop
      vertex 70.3075 10.3062 7
      vertex 70.1263 10.2312 5
      vertex 70.3075 10.3062 5
    endloop
  endfacet
  facet normal 0.649363 -0.760479 0
    outer loop
      vertex 70.4747 10.4087 5
      vertex 70.6239 10.5361 7
      vertex 70.4747 10.4087 7
    endloop
  endfacet
  facet normal 0.649363 -0.760479 0
    outer loop
      vertex 70.6239 10.5361 7
      vertex 70.4747 10.4087 5
      vertex 70.6239 10.5361 5
    endloop
  endfacet
  facet normal 0.92398 -0.382442 -3.88729e-19
    outer loop
      vertex 70.8538 10.8525 7
      vertex 70.9288 11.0337 5
      vertex 70.9288 11.0337 7
    endloop
  endfacet
  facet normal 0.92398 -0.382442 -3.88729e-19
    outer loop
      vertex 70.9288 11.0337 5
      vertex 70.8538 10.8525 7
      vertex 70.8538 10.8525 5
    endloop
  endfacet
  facet normal 0.760479 -0.649363 2.56451e-18
    outer loop
      vertex 70.6239 10.5361 7
      vertex 70.7513 10.6853 5
      vertex 70.7513 10.6853 7
    endloop
  endfacet
  facet normal 0.760479 -0.649363 2.56451e-18
    outer loop
      vertex 70.7513 10.6853 5
      vertex 70.6239 10.5361 7
      vertex 70.6239 10.5361 5
    endloop
  endfacet
  facet normal -0.522646 -0.85255 0
    outer loop
      vertex 69.0053 10.4087 5
      vertex 69.1725 10.3062 7
      vertex 69.0053 10.4087 7
    endloop
  endfacet
  facet normal -0.522646 -0.85255 -0
    outer loop
      vertex 69.1725 10.3062 7
      vertex 69.0053 10.4087 5
      vertex 69.1725 10.3062 5
    endloop
  endfacet
  facet normal -0.233412 -0.972378 0
    outer loop
      vertex 69.3537 10.2312 5
      vertex 69.5445 10.1854 7
      vertex 69.3537 10.2312 7
    endloop
  endfacet
  facet normal -0.233412 -0.972378 -0
    outer loop
      vertex 69.5445 10.1854 7
      vertex 69.3537 10.2312 5
      vertex 69.5445 10.1854 5
    endloop
  endfacet
  facet normal -0.92398 -0.382442 2.11425e-18
    outer loop
      vertex 68.6262 10.8525 5
      vertex 68.5512 11.0337 7
      vertex 68.5512 11.0337 5
    endloop
  endfacet
  facet normal -0.92398 -0.382442 2.11425e-18
    outer loop
      vertex 68.5512 11.0337 7
      vertex 68.6262 10.8525 5
      vertex 68.6262 10.8525 7
    endloop
  endfacet
  facet normal -0.996912 -0.0785291 1.07442e-19
    outer loop
      vertex 68.5054 11.2245 5
      vertex 68.49 11.42 7
      vertex 68.49 11.42 5
    endloop
  endfacet
  facet normal -0.996912 -0.0785291 1.07442e-19
    outer loop
      vertex 68.49 11.42 7
      vertex 68.5054 11.2245 5
      vertex 68.5054 11.2245 7
    endloop
  endfacet
  facet normal 0.233412 -0.972378 0
    outer loop
      vertex 69.9355 10.1854 5
      vertex 70.1263 10.2312 7
      vertex 69.9355 10.1854 7
    endloop
  endfacet
  facet normal 0.233412 -0.972378 0
    outer loop
      vertex 70.1263 10.2312 7
      vertex 69.9355 10.1854 5
      vertex 70.1263 10.2312 5
    endloop
  endfacet
  facet normal 0.972378 -0.233412 1.92527e-18
    outer loop
      vertex 70.9288 11.0337 7
      vertex 70.9746 11.2245 5
      vertex 70.9746 11.2245 7
    endloop
  endfacet
  facet normal 0.972378 -0.233412 1.92527e-18
    outer loop
      vertex 70.9746 11.2245 5
      vertex 70.9288 11.0337 7
      vertex 70.9288 11.0337 5
    endloop
  endfacet
  facet normal -0.972378 -0.233412 -1.92527e-18
    outer loop
      vertex 68.5512 11.0337 5
      vertex 68.5054 11.2245 7
      vertex 68.5054 11.2245 5
    endloop
  endfacet
  facet normal -0.972378 -0.233412 -1.92527e-18
    outer loop
      vertex 68.5054 11.2245 7
      vertex 68.5512 11.0337 5
      vertex 68.5512 11.0337 7
    endloop
  endfacet
  facet normal 0.99691 0.078557 -6.13716e-19
    outer loop
      vertex 72.49 39.36 5
      vertex 72.4561 39.7902 2
      vertex 72.4561 39.7902 5
    endloop
  endfacet
  facet normal 0.99691 0.078557 -6.13716e-19
    outer loop
      vertex 72.4561 39.7902 2
      vertex 72.49 39.36 5
      vertex 72.49 39.36 2
    endloop
  endfacet
  facet normal -0.99691 0.078557 3.48078e-19
    outer loop
      vertex 66.99 39.36 2
      vertex 67.0239 39.7902 5
      vertex 67.0239 39.7902 2
    endloop
  endfacet
  facet normal -0.99691 0.078557 3.48078e-19
    outer loop
      vertex 67.0239 39.7902 5
      vertex 66.99 39.36 2
      vertex 66.99 39.36 5
    endloop
  endfacet
  facet normal 0.078557 0.99691 -0
    outer loop
      vertex 70.1702 42.0761 2
      vertex 69.74 42.11 5
      vertex 70.1702 42.0761 5
    endloop
  endfacet
  facet normal 0.078557 0.99691 0
    outer loop
      vertex 69.74 42.11 5
      vertex 70.1702 42.0761 2
      vertex 69.74 42.11 2
    endloop
  endfacet
  facet normal -0.078557 -0.99691 0
    outer loop
      vertex 69.3098 36.6439 2
      vertex 69.74 36.61 5
      vertex 69.3098 36.6439 5
    endloop
  endfacet
  facet normal -0.078557 -0.99691 -0
    outer loop
      vertex 69.74 36.61 5
      vertex 69.3098 36.6439 2
      vertex 69.74 36.61 2
    endloop
  endfacet
  facet normal 0.64955 0.760319 -0
    outer loop
      vertex 71.6845 41.3045 2
      vertex 71.3564 41.5848 5
      vertex 71.6845 41.3045 5
    endloop
  endfacet
  facet normal 0.64955 0.760319 0
    outer loop
      vertex 71.3564 41.5848 5
      vertex 71.6845 41.3045 2
      vertex 71.3564 41.5848 2
    endloop
  endfacet
  facet normal -0.64955 0.760319 0
    outer loop
      vertex 68.1236 41.5848 2
      vertex 67.7955 41.3045 5
      vertex 68.1236 41.5848 5
    endloop
  endfacet
  facet normal -0.64955 0.760319 0
    outer loop
      vertex 67.7955 41.3045 5
      vertex 68.1236 41.5848 2
      vertex 67.7955 41.3045 2
    endloop
  endfacet
  facet normal -0.382591 0.923918 0
    outer loop
      vertex 68.8902 41.9754 2
      vertex 68.4915 41.8103 5
      vertex 68.8902 41.9754 5
    endloop
  endfacet
  facet normal -0.382591 0.923918 0
    outer loop
      vertex 68.4915 41.8103 5
      vertex 68.8902 41.9754 2
      vertex 68.4915 41.8103 2
    endloop
  endfacet
  facet normal 0.923918 0.382591 3.24525e-18
    outer loop
      vertex 72.3554 40.2098 5
      vertex 72.1903 40.6085 2
      vertex 72.1903 40.6085 5
    endloop
  endfacet
  facet normal 0.923918 0.382591 3.24525e-18
    outer loop
      vertex 72.1903 40.6085 2
      vertex 72.3554 40.2098 5
      vertex 72.3554 40.2098 2
    endloop
  endfacet
  facet normal 0.972389 0.233364 9.108e-19
    outer loop
      vertex 72.4561 39.7902 5
      vertex 72.3554 40.2098 2
      vertex 72.3554 40.2098 5
    endloop
  endfacet
  facet normal 0.972389 0.233364 9.108e-19
    outer loop
      vertex 72.3554 40.2098 2
      vertex 72.4561 39.7902 5
      vertex 72.4561 39.7902 2
    endloop
  endfacet
  facet normal 0.852588 0.522584 4.27662e-18
    outer loop
      vertex 72.1903 40.6085 5
      vertex 71.9648 40.9764 2
      vertex 71.9648 40.9764 5
    endloop
  endfacet
  facet normal 0.852588 0.522584 4.27662e-18
    outer loop
      vertex 71.9648 40.9764 2
      vertex 72.1903 40.6085 5
      vertex 72.1903 40.6085 2
    endloop
  endfacet
  facet normal 0.382591 0.923918 -0
    outer loop
      vertex 70.9885 41.8103 2
      vertex 70.5898 41.9754 5
      vertex 70.9885 41.8103 5
    endloop
  endfacet
  facet normal 0.382591 0.923918 0
    outer loop
      vertex 70.5898 41.9754 5
      vertex 70.9885 41.8103 2
      vertex 70.5898 41.9754 2
    endloop
  endfacet
  facet normal 0.233364 0.972389 -0
    outer loop
      vertex 70.5898 41.9754 2
      vertex 70.1702 42.0761 5
      vertex 70.5898 41.9754 5
    endloop
  endfacet
  facet normal 0.233364 0.972389 0
    outer loop
      vertex 70.1702 42.0761 5
      vertex 70.5898 41.9754 2
      vertex 70.1702 42.0761 2
    endloop
  endfacet
  facet normal 0.522584 0.852588 -0
    outer loop
      vertex 71.3564 41.5848 2
      vertex 70.9885 41.8103 5
      vertex 71.3564 41.5848 5
    endloop
  endfacet
  facet normal 0.522584 0.852588 0
    outer loop
      vertex 70.9885 41.8103 5
      vertex 71.3564 41.5848 2
      vertex 70.9885 41.8103 2
    endloop
  endfacet
  facet normal -0.852588 0.522584 -4.27662e-18
    outer loop
      vertex 67.2897 40.6085 2
      vertex 67.5152 40.9764 5
      vertex 67.5152 40.9764 2
    endloop
  endfacet
  facet normal -0.852588 0.522584 -4.27662e-18
    outer loop
      vertex 67.5152 40.9764 5
      vertex 67.2897 40.6085 2
      vertex 67.2897 40.6085 5
    endloop
  endfacet
  facet normal -0.760319 0.64955 -4.68993e-18
    outer loop
      vertex 67.5152 40.9764 2
      vertex 67.7955 41.3045 5
      vertex 67.7955 41.3045 2
    endloop
  endfacet
  facet normal -0.760319 0.64955 -4.68993e-18
    outer loop
      vertex 67.7955 41.3045 5
      vertex 67.5152 40.9764 2
      vertex 67.5152 40.9764 5
    endloop
  endfacet
  facet normal -0.923918 0.382591 -3.61165e-19
    outer loop
      vertex 67.1246 40.2098 2
      vertex 67.2897 40.6085 5
      vertex 67.2897 40.6085 2
    endloop
  endfacet
  facet normal -0.923918 0.382591 -3.61165e-19
    outer loop
      vertex 67.2897 40.6085 5
      vertex 67.1246 40.2098 2
      vertex 67.1246 40.2098 5
    endloop
  endfacet
  facet normal -0.522584 0.852588 0
    outer loop
      vertex 68.4915 41.8103 2
      vertex 68.1236 41.5848 5
      vertex 68.4915 41.8103 5
    endloop
  endfacet
  facet normal -0.522584 0.852588 0
    outer loop
      vertex 68.1236 41.5848 5
      vertex 68.4915 41.8103 2
      vertex 68.1236 41.5848 2
    endloop
  endfacet
  facet normal -0.233364 0.972389 0
    outer loop
      vertex 69.3098 42.0761 2
      vertex 68.8902 41.9754 5
      vertex 69.3098 42.0761 5
    endloop
  endfacet
  facet normal -0.233364 0.972389 0
    outer loop
      vertex 68.8902 41.9754 5
      vertex 69.3098 42.0761 2
      vertex 68.8902 41.9754 2
    endloop
  endfacet
  facet normal 0.522584 -0.852588 0
    outer loop
      vertex 70.9885 36.9097 2
      vertex 71.3564 37.1352 5
      vertex 70.9885 36.9097 5
    endloop
  endfacet
  facet normal 0.522584 -0.852588 0
    outer loop
      vertex 71.3564 37.1352 5
      vertex 70.9885 36.9097 2
      vertex 71.3564 37.1352 2
    endloop
  endfacet
  facet normal -0.64955 -0.760319 0
    outer loop
      vertex 67.7955 37.4155 2
      vertex 68.1236 37.1352 5
      vertex 67.7955 37.4155 5
    endloop
  endfacet
  facet normal -0.64955 -0.760319 -0
    outer loop
      vertex 68.1236 37.1352 5
      vertex 67.7955 37.4155 2
      vertex 68.1236 37.1352 2
    endloop
  endfacet
  facet normal -0.382591 -0.923918 0
    outer loop
      vertex 68.4915 36.9097 2
      vertex 68.8902 36.7446 5
      vertex 68.4915 36.9097 5
    endloop
  endfacet
  facet normal -0.382591 -0.923918 -0
    outer loop
      vertex 68.8902 36.7446 5
      vertex 68.4915 36.9097 2
      vertex 68.8902 36.7446 2
    endloop
  endfacet
  facet normal -0.852588 -0.522584 4.27662e-18
    outer loop
      vertex 67.5152 37.7436 2
      vertex 67.2897 38.1115 5
      vertex 67.2897 38.1115 2
    endloop
  endfacet
  facet normal -0.852588 -0.522584 4.27662e-18
    outer loop
      vertex 67.2897 38.1115 5
      vertex 67.5152 37.7436 2
      vertex 67.5152 37.7436 5
    endloop
  endfacet
  facet normal 0.760319 0.64955 4.96735e-18
    outer loop
      vertex 71.9648 40.9764 5
      vertex 71.6845 41.3045 2
      vertex 71.6845 41.3045 5
    endloop
  endfacet
  facet normal 0.760319 0.64955 4.96735e-18
    outer loop
      vertex 71.6845 41.3045 2
      vertex 71.9648 40.9764 5
      vertex 71.9648 40.9764 2
    endloop
  endfacet
  facet normal -0.972389 0.233364 -9.108e-19
    outer loop
      vertex 67.0239 39.7902 2
      vertex 67.1246 40.2098 5
      vertex 67.1246 40.2098 2
    endloop
  endfacet
  facet normal -0.972389 0.233364 -9.108e-19
    outer loop
      vertex 67.1246 40.2098 5
      vertex 67.0239 39.7902 2
      vertex 67.0239 39.7902 5
    endloop
  endfacet
  facet normal -0.078557 0.99691 0
    outer loop
      vertex 69.74 42.11 2
      vertex 69.3098 42.0761 5
      vertex 69.74 42.11 5
    endloop
  endfacet
  facet normal -0.078557 0.99691 0
    outer loop
      vertex 69.3098 42.0761 5
      vertex 69.74 42.11 2
      vertex 69.3098 42.0761 2
    endloop
  endfacet
  facet normal 0.078557 -0.99691 0
    outer loop
      vertex 69.74 36.61 2
      vertex 70.1702 36.6439 5
      vertex 69.74 36.61 5
    endloop
  endfacet
  facet normal 0.078557 -0.99691 0
    outer loop
      vertex 70.1702 36.6439 5
      vertex 69.74 36.61 2
      vertex 70.1702 36.6439 2
    endloop
  endfacet
  facet normal 0.382591 -0.923918 0
    outer loop
      vertex 70.5898 36.7446 2
      vertex 70.9885 36.9097 5
      vertex 70.5898 36.7446 5
    endloop
  endfacet
  facet normal 0.382591 -0.923918 0
    outer loop
      vertex 70.9885 36.9097 5
      vertex 70.5898 36.7446 2
      vertex 70.9885 36.9097 2
    endloop
  endfacet
  facet normal 0.64955 -0.760319 0
    outer loop
      vertex 71.3564 37.1352 2
      vertex 71.6845 37.4155 5
      vertex 71.3564 37.1352 5
    endloop
  endfacet
  facet normal 0.64955 -0.760319 0
    outer loop
      vertex 71.6845 37.4155 5
      vertex 71.3564 37.1352 2
      vertex 71.6845 37.4155 2
    endloop
  endfacet
  facet normal 0.923918 -0.382591 -3.24525e-18
    outer loop
      vertex 72.1903 38.1115 5
      vertex 72.3554 38.5102 2
      vertex 72.3554 38.5102 5
    endloop
  endfacet
  facet normal 0.923918 -0.382591 -3.24525e-18
    outer loop
      vertex 72.3554 38.5102 2
      vertex 72.1903 38.1115 5
      vertex 72.1903 38.1115 2
    endloop
  endfacet
  facet normal 0.852588 -0.522584 -4.27662e-18
    outer loop
      vertex 71.9648 37.7436 5
      vertex 72.1903 38.1115 2
      vertex 72.1903 38.1115 5
    endloop
  endfacet
  facet normal 0.852588 -0.522584 -4.27662e-18
    outer loop
      vertex 72.1903 38.1115 2
      vertex 71.9648 37.7436 5
      vertex 71.9648 37.7436 2
    endloop
  endfacet
  facet normal 0.972389 -0.233364 -9.108e-19
    outer loop
      vertex 72.3554 38.5102 5
      vertex 72.4561 38.9298 2
      vertex 72.4561 38.9298 5
    endloop
  endfacet
  facet normal 0.972389 -0.233364 -9.108e-19
    outer loop
      vertex 72.4561 38.9298 2
      vertex 72.3554 38.5102 5
      vertex 72.3554 38.5102 2
    endloop
  endfacet
  facet normal -0.522584 -0.852588 0
    outer loop
      vertex 68.1236 37.1352 2
      vertex 68.4915 36.9097 5
      vertex 68.1236 37.1352 5
    endloop
  endfacet
  facet normal -0.522584 -0.852588 -0
    outer loop
      vertex 68.4915 36.9097 5
      vertex 68.1236 37.1352 2
      vertex 68.4915 36.9097 2
    endloop
  endfacet
  facet normal -0.233364 -0.972389 0
    outer loop
      vertex 68.8902 36.7446 2
      vertex 69.3098 36.6439 5
      vertex 68.8902 36.7446 5
    endloop
  endfacet
  facet normal -0.233364 -0.972389 -0
    outer loop
      vertex 69.3098 36.6439 5
      vertex 68.8902 36.7446 2
      vertex 69.3098 36.6439 2
    endloop
  endfacet
  facet normal -0.760319 -0.64955 4.68993e-18
    outer loop
      vertex 67.7955 37.4155 2
      vertex 67.5152 37.7436 5
      vertex 67.5152 37.7436 2
    endloop
  endfacet
  facet normal -0.760319 -0.64955 4.68993e-18
    outer loop
      vertex 67.5152 37.7436 5
      vertex 67.7955 37.4155 2
      vertex 67.7955 37.4155 5
    endloop
  endfacet
  facet normal -0.923918 -0.382591 3.61165e-19
    outer loop
      vertex 67.2897 38.1115 2
      vertex 67.1246 38.5102 5
      vertex 67.1246 38.5102 2
    endloop
  endfacet
  facet normal -0.923918 -0.382591 3.61165e-19
    outer loop
      vertex 67.1246 38.5102 5
      vertex 67.2897 38.1115 2
      vertex 67.2897 38.1115 5
    endloop
  endfacet
  facet normal -0.99691 -0.078557 -3.48078e-19
    outer loop
      vertex 67.0239 38.9298 2
      vertex 66.99 39.36 5
      vertex 66.99 39.36 2
    endloop
  endfacet
  facet normal -0.99691 -0.078557 -3.48078e-19
    outer loop
      vertex 66.99 39.36 5
      vertex 67.0239 38.9298 2
      vertex 67.0239 38.9298 5
    endloop
  endfacet
  facet normal 0.233364 -0.972389 0
    outer loop
      vertex 70.1702 36.6439 2
      vertex 70.5898 36.7446 5
      vertex 70.1702 36.6439 5
    endloop
  endfacet
  facet normal 0.233364 -0.972389 0
    outer loop
      vertex 70.5898 36.7446 5
      vertex 70.1702 36.6439 2
      vertex 70.5898 36.7446 2
    endloop
  endfacet
  facet normal 0.760319 -0.64955 -4.96735e-18
    outer loop
      vertex 71.6845 37.4155 5
      vertex 71.9648 37.7436 2
      vertex 71.9648 37.7436 5
    endloop
  endfacet
  facet normal 0.760319 -0.64955 -4.96735e-18
    outer loop
      vertex 71.9648 37.7436 2
      vertex 71.6845 37.4155 5
      vertex 71.6845 37.4155 2
    endloop
  endfacet
  facet normal 0.99691 -0.078557 6.13716e-19
    outer loop
      vertex 72.4561 38.9298 5
      vertex 72.49 39.36 2
      vertex 72.49 39.36 5
    endloop
  endfacet
  facet normal 0.99691 -0.078557 6.13716e-19
    outer loop
      vertex 72.49 39.36 2
      vertex 72.4561 38.9298 5
      vertex 72.4561 38.9298 2
    endloop
  endfacet
  facet normal -0.972389 -0.233364 9.108e-19
    outer loop
      vertex 67.1246 38.5102 2
      vertex 67.0239 38.9298 5
      vertex 67.0239 38.9298 2
    endloop
  endfacet
  facet normal -0.972389 -0.233364 9.108e-19
    outer loop
      vertex 67.0239 38.9298 5
      vertex 67.1246 38.5102 2
      vertex 67.1246 38.5102 5
    endloop
  endfacet
  facet normal 0 0 1
    outer loop
      vertex 70.99 39.36 5
      vertex 72.49 39.36 5
      vertex 72.4561 39.7902 5
    endloop
  endfacet
  facet normal 0 0 1
    outer loop
      vertex 70.9746 39.5555 5
      vertex 72.4561 39.7902 5
      vertex 72.3554 40.2098 5
    endloop
  endfacet
  facet normal 0 0 1
    outer loop
      vertex 72.49 39.36 5
      vertex 70.99 39.36 5
      vertex 72.4561 38.9298 5
    endloop
  endfacet
  facet normal 0 0 1
    outer loop
      vertex 70.9288 39.7463 5
      vertex 72.3554 40.2098 5
      vertex 72.1903 40.6085 5
    endloop
  endfacet
  facet normal -0 0 1
    outer loop
      vertex 70.9746 39.1645 5
      vertex 72.4561 38.9298 5
      vertex 70.99 39.36 5
    endloop
  endfacet
  facet normal 0 0 1
    outer loop
      vertex 70.8538 39.9275 5
      vertex 72.1903 40.6085 5
      vertex 71.9648 40.9764 5
    endloop
  endfacet
  facet normal 0 0 1
    outer loop
      vertex 72.4561 38.9298 5
      vertex 70.9746 39.1645 5
      vertex 72.3554 38.5102 5
    endloop
  endfacet
  facet normal 0 0 1
    outer loop
      vertex 70.7513 40.0947 5
      vertex 71.9648 40.9764 5
      vertex 71.6845 41.3045 5
    endloop
  endfacet
  facet normal -0 0 1
    outer loop
      vertex 70.9288 38.9737 5
      vertex 72.3554 38.5102 5
      vertex 70.9746 39.1645 5
    endloop
  endfacet
  facet normal 0 0 1
    outer loop
      vertex 70.6239 40.2439 5
      vertex 71.6845 41.3045 5
      vertex 71.3564 41.5848 5
    endloop
  endfacet
  facet normal 0 0 1
    outer loop
      vertex 72.3554 38.5102 5
      vertex 70.9288 38.9737 5
      vertex 72.1903 38.1115 5
    endloop
  endfacet
  facet normal -0 0 1
    outer loop
      vertex 70.8538 38.7925 5
      vertex 72.1903 38.1115 5
      vertex 70.9288 38.9737 5
    endloop
  endfacet
  facet normal 0 0 1
    outer loop
      vertex 70.4747 40.3713 5
      vertex 71.3564 41.5848 5
      vertex 70.9885 41.8103 5
    endloop
  endfacet
  facet normal 0 0 1
    outer loop
      vertex 72.4561 39.7902 5
      vertex 70.9746 39.5555 5
      vertex 70.99 39.36 5
    endloop
  endfacet
  facet normal 0 0 1
    outer loop
      vertex 72.3554 40.2098 5
      vertex 70.9288 39.7463 5
      vertex 70.9746 39.5555 5
    endloop
  endfacet
  facet normal 0 0 1
    outer loop
      vertex 72.1903 40.6085 5
      vertex 70.8538 39.9275 5
      vertex 70.9288 39.7463 5
    endloop
  endfacet
  facet normal 0 0 1
    outer loop
      vertex 71.9648 40.9764 5
      vertex 70.7513 40.0947 5
      vertex 70.8538 39.9275 5
    endloop
  endfacet
  facet normal 0 0 1
    outer loop
      vertex 71.6845 41.3045 5
      vertex 70.6239 40.2439 5
      vertex 70.7513 40.0947 5
    endloop
  endfacet
  facet normal 0 0 1
    outer loop
      vertex 70.3075 40.4738 5
      vertex 70.9885 41.8103 5
      vertex 70.5898 41.9754 5
    endloop
  endfacet
  facet normal 0 0 1
    outer loop
      vertex 71.3564 41.5848 5
      vertex 70.4747 40.3713 5
      vertex 70.6239 40.2439 5
    endloop
  endfacet
  facet normal 0 0 1
    outer loop
      vertex 70.9885 41.8103 5
      vertex 70.3075 40.4738 5
      vertex 70.4747 40.3713 5
    endloop
  endfacet
  facet normal 0 0 1
    outer loop
      vertex 70.1263 40.5488 5
      vertex 70.5898 41.9754 5
      vertex 70.1702 42.0761 5
    endloop
  endfacet
  facet normal 0 0 1
    outer loop
      vertex 70.5898 41.9754 5
      vertex 70.1263 40.5488 5
      vertex 70.3075 40.4738 5
    endloop
  endfacet
  facet normal 0 0 1
    outer loop
      vertex 70.1702 42.0761 5
      vertex 69.9355 40.5946 5
      vertex 70.1263 40.5488 5
    endloop
  endfacet
  facet normal 0 0 1
    outer loop
      vertex 69.74 42.11 5
      vertex 69.9355 40.5946 5
      vertex 70.1702 42.0761 5
    endloop
  endfacet
  facet normal 0 0 1
    outer loop
      vertex 69.74 42.11 5
      vertex 69.74 40.61 5
      vertex 69.9355 40.5946 5
    endloop
  endfacet
  facet normal 0 0 1
    outer loop
      vertex 69.74 42.11 5
      vertex 69.5445 40.5946 5
      vertex 69.74 40.61 5
    endloop
  endfacet
  facet normal -0 0 1
    outer loop
      vertex 69.3098 42.0761 5
      vertex 69.5445 40.5946 5
      vertex 69.74 42.11 5
    endloop
  endfacet
  facet normal 0 0 1
    outer loop
      vertex 69.5445 40.5946 5
      vertex 69.3098 42.0761 5
      vertex 69.3537 40.5488 5
    endloop
  endfacet
  facet normal -0 0 1
    outer loop
      vertex 68.8902 41.9754 5
      vertex 69.3537 40.5488 5
      vertex 69.3098 42.0761 5
    endloop
  endfacet
  facet normal 0 0 1
    outer loop
      vertex 69.3537 40.5488 5
      vertex 68.8902 41.9754 5
      vertex 69.1725 40.4738 5
    endloop
  endfacet
  facet normal -0 0 1
    outer loop
      vertex 68.4915 41.8103 5
      vertex 69.1725 40.4738 5
      vertex 68.8902 41.9754 5
    endloop
  endfacet
  facet normal 0 0 1
    outer loop
      vertex 69.1725 40.4738 5
      vertex 68.4915 41.8103 5
      vertex 69.0053 40.3713 5
    endloop
  endfacet
  facet normal -0 0 1
    outer loop
      vertex 68.1236 41.5848 5
      vertex 69.0053 40.3713 5
      vertex 68.4915 41.8103 5
    endloop
  endfacet
  facet normal 0 0 1
    outer loop
      vertex 69.0053 40.3713 5
      vertex 68.1236 41.5848 5
      vertex 68.8561 40.2439 5
    endloop
  endfacet
  facet normal -0 0 1
    outer loop
      vertex 67.7955 41.3045 5
      vertex 68.8561 40.2439 5
      vertex 68.1236 41.5848 5
    endloop
  endfacet
  facet normal 0 0 1
    outer loop
      vertex 68.8561 40.2439 5
      vertex 67.7955 41.3045 5
      vertex 68.7287 40.0947 5
    endloop
  endfacet
  facet normal -0 0 1
    outer loop
      vertex 67.5152 40.9764 5
      vertex 68.7287 40.0947 5
      vertex 67.7955 41.3045 5
    endloop
  endfacet
  facet normal 0 0 1
    outer loop
      vertex 68.7287 40.0947 5
      vertex 67.5152 40.9764 5
      vertex 68.6262 39.9275 5
    endloop
  endfacet
  facet normal -0 0 1
    outer loop
      vertex 67.2897 40.6085 5
      vertex 68.6262 39.9275 5
      vertex 67.5152 40.9764 5
    endloop
  endfacet
  facet normal 0 0 1
    outer loop
      vertex 72.1903 38.1115 5
      vertex 70.8538 38.7925 5
      vertex 71.9648 37.7436 5
    endloop
  endfacet
  facet normal -0 0 1
    outer loop
      vertex 70.7513 38.6253 5
      vertex 71.9648 37.7436 5
      vertex 70.8538 38.7925 5
    endloop
  endfacet
  facet normal 0 0 1
    outer loop
      vertex 71.9648 37.7436 5
      vertex 70.7513 38.6253 5
      vertex 71.6845 37.4155 5
    endloop
  endfacet
  facet normal -0 0 1
    outer loop
      vertex 70.6239 38.4761 5
      vertex 71.6845 37.4155 5
      vertex 70.7513 38.6253 5
    endloop
  endfacet
  facet normal 0 0 1
    outer loop
      vertex 71.6845 37.4155 5
      vertex 70.6239 38.4761 5
      vertex 71.3564 37.1352 5
    endloop
  endfacet
  facet normal -0 0 1
    outer loop
      vertex 70.4747 38.3487 5
      vertex 71.3564 37.1352 5
      vertex 70.6239 38.4761 5
    endloop
  endfacet
  facet normal 0 0 1
    outer loop
      vertex 71.3564 37.1352 5
      vertex 70.4747 38.3487 5
      vertex 70.9885 36.9097 5
    endloop
  endfacet
  facet normal -0 0 1
    outer loop
      vertex 70.3075 38.2462 5
      vertex 70.9885 36.9097 5
      vertex 70.4747 38.3487 5
    endloop
  endfacet
  facet normal 0 0 1
    outer loop
      vertex 70.9885 36.9097 5
      vertex 70.3075 38.2462 5
      vertex 70.5898 36.7446 5
    endloop
  endfacet
  facet normal -0 0 1
    outer loop
      vertex 70.1263 38.1712 5
      vertex 70.5898 36.7446 5
      vertex 70.3075 38.2462 5
    endloop
  endfacet
  facet normal 0 0 1
    outer loop
      vertex 70.5898 36.7446 5
      vertex 70.1263 38.1712 5
      vertex 70.1702 36.6439 5
    endloop
  endfacet
  facet normal -0 0 1
    outer loop
      vertex 69.9355 38.1254 5
      vertex 70.1702 36.6439 5
      vertex 70.1263 38.1712 5
    endloop
  endfacet
  facet normal -0 0 1
    outer loop
      vertex 69.74 38.11 5
      vertex 70.1702 36.6439 5
      vertex 69.9355 38.1254 5
    endloop
  endfacet
  facet normal 0 0 1
    outer loop
      vertex 69.74 38.11 5
      vertex 69.74 36.61 5
      vertex 70.1702 36.6439 5
    endloop
  endfacet
  facet normal 0 0 1
    outer loop
      vertex 69.5445 38.1254 5
      vertex 69.74 36.61 5
      vertex 69.74 38.11 5
    endloop
  endfacet
  facet normal 0 0 1
    outer loop
      vertex 69.3098 36.6439 5
      vertex 69.5445 38.1254 5
      vertex 69.3537 38.1712 5
    endloop
  endfacet
  facet normal 0 0 1
    outer loop
      vertex 69.5445 38.1254 5
      vertex 69.3098 36.6439 5
      vertex 69.74 36.61 5
    endloop
  endfacet
  facet normal 0 0 1
    outer loop
      vertex 68.8902 36.7446 5
      vertex 69.3537 38.1712 5
      vertex 69.1725 38.2462 5
    endloop
  endfacet
  facet normal 0 0 1
    outer loop
      vertex 68.4915 36.9097 5
      vertex 69.1725 38.2462 5
      vertex 69.0053 38.3487 5
    endloop
  endfacet
  facet normal 0 0 1
    outer loop
      vertex 69.3537 38.1712 5
      vertex 68.8902 36.7446 5
      vertex 69.3098 36.6439 5
    endloop
  endfacet
  facet normal 0 0 1
    outer loop
      vertex 68.1236 37.1352 5
      vertex 69.0053 38.3487 5
      vertex 68.8561 38.4761 5
    endloop
  endfacet
  facet normal 0 0 1
    outer loop
      vertex 67.7955 37.4155 5
      vertex 68.8561 38.4761 5
      vertex 68.7287 38.6253 5
    endloop
  endfacet
  facet normal 0 0 1
    outer loop
      vertex 67.5152 37.7436 5
      vertex 68.7287 38.6253 5
      vertex 68.6262 38.7925 5
    endloop
  endfacet
  facet normal 0 0 1
    outer loop
      vertex 67.2897 38.1115 5
      vertex 68.6262 38.7925 5
      vertex 68.5512 38.9737 5
    endloop
  endfacet
  facet normal 0 0 1
    outer loop
      vertex 67.1246 38.5102 5
      vertex 68.5512 38.9737 5
      vertex 68.5054 39.1645 5
    endloop
  endfacet
  facet normal 0 0 1
    outer loop
      vertex 69.1725 38.2462 5
      vertex 68.4915 36.9097 5
      vertex 68.8902 36.7446 5
    endloop
  endfacet
  facet normal 0 0 1
    outer loop
      vertex 67.0239 38.9298 5
      vertex 68.5054 39.1645 5
      vertex 68.49 39.36 5
    endloop
  endfacet
  facet normal 0 0 1
    outer loop
      vertex 68.6262 39.9275 5
      vertex 67.2897 40.6085 5
      vertex 68.5512 39.7463 5
    endloop
  endfacet
  facet normal 0 0 1
    outer loop
      vertex 69.0053 38.3487 5
      vertex 68.1236 37.1352 5
      vertex 68.4915 36.9097 5
    endloop
  endfacet
  facet normal -0 0 1
    outer loop
      vertex 67.1246 40.2098 5
      vertex 68.5512 39.7463 5
      vertex 67.2897 40.6085 5
    endloop
  endfacet
  facet normal 0 0 1
    outer loop
      vertex 68.8561 38.4761 5
      vertex 67.7955 37.4155 5
      vertex 68.1236 37.1352 5
    endloop
  endfacet
  facet normal 0 0 1
    outer loop
      vertex 68.5512 39.7463 5
      vertex 67.1246 40.2098 5
      vertex 68.5054 39.5555 5
    endloop
  endfacet
  facet normal 0 0 1
    outer loop
      vertex 68.7287 38.6253 5
      vertex 67.5152 37.7436 5
      vertex 67.7955 37.4155 5
    endloop
  endfacet
  facet normal -0 0 1
    outer loop
      vertex 67.0239 39.7902 5
      vertex 68.5054 39.5555 5
      vertex 67.1246 40.2098 5
    endloop
  endfacet
  facet normal 0 0 1
    outer loop
      vertex 68.6262 38.7925 5
      vertex 67.2897 38.1115 5
      vertex 67.5152 37.7436 5
    endloop
  endfacet
  facet normal 0 0 1
    outer loop
      vertex 68.5054 39.5555 5
      vertex 67.0239 39.7902 5
      vertex 68.49 39.36 5
    endloop
  endfacet
  facet normal 0 0 1
    outer loop
      vertex 68.5512 38.9737 5
      vertex 67.1246 38.5102 5
      vertex 67.2897 38.1115 5
    endloop
  endfacet
  facet normal 0 0 1
    outer loop
      vertex 66.99 39.36 5
      vertex 68.49 39.36 5
      vertex 67.0239 39.7902 5
    endloop
  endfacet
  facet normal 0 0 1
    outer loop
      vertex 68.5054 39.1645 5
      vertex 67.0239 38.9298 5
      vertex 67.1246 38.5102 5
    endloop
  endfacet
  facet normal 0 0 1
    outer loop
      vertex 68.49 39.36 5
      vertex 66.99 39.36 5
      vertex 67.0239 38.9298 5
    endloop
  endfacet
  facet normal 0.996912 0.0785291 2.80753e-19
    outer loop
      vertex 70.99 39.36 7
      vertex 70.9746 39.5555 5
      vertex 70.9746 39.5555 7
    endloop
  endfacet
  facet normal 0.996912 0.0785291 2.80753e-19
    outer loop
      vertex 70.9746 39.5555 5
      vertex 70.99 39.36 7
      vertex 70.99 39.36 5
    endloop
  endfacet
  facet normal -0.996912 0.0785291 -2.80753e-19
    outer loop
      vertex 68.49 39.36 5
      vertex 68.5054 39.5555 7
      vertex 68.5054 39.5555 5
    endloop
  endfacet
  facet normal -0.996912 0.0785291 -2.80753e-19
    outer loop
      vertex 68.5054 39.5555 7
      vertex 68.49 39.36 5
      vertex 68.49 39.36 7
    endloop
  endfacet
  facet normal 0.0785291 0.996912 -0
    outer loop
      vertex 69.9355 40.5946 5
      vertex 69.74 40.61 7
      vertex 69.9355 40.5946 7
    endloop
  endfacet
  facet normal 0.0785291 0.996912 0
    outer loop
      vertex 69.74 40.61 7
      vertex 69.9355 40.5946 5
      vertex 69.74 40.61 5
    endloop
  endfacet
  facet normal 0.760479 0.649363 -1.81329e-18
    outer loop
      vertex 70.7513 40.0947 7
      vertex 70.6239 40.2439 5
      vertex 70.6239 40.2439 7
    endloop
  endfacet
  facet normal 0.760479 0.649363 -1.81329e-18
    outer loop
      vertex 70.6239 40.2439 5
      vertex 70.7513 40.0947 7
      vertex 70.7513 40.0947 5
    endloop
  endfacet
  facet normal -0.649363 0.760479 0
    outer loop
      vertex 69.0053 40.3713 5
      vertex 68.8561 40.2439 7
      vertex 69.0053 40.3713 7
    endloop
  endfacet
  facet normal -0.649363 0.760479 0
    outer loop
      vertex 68.8561 40.2439 7
      vertex 69.0053 40.3713 5
      vertex 68.8561 40.2439 5
    endloop
  endfacet
  facet normal -0.382442 0.92398 0
    outer loop
      vertex 69.3537 40.5488 5
      vertex 69.1725 40.4738 7
      vertex 69.3537 40.5488 7
    endloop
  endfacet
  facet normal -0.382442 0.92398 0
    outer loop
      vertex 69.1725 40.4738 7
      vertex 69.3537 40.5488 5
      vertex 69.1725 40.4738 5
    endloop
  endfacet
  facet normal 0.92398 0.382442 -1.38215e-18
    outer loop
      vertex 70.9288 39.7463 7
      vertex 70.8538 39.9275 5
      vertex 70.8538 39.9275 7
    endloop
  endfacet
  facet normal 0.92398 0.382442 -1.38215e-18
    outer loop
      vertex 70.8538 39.9275 5
      vertex 70.9288 39.7463 7
      vertex 70.9288 39.7463 5
    endloop
  endfacet
  facet normal 0.972378 0.233412 -5.89237e-19
    outer loop
      vertex 70.9746 39.5555 7
      vertex 70.9288 39.7463 5
      vertex 70.9288 39.7463 7
    endloop
  endfacet
  facet normal 0.972378 0.233412 -5.89237e-19
    outer loop
      vertex 70.9288 39.7463 5
      vertex 70.9746 39.5555 7
      vertex 70.9746 39.5555 5
    endloop
  endfacet
  facet normal 0.85255 0.522646 4.021e-18
    outer loop
      vertex 70.8538 39.9275 7
      vertex 70.7513 40.0947 5
      vertex 70.7513 40.0947 7
    endloop
  endfacet
  facet normal 0.85255 0.522646 4.021e-18
    outer loop
      vertex 70.7513 40.0947 5
      vertex 70.8538 39.9275 7
      vertex 70.8538 39.9275 5
    endloop
  endfacet
  facet normal 0.522646 0.85255 -0
    outer loop
      vertex 70.4747 40.3713 5
      vertex 70.3075 40.4738 7
      vertex 70.4747 40.3713 7
    endloop
  endfacet
  facet normal 0.522646 0.85255 0
    outer loop
      vertex 70.3075 40.4738 7
      vertex 70.4747 40.3713 5
      vertex 70.3075 40.4738 5
    endloop
  endfacet
  facet normal 0.382442 0.92398 -0
    outer loop
      vertex 70.3075 40.4738 5
      vertex 70.1263 40.5488 7
      vertex 70.3075 40.4738 7
    endloop
  endfacet
  facet normal 0.382442 0.92398 0
    outer loop
      vertex 70.1263 40.5488 7
      vertex 70.3075 40.4738 5
      vertex 70.1263 40.5488 5
    endloop
  endfacet
  facet normal 0.649363 0.760479 -0
    outer loop
      vertex 70.6239 40.2439 5
      vertex 70.4747 40.3713 7
      vertex 70.6239 40.2439 7
    endloop
  endfacet
  facet normal 0.649363 0.760479 0
    outer loop
      vertex 70.4747 40.3713 7
      vertex 70.6239 40.2439 5
      vertex 70.4747 40.3713 5
    endloop
  endfacet
  facet normal -0.85255 0.522646 -4.021e-18
    outer loop
      vertex 68.6262 39.9275 5
      vertex 68.7287 40.0947 7
      vertex 68.7287 40.0947 5
    endloop
  endfacet
  facet normal -0.85255 0.522646 -4.021e-18
    outer loop
      vertex 68.7287 40.0947 7
      vertex 68.6262 39.9275 5
      vertex 68.6262 39.9275 7
    endloop
  endfacet
  facet normal -0.760479 0.649363 1.81329e-18
    outer loop
      vertex 68.7287 40.0947 5
      vertex 68.8561 40.2439 7
      vertex 68.8561 40.2439 5
    endloop
  endfacet
  facet normal -0.760479 0.649363 1.81329e-18
    outer loop
      vertex 68.8561 40.2439 7
      vertex 68.7287 40.0947 5
      vertex 68.7287 40.0947 7
    endloop
  endfacet
  facet normal -0.92398 0.382442 -3.45537e-19
    outer loop
      vertex 68.5512 39.7463 5
      vertex 68.6262 39.9275 7
      vertex 68.6262 39.9275 5
    endloop
  endfacet
  facet normal -0.92398 0.382442 -3.45537e-19
    outer loop
      vertex 68.6262 39.9275 7
      vertex 68.5512 39.7463 5
      vertex 68.5512 39.7463 7
    endloop
  endfacet
  facet normal -0.522646 0.85255 0
    outer loop
      vertex 69.1725 40.4738 5
      vertex 69.0053 40.3713 7
      vertex 69.1725 40.4738 7
    endloop
  endfacet
  facet normal -0.522646 0.85255 0
    outer loop
      vertex 69.0053 40.3713 7
      vertex 69.1725 40.4738 5
      vertex 69.0053 40.3713 5
    endloop
  endfacet
  facet normal -0.233412 0.972378 0
    outer loop
      vertex 69.5445 40.5946 5
      vertex 69.3537 40.5488 7
      vertex 69.5445 40.5946 7
    endloop
  endfacet
  facet normal -0.233412 0.972378 0
    outer loop
      vertex 69.3537 40.5488 7
      vertex 69.5445 40.5946 5
      vertex 69.3537 40.5488 5
    endloop
  endfacet
  facet normal 0.522646 -0.85255 0
    outer loop
      vertex 70.3075 38.2462 5
      vertex 70.4747 38.3487 7
      vertex 70.3075 38.2462 7
    endloop
  endfacet
  facet normal 0.522646 -0.85255 0
    outer loop
      vertex 70.4747 38.3487 7
      vertex 70.3075 38.2462 5
      vertex 70.4747 38.3487 5
    endloop
  endfacet
  facet normal -0.649363 -0.760479 0
    outer loop
      vertex 68.8561 38.4761 5
      vertex 69.0053 38.3487 7
      vertex 68.8561 38.4761 7
    endloop
  endfacet
  facet normal -0.649363 -0.760479 -0
    outer loop
      vertex 69.0053 38.3487 7
      vertex 68.8561 38.4761 5
      vertex 69.0053 38.3487 5
    endloop
  endfacet
  facet normal -0.382442 -0.92398 0
    outer loop
      vertex 69.1725 38.2462 5
      vertex 69.3537 38.1712 7
      vertex 69.1725 38.2462 7
    endloop
  endfacet
  facet normal -0.382442 -0.92398 -0
    outer loop
      vertex 69.3537 38.1712 7
      vertex 69.1725 38.2462 5
      vertex 69.3537 38.1712 5
    endloop
  endfacet
  facet normal -0.85255 -0.522646 -4.11601e-18
    outer loop
      vertex 68.7287 38.6253 5
      vertex 68.6262 38.7925 7
      vertex 68.6262 38.7925 5
    endloop
  endfacet
  facet normal -0.85255 -0.522646 -4.11601e-18
    outer loop
      vertex 68.6262 38.7925 7
      vertex 68.7287 38.6253 5
      vertex 68.7287 38.6253 7
    endloop
  endfacet
  facet normal 0.233412 0.972378 -0
    outer loop
      vertex 70.1263 40.5488 5
      vertex 69.9355 40.5946 7
      vertex 70.1263 40.5488 7
    endloop
  endfacet
  facet normal 0.233412 0.972378 0
    outer loop
      vertex 69.9355 40.5946 7
      vertex 70.1263 40.5488 5
      vertex 69.9355 40.5946 5
    endloop
  endfacet
  facet normal -0.972378 0.233412 5.89237e-19
    outer loop
      vertex 68.5054 39.5555 5
      vertex 68.5512 39.7463 7
      vertex 68.5512 39.7463 5
    endloop
  endfacet
  facet normal -0.972378 0.233412 5.89237e-19
    outer loop
      vertex 68.5512 39.7463 7
      vertex 68.5054 39.5555 5
      vertex 68.5054 39.5555 7
    endloop
  endfacet
  facet normal 0 0 1
    outer loop
      vertex 70.9746 39.5555 7
      vertex 70.9746 39.1645 7
      vertex 70.99 39.36 7
    endloop
  endfacet
  facet normal 0 0 1
    outer loop
      vertex 70.9288 39.7463 7
      vertex 70.9746 39.1645 7
      vertex 70.9746 39.5555 7
    endloop
  endfacet
  facet normal 0 0 1
    outer loop
      vertex 70.9288 39.7463 7
      vertex 70.9288 38.9737 7
      vertex 70.9746 39.1645 7
    endloop
  endfacet
  facet normal 0 0 1
    outer loop
      vertex 70.8538 39.9275 7
      vertex 70.9288 38.9737 7
      vertex 70.9288 39.7463 7
    endloop
  endfacet
  facet normal 0 0 1
    outer loop
      vertex 70.8538 39.9275 7
      vertex 70.8538 38.7925 7
      vertex 70.9288 38.9737 7
    endloop
  endfacet
  facet normal 0 0 1
    outer loop
      vertex 70.7513 40.0947 7
      vertex 70.8538 38.7925 7
      vertex 70.8538 39.9275 7
    endloop
  endfacet
  facet normal 0 0 1
    outer loop
      vertex 70.7513 40.0947 7
      vertex 70.7513 38.6253 7
      vertex 70.8538 38.7925 7
    endloop
  endfacet
  facet normal 0 0 1
    outer loop
      vertex 70.6239 40.2439 7
      vertex 70.7513 38.6253 7
      vertex 70.7513 40.0947 7
    endloop
  endfacet
  facet normal 0 0 1
    outer loop
      vertex 70.6239 40.2439 7
      vertex 70.6239 38.4761 7
      vertex 70.7513 38.6253 7
    endloop
  endfacet
  facet normal 0 0 1
    outer loop
      vertex 70.4747 40.3713 7
      vertex 70.6239 38.4761 7
      vertex 70.6239 40.2439 7
    endloop
  endfacet
  facet normal 0 0 1
    outer loop
      vertex 70.4747 40.3713 7
      vertex 70.4747 38.3487 7
      vertex 70.6239 38.4761 7
    endloop
  endfacet
  facet normal 0 0 1
    outer loop
      vertex 70.3075 40.4738 7
      vertex 70.4747 38.3487 7
      vertex 70.4747 40.3713 7
    endloop
  endfacet
  facet normal 0 0 1
    outer loop
      vertex 70.3075 40.4738 7
      vertex 70.3075 38.2462 7
      vertex 70.4747 38.3487 7
    endloop
  endfacet
  facet normal 0 0 1
    outer loop
      vertex 70.1263 40.5488 7
      vertex 70.3075 38.2462 7
      vertex 70.3075 40.4738 7
    endloop
  endfacet
  facet normal 0 0 1
    outer loop
      vertex 70.1263 40.5488 7
      vertex 70.1263 38.1712 7
      vertex 70.3075 38.2462 7
    endloop
  endfacet
  facet normal 0 0 1
    outer loop
      vertex 69.9355 40.5946 7
      vertex 70.1263 38.1712 7
      vertex 70.1263 40.5488 7
    endloop
  endfacet
  facet normal 0 0 1
    outer loop
      vertex 69.9355 40.5946 7
      vertex 69.9355 38.1254 7
      vertex 70.1263 38.1712 7
    endloop
  endfacet
  facet normal 0 0 1
    outer loop
      vertex 69.74 40.61 7
      vertex 69.9355 38.1254 7
      vertex 69.9355 40.5946 7
    endloop
  endfacet
  facet normal 0 0 1
    outer loop
      vertex 69.74 40.61 7
      vertex 69.74 38.11 7
      vertex 69.9355 38.1254 7
    endloop
  endfacet
  facet normal -0 0 1
    outer loop
      vertex 69.5445 40.5946 7
      vertex 69.74 38.11 7
      vertex 69.74 40.61 7
    endloop
  endfacet
  facet normal 0 0 1
    outer loop
      vertex 69.5445 40.5946 7
      vertex 69.5445 38.1254 7
      vertex 69.74 38.11 7
    endloop
  endfacet
  facet normal -0 0 1
    outer loop
      vertex 69.3537 40.5488 7
      vertex 69.5445 38.1254 7
      vertex 69.5445 40.5946 7
    endloop
  endfacet
  facet normal 0 0 1
    outer loop
      vertex 69.3537 40.5488 7
      vertex 69.3537 38.1712 7
      vertex 69.5445 38.1254 7
    endloop
  endfacet
  facet normal -0 0 1
    outer loop
      vertex 69.1725 40.4738 7
      vertex 69.3537 38.1712 7
      vertex 69.3537 40.5488 7
    endloop
  endfacet
  facet normal 0 0 1
    outer loop
      vertex 69.1725 40.4738 7
      vertex 69.1725 38.2462 7
      vertex 69.3537 38.1712 7
    endloop
  endfacet
  facet normal -0 0 1
    outer loop
      vertex 69.0053 40.3713 7
      vertex 69.1725 38.2462 7
      vertex 69.1725 40.4738 7
    endloop
  endfacet
  facet normal 0 0 1
    outer loop
      vertex 69.0053 40.3713 7
      vertex 69.0053 38.3487 7
      vertex 69.1725 38.2462 7
    endloop
  endfacet
  facet normal -0 0 1
    outer loop
      vertex 68.8561 40.2439 7
      vertex 69.0053 38.3487 7
      vertex 69.0053 40.3713 7
    endloop
  endfacet
  facet normal 0 0 1
    outer loop
      vertex 68.8561 40.2439 7
      vertex 68.8561 38.4761 7
      vertex 69.0053 38.3487 7
    endloop
  endfacet
  facet normal -0 0 1
    outer loop
      vertex 68.7287 40.0947 7
      vertex 68.8561 38.4761 7
      vertex 68.8561 40.2439 7
    endloop
  endfacet
  facet normal 0 0 1
    outer loop
      vertex 68.7287 40.0947 7
      vertex 68.7287 38.6253 7
      vertex 68.8561 38.4761 7
    endloop
  endfacet
  facet normal -0 0 1
    outer loop
      vertex 68.6262 39.9275 7
      vertex 68.7287 38.6253 7
      vertex 68.7287 40.0947 7
    endloop
  endfacet
  facet normal 0 0 1
    outer loop
      vertex 68.6262 39.9275 7
      vertex 68.6262 38.7925 7
      vertex 68.7287 38.6253 7
    endloop
  endfacet
  facet normal -0 0 1
    outer loop
      vertex 68.5512 39.7463 7
      vertex 68.6262 38.7925 7
      vertex 68.6262 39.9275 7
    endloop
  endfacet
  facet normal 0 0 1
    outer loop
      vertex 68.5512 39.7463 7
      vertex 68.5512 38.9737 7
      vertex 68.6262 38.7925 7
    endloop
  endfacet
  facet normal -0 0 1
    outer loop
      vertex 68.5054 39.5555 7
      vertex 68.5512 38.9737 7
      vertex 68.5512 39.7463 7
    endloop
  endfacet
  facet normal 0 0 1
    outer loop
      vertex 68.5054 39.5555 7
      vertex 68.5054 39.1645 7
      vertex 68.5512 38.9737 7
    endloop
  endfacet
  facet normal 0 -0 1
    outer loop
      vertex 68.5054 39.1645 7
      vertex 68.5054 39.5555 7
      vertex 68.49 39.36 7
    endloop
  endfacet
  facet normal -0.0785291 0.996912 0
    outer loop
      vertex 69.74 40.61 5
      vertex 69.5445 40.5946 7
      vertex 69.74 40.61 7
    endloop
  endfacet
  facet normal -0.0785291 0.996912 0
    outer loop
      vertex 69.5445 40.5946 7
      vertex 69.74 40.61 5
      vertex 69.5445 40.5946 5
    endloop
  endfacet
  facet normal 0.996912 -0.0785291 -2.80753e-19
    outer loop
      vertex 70.9746 39.1645 7
      vertex 70.99 39.36 5
      vertex 70.99 39.36 7
    endloop
  endfacet
  facet normal 0.996912 -0.0785291 -2.80753e-19
    outer loop
      vertex 70.99 39.36 5
      vertex 70.9746 39.1645 7
      vertex 70.9746 39.1645 5
    endloop
  endfacet
  facet normal 0.0785291 -0.996912 0
    outer loop
      vertex 69.74 38.11 5
      vertex 69.9355 38.1254 7
      vertex 69.74 38.11 7
    endloop
  endfacet
  facet normal 0.0785291 -0.996912 0
    outer loop
      vertex 69.9355 38.1254 7
      vertex 69.74 38.11 5
      vertex 69.9355 38.1254 5
    endloop
  endfacet
  facet normal 0.382442 -0.92398 0
    outer loop
      vertex 70.1263 38.1712 5
      vertex 70.3075 38.2462 7
      vertex 70.1263 38.1712 7
    endloop
  endfacet
  facet normal 0.382442 -0.92398 0
    outer loop
      vertex 70.3075 38.2462 7
      vertex 70.1263 38.1712 5
      vertex 70.3075 38.2462 5
    endloop
  endfacet
  facet normal 0.649363 -0.760479 0
    outer loop
      vertex 70.4747 38.3487 5
      vertex 70.6239 38.4761 7
      vertex 70.4747 38.3487 7
    endloop
  endfacet
  facet normal 0.649363 -0.760479 0
    outer loop
      vertex 70.6239 38.4761 7
      vertex 70.4747 38.3487 5
      vertex 70.6239 38.4761 5
    endloop
  endfacet
  facet normal 0.92398 -0.382442 1.38215e-18
    outer loop
      vertex 70.8538 38.7925 7
      vertex 70.9288 38.9737 5
      vertex 70.9288 38.9737 7
    endloop
  endfacet
  facet normal 0.92398 -0.382442 1.38215e-18
    outer loop
      vertex 70.9288 38.9737 5
      vertex 70.8538 38.7925 7
      vertex 70.8538 38.7925 5
    endloop
  endfacet
  facet normal 0.760479 -0.649363 2.56451e-18
    outer loop
      vertex 70.6239 38.4761 7
      vertex 70.7513 38.6253 5
      vertex 70.7513 38.6253 7
    endloop
  endfacet
  facet normal 0.760479 -0.649363 2.56451e-18
    outer loop
      vertex 70.7513 38.6253 5
      vertex 70.6239 38.4761 7
      vertex 70.6239 38.4761 5
    endloop
  endfacet
  facet normal -0.522646 -0.85255 0
    outer loop
      vertex 69.0053 38.3487 5
      vertex 69.1725 38.2462 7
      vertex 69.0053 38.3487 7
    endloop
  endfacet
  facet normal -0.522646 -0.85255 -0
    outer loop
      vertex 69.1725 38.2462 7
      vertex 69.0053 38.3487 5
      vertex 69.1725 38.2462 5
    endloop
  endfacet
  facet normal -0.233412 -0.972378 0
    outer loop
      vertex 69.3537 38.1712 5
      vertex 69.5445 38.1254 7
      vertex 69.3537 38.1712 7
    endloop
  endfacet
  facet normal -0.233412 -0.972378 -0
    outer loop
      vertex 69.5445 38.1254 7
      vertex 69.3537 38.1712 5
      vertex 69.5445 38.1254 5
    endloop
  endfacet
  facet normal -0.760479 -0.649363 -2.56451e-18
    outer loop
      vertex 68.8561 38.4761 5
      vertex 68.7287 38.6253 7
      vertex 68.7287 38.6253 5
    endloop
  endfacet
  facet normal -0.760479 -0.649363 -2.56451e-18
    outer loop
      vertex 68.7287 38.6253 7
      vertex 68.8561 38.4761 5
      vertex 68.8561 38.4761 7
    endloop
  endfacet
  facet normal -0.92398 -0.382442 3.45537e-19
    outer loop
      vertex 68.6262 38.7925 5
      vertex 68.5512 38.9737 7
      vertex 68.5512 38.9737 5
    endloop
  endfacet
  facet normal -0.92398 -0.382442 3.45537e-19
    outer loop
      vertex 68.5512 38.9737 7
      vertex 68.6262 38.7925 5
      vertex 68.6262 38.7925 7
    endloop
  endfacet
  facet normal -0.996912 -0.0785291 2.80753e-19
    outer loop
      vertex 68.5054 39.1645 5
      vertex 68.49 39.36 7
      vertex 68.49 39.36 5
    endloop
  endfacet
  facet normal -0.996912 -0.0785291 2.80753e-19
    outer loop
      vertex 68.49 39.36 7
      vertex 68.5054 39.1645 5
      vertex 68.5054 39.1645 7
    endloop
  endfacet
  facet normal 0.233412 -0.972378 0
    outer loop
      vertex 69.9355 38.1254 5
      vertex 70.1263 38.1712 7
      vertex 69.9355 38.1254 7
    endloop
  endfacet
  facet normal 0.233412 -0.972378 0
    outer loop
      vertex 70.1263 38.1712 7
      vertex 69.9355 38.1254 5
      vertex 70.1263 38.1712 5
    endloop
  endfacet
  facet normal 0.972378 -0.233412 5.89237e-19
    outer loop
      vertex 70.9288 38.9737 7
      vertex 70.9746 39.1645 5
      vertex 70.9746 39.1645 7
    endloop
  endfacet
  facet normal 0.972378 -0.233412 5.89237e-19
    outer loop
      vertex 70.9746 39.1645 5
      vertex 70.9288 38.9737 7
      vertex 70.9288 38.9737 5
    endloop
  endfacet
  facet normal 0.85255 -0.522646 4.11601e-18
    outer loop
      vertex 70.7513 38.6253 7
      vertex 70.8538 38.7925 5
      vertex 70.8538 38.7925 7
    endloop
  endfacet
  facet normal 0.85255 -0.522646 4.11601e-18
    outer loop
      vertex 70.8538 38.7925 5
      vertex 70.7513 38.6253 7
      vertex 70.7513 38.6253 5
    endloop
  endfacet
  facet normal -0.0785291 -0.996912 0
    outer loop
      vertex 69.5445 38.1254 5
      vertex 69.74 38.11 7
      vertex 69.5445 38.1254 7
    endloop
  endfacet
  facet normal -0.0785291 -0.996912 -0
    outer loop
      vertex 69.74 38.11 7
      vertex 69.5445 38.1254 5
      vertex 69.74 38.11 5
    endloop
  endfacet
  facet normal -0.972378 -0.233412 -5.89237e-19
    outer loop
      vertex 68.5512 38.9737 5
      vertex 68.5054 39.1645 7
      vertex 68.5054 39.1645 5
    endloop
  endfacet
  facet normal -0.972378 -0.233412 -5.89237e-19
    outer loop
      vertex 68.5054 39.1645 7
      vertex 68.5512 38.9737 5
      vertex 68.5512 38.9737 7
    endloop
  endfacet
endsolid OpenSCAD_Model
