solid OpenSCAD_Model
  facet normal -1 0 0
    outer loop
      vertex 9 16 0
      vertex 9 18 2
      vertex 9 18 0
    endloop
  endfacet
  facet normal -1 -0 0
    outer loop
      vertex 9 18 2
      vertex 9 16 0
      vertex 9 16 2
    endloop
  endfacet
  facet normal 1 -0 0
    outer loop
      vertex 5 16 2
      vertex 5 18 0
      vertex 5 18 2
    endloop
  endfacet
  facet normal 1 0 0
    outer loop
      vertex 5 18 0
      vertex 5 16 2
      vertex 5 16 0
    endloop
  endfacet
  facet normal 0 -1 0
    outer loop
      vertex 5 18 0
      vertex 9 18 2
      vertex 5 18 2
    endloop
  endfacet
  facet normal 0 -1 -0
    outer loop
      vertex 9 18 2
      vertex 5 18 0
      vertex 9 18 0
    endloop
  endfacet
  facet normal 0 1 -0
    outer loop
      vertex 9 16 0
      vertex 5 16 2
      vertex 9 16 2
    endloop
  endfacet
  facet normal 0 1 0
    outer loop
      vertex 5 16 2
      vertex 9 16 0
      vertex 5 16 0
    endloop
  endfacet
  facet normal -1 0 0
    outer loop
      vertex 9 21 0
      vertex 9 23 2
      vertex 9 23 0
    endloop
  endfacet
  facet normal -1 -0 0
    outer loop
      vertex 9 23 2
      vertex 9 21 0
      vertex 9 21 2
    endloop
  endfacet
  facet normal 1 -0 0
    outer loop
      vertex 5 21 2
      vertex 5 23 0
      vertex 5 23 2
    endloop
  endfacet
  facet normal 1 0 0
    outer loop
      vertex 5 23 0
      vertex 5 21 2
      vertex 5 21 0
    endloop
  endfacet
  facet normal 0 -1 0
    outer loop
      vertex 5 23 0
      vertex 9 23 2
      vertex 5 23 2
    endloop
  endfacet
  facet normal 0 -1 -0
    outer loop
      vertex 9 23 2
      vertex 5 23 0
      vertex 9 23 0
    endloop
  endfacet
  facet normal 0 1 -0
    outer loop
      vertex 9 21 0
      vertex 5 21 2
      vertex 9 21 2
    endloop
  endfacet
  facet normal 0 1 0
    outer loop
      vertex 5 21 2
      vertex 9 21 0
      vertex 5 21 0
    endloop
  endfacet
  facet normal -1 0 0
    outer loop
      vertex 9 26 0
      vertex 9 28 2
      vertex 9 28 0
    endloop
  endfacet
  facet normal -1 -0 0
    outer loop
      vertex 9 28 2
      vertex 9 26 0
      vertex 9 26 2
    endloop
  endfacet
  facet normal 1 -0 0
    outer loop
      vertex 5 26 2
      vertex 5 28 0
      vertex 5 28 2
    endloop
  endfacet
  facet normal 1 0 0
    outer loop
      vertex 5 28 0
      vertex 5 26 2
      vertex 5 26 0
    endloop
  endfacet
  facet normal 0 -1 0
    outer loop
      vertex 5 28 0
      vertex 9 28 2
      vertex 5 28 2
    endloop
  endfacet
  facet normal 0 -1 -0
    outer loop
      vertex 9 28 2
      vertex 5 28 0
      vertex 9 28 0
    endloop
  endfacet
  facet normal 0 1 -0
    outer loop
      vertex 9 26 0
      vertex 5 26 2
      vertex 9 26 2
    endloop
  endfacet
  facet normal 0 1 0
    outer loop
      vertex 5 26 2
      vertex 9 26 0
      vertex 5 26 0
    endloop
  endfacet
  facet normal -1 0 0
    outer loop
      vertex 9 31 0
      vertex 9 33 2
      vertex 9 33 0
    endloop
  endfacet
  facet normal -1 -0 0
    outer loop
      vertex 9 33 2
      vertex 9 31 0
      vertex 9 31 2
    endloop
  endfacet
  facet normal 1 -0 0
    outer loop
      vertex 5 31 2
      vertex 5 33 0
      vertex 5 33 2
    endloop
  endfacet
  facet normal 1 0 0
    outer loop
      vertex 5 33 0
      vertex 5 31 2
      vertex 5 31 0
    endloop
  endfacet
  facet normal 0 1 -0
    outer loop
      vertex 9 31 0
      vertex 5 31 2
      vertex 9 31 2
    endloop
  endfacet
  facet normal 0 1 0
    outer loop
      vertex 5 31 2
      vertex 9 31 0
      vertex 5 31 0
    endloop
  endfacet
  facet normal 0 -1 0
    outer loop
      vertex 5 33 0
      vertex 9 33 2
      vertex 5 33 2
    endloop
  endfacet
  facet normal 0 -1 -0
    outer loop
      vertex 9 33 2
      vertex 5 33 0
      vertex 9 33 0
    endloop
  endfacet
  facet normal -1 0 0
    outer loop
      vertex 9 36 0
      vertex 9 38 2
      vertex 9 38 0
    endloop
  endfacet
  facet normal -1 -0 0
    outer loop
      vertex 9 38 2
      vertex 9 36 0
      vertex 9 36 2
    endloop
  endfacet
  facet normal 1 -0 0
    outer loop
      vertex 5 36 2
      vertex 5 38 0
      vertex 5 38 2
    endloop
  endfacet
  facet normal 1 0 0
    outer loop
      vertex 5 38 0
      vertex 5 36 2
      vertex 5 36 0
    endloop
  endfacet
  facet normal 0 1 -0
    outer loop
      vertex 9 36 0
      vertex 5 36 2
      vertex 9 36 2
    endloop
  endfacet
  facet normal 0 1 0
    outer loop
      vertex 5 36 2
      vertex 9 36 0
      vertex 5 36 0
    endloop
  endfacet
  facet normal 0 -1 0
    outer loop
      vertex 5 38 0
      vertex 9 38 2
      vertex 5 38 2
    endloop
  endfacet
  facet normal 0 -1 -0
    outer loop
      vertex 9 38 2
      vertex 5 38 0
      vertex 9 38 0
    endloop
  endfacet
  facet normal -1 0 0
    outer loop
      vertex 9 41 0
      vertex 9 43 2
      vertex 9 43 0
    endloop
  endfacet
  facet normal -1 -0 0
    outer loop
      vertex 9 43 2
      vertex 9 41 0
      vertex 9 41 2
    endloop
  endfacet
  facet normal 1 -0 0
    outer loop
      vertex 5 41 2
      vertex 5 43 0
      vertex 5 43 2
    endloop
  endfacet
  facet normal 1 0 0
    outer loop
      vertex 5 43 0
      vertex 5 41 2
      vertex 5 41 0
    endloop
  endfacet
  facet normal 0 -1 0
    outer loop
      vertex 5 43 0
      vertex 9 43 2
      vertex 5 43 2
    endloop
  endfacet
  facet normal 0 -1 -0
    outer loop
      vertex 9 43 2
      vertex 5 43 0
      vertex 9 43 0
    endloop
  endfacet
  facet normal 0 1 -0
    outer loop
      vertex 9 41 0
      vertex 5 41 2
      vertex 9 41 2
    endloop
  endfacet
  facet normal 0 1 0
    outer loop
      vertex 5 41 2
      vertex 9 41 0
      vertex 5 41 0
    endloop
  endfacet
  facet normal -1 0 0
    outer loop
      vertex 9 46 0
      vertex 9 48 2
      vertex 9 48 0
    endloop
  endfacet
  facet normal -1 -0 0
    outer loop
      vertex 9 48 2
      vertex 9 46 0
      vertex 9 46 2
    endloop
  endfacet
  facet normal 1 -0 0
    outer loop
      vertex 5 46 2
      vertex 5 48 0
      vertex 5 48 2
    endloop
  endfacet
  facet normal 1 0 0
    outer loop
      vertex 5 48 0
      vertex 5 46 2
      vertex 5 46 0
    endloop
  endfacet
  facet normal 0 -1 0
    outer loop
      vertex 5 48 0
      vertex 9 48 2
      vertex 5 48 2
    endloop
  endfacet
  facet normal 0 -1 -0
    outer loop
      vertex 9 48 2
      vertex 5 48 0
      vertex 9 48 0
    endloop
  endfacet
  facet normal 0 1 -0
    outer loop
      vertex 9 46 0
      vertex 5 46 2
      vertex 9 46 2
    endloop
  endfacet
  facet normal 0 1 0
    outer loop
      vertex 5 46 2
      vertex 9 46 0
      vertex 5 46 0
    endloop
  endfacet
  facet normal 0 0 1
    outer loop
      vertex 74.3 57 18
      vertex 76 57 18
      vertex 75.9508 57.6257 18
    endloop
  endfacet
  facet normal 0 0 1
    outer loop
      vertex 76 57 18
      vertex 74.3 57 18
      vertex 76 4 18
    endloop
  endfacet
  facet normal 0 0 1
    outer loop
      vertex 74.2717 57.3598 18
      vertex 75.9508 57.6257 18
      vertex 75.8042 58.2361 18
    endloop
  endfacet
  facet normal 0 0 1
    outer loop
      vertex 74.3 3.99999 18
      vertex 76 4 18
      vertex 74.3 57 18
    endloop
  endfacet
  facet normal 0 0 1
    outer loop
      vertex 74.1874 57.7107 18
      vertex 75.8042 58.2361 18
      vertex 75.564 58.8159 18
    endloop
  endfacet
  facet normal 0 0 1
    outer loop
      vertex 76 4 18
      vertex 74.3 3.99999 18
      vertex 75.9508 3.37425 18
    endloop
  endfacet
  facet normal 0 0 1
    outer loop
      vertex 74.0493 58.0442 18
      vertex 75.564 58.8159 18
      vertex 75.2361 59.3511 18
    endloop
  endfacet
  facet normal -0 0 1
    outer loop
      vertex 74.2717 3.64019 18
      vertex 75.9508 3.37425 18
      vertex 74.3 3.99999 18
    endloop
  endfacet
  facet normal 0 0 1
    outer loop
      vertex 73.8607 58.3519 18
      vertex 75.2361 59.3511 18
      vertex 74.8284 59.8284 18
    endloop
  endfacet
  facet normal 0 0 1
    outer loop
      vertex 75.9508 3.37425 18
      vertex 74.2717 3.64019 18
      vertex 75.8042 2.76393 18
    endloop
  endfacet
  facet normal 0 0 1
    outer loop
      vertex 73.6264 58.6263 18
      vertex 74.8284 59.8284 18
      vertex 74.3512 60.2361 18
    endloop
  endfacet
  facet normal -0 0 1
    outer loop
      vertex 74.1874 3.28925 18
      vertex 75.8042 2.76393 18
      vertex 74.2717 3.64019 18
    endloop
  endfacet
  facet normal 0 0 1
    outer loop
      vertex 75.8042 2.76393 18
      vertex 74.1874 3.28925 18
      vertex 75.564 2.18404 18
    endloop
  endfacet
  facet normal 0 0 1
    outer loop
      vertex 75.9508 57.6257 18
      vertex 74.2717 57.3598 18
      vertex 74.3 57 18
    endloop
  endfacet
  facet normal 0 0 1
    outer loop
      vertex 75.8042 58.2361 18
      vertex 74.1874 57.7107 18
      vertex 74.2717 57.3598 18
    endloop
  endfacet
  facet normal 0 0 1
    outer loop
      vertex 75.564 58.8159 18
      vertex 74.0493 58.0442 18
      vertex 74.1874 57.7107 18
    endloop
  endfacet
  facet normal 0 0 1
    outer loop
      vertex 75.2361 59.3511 18
      vertex 73.8607 58.3519 18
      vertex 74.0493 58.0442 18
    endloop
  endfacet
  facet normal 0 0 1
    outer loop
      vertex 73.3519 58.8607 18
      vertex 74.3512 60.2361 18
      vertex 73.816 60.564 18
    endloop
  endfacet
  facet normal 0 0 1
    outer loop
      vertex 74.8284 59.8284 18
      vertex 73.6264 58.6263 18
      vertex 73.8607 58.3519 18
    endloop
  endfacet
  facet normal 0 0 1
    outer loop
      vertex 74.3512 60.2361 18
      vertex 73.3519 58.8607 18
      vertex 73.6264 58.6263 18
    endloop
  endfacet
  facet normal 0 0 1
    outer loop
      vertex 73.0442 59.0493 18
      vertex 73.816 60.564 18
      vertex 73.2361 60.8042 18
    endloop
  endfacet
  facet normal 0 0 1
    outer loop
      vertex 73.816 60.564 18
      vertex 73.0442 59.0493 18
      vertex 73.3519 58.8607 18
    endloop
  endfacet
  facet normal 0 0 1
    outer loop
      vertex 73.2361 60.8042 18
      vertex 72.7108 59.1874 18
      vertex 73.0442 59.0493 18
    endloop
  endfacet
  facet normal 0 0 1
    outer loop
      vertex 72.6257 60.9507 18
      vertex 72.7108 59.1874 18
      vertex 73.2361 60.8042 18
    endloop
  endfacet
  facet normal 0 0 1
    outer loop
      vertex 72.6257 60.9507 18
      vertex 72.3598 59.2717 18
      vertex 72.7108 59.1874 18
    endloop
  endfacet
  facet normal 0 0 1
    outer loop
      vertex 72.6257 60.9507 18
      vertex 72 59.3 18
      vertex 72.3598 59.2717 18
    endloop
  endfacet
  facet normal 0 0 1
    outer loop
      vertex 72 61 18
      vertex 72 59.3 18
      vertex 72.6257 60.9507 18
    endloop
  endfacet
  facet normal 0 0 1
    outer loop
      vertex 72 61 18
      vertex 4.00001 59.3 18
      vertex 72 59.3 18
    endloop
  endfacet
  facet normal -0 0 1
    outer loop
      vertex 4 61 18
      vertex 4.00001 59.3 18
      vertex 72 61 18
    endloop
  endfacet
  facet normal 0 0 1
    outer loop
      vertex 4 61 18
      vertex 3.64021 59.2717 18
      vertex 4.00001 59.3 18
    endloop
  endfacet
  facet normal -0 0 1
    outer loop
      vertex 3.37427 60.9507 18
      vertex 3.64021 59.2717 18
      vertex 4 61 18
    endloop
  endfacet
  facet normal 0 0 1
    outer loop
      vertex 3.37427 60.9507 18
      vertex 3.28927 59.1874 18
      vertex 3.64021 59.2717 18
    endloop
  endfacet
  facet normal -0 0 1
    outer loop
      vertex 2.76395 60.8042 18
      vertex 3.28927 59.1874 18
      vertex 3.37427 60.9507 18
    endloop
  endfacet
  facet normal 0 0 1
    outer loop
      vertex 3.28927 59.1874 18
      vertex 2.76395 60.8042 18
      vertex 2.95582 59.0493 18
    endloop
  endfacet
  facet normal -0 0 1
    outer loop
      vertex 2.18405 60.564 18
      vertex 2.95582 59.0493 18
      vertex 2.76395 60.8042 18
    endloop
  endfacet
  facet normal 0 0 1
    outer loop
      vertex 2.95582 59.0493 18
      vertex 2.18405 60.564 18
      vertex 2.6481 58.8607 18
    endloop
  endfacet
  facet normal -0 0 1
    outer loop
      vertex 1.64886 60.2361 18
      vertex 2.6481 58.8607 18
      vertex 2.18405 60.564 18
    endloop
  endfacet
  facet normal 0 0 1
    outer loop
      vertex 2.6481 58.8607 18
      vertex 1.64886 60.2361 18
      vertex 2.37367 58.6263 18
    endloop
  endfacet
  facet normal -0 0 1
    outer loop
      vertex 1.17159 59.8284 18
      vertex 2.37367 58.6263 18
      vertex 1.64886 60.2361 18
    endloop
  endfacet
  facet normal 0 0 1
    outer loop
      vertex 2.37367 58.6263 18
      vertex 1.17159 59.8284 18
      vertex 2.13926 58.3519 18
    endloop
  endfacet
  facet normal -0 0 1
    outer loop
      vertex 0.763947 59.3511 18
      vertex 2.13926 58.3519 18
      vertex 1.17159 59.8284 18
    endloop
  endfacet
  facet normal 0 0 1
    outer loop
      vertex 1.9507 58.0442 18
      vertex 0.435974 58.8159 18
      vertex 1.81257 57.7107 18
    endloop
  endfacet
  facet normal -0 0 1
    outer loop
      vertex 0.435974 58.8159 18
      vertex 1.9507 58.0442 18
      vertex 0.763947 59.3511 18
    endloop
  endfacet
  facet normal 0 0 1
    outer loop
      vertex 2.13926 58.3519 18
      vertex 0.763947 59.3511 18
      vertex 1.9507 58.0442 18
    endloop
  endfacet
  facet normal -0 0 1
    outer loop
      vertex 74.0493 2.95581 18
      vertex 75.564 2.18404 18
      vertex 74.1874 3.28925 18
    endloop
  endfacet
  facet normal 0 0 1
    outer loop
      vertex 75.564 2.18404 18
      vertex 74.0493 2.95581 18
      vertex 75.2361 1.64885 18
    endloop
  endfacet
  facet normal -0 0 1
    outer loop
      vertex 73.8607 2.64809 18
      vertex 75.2361 1.64885 18
      vertex 74.0493 2.95581 18
    endloop
  endfacet
  facet normal 0 0 1
    outer loop
      vertex 75.2361 1.64885 18
      vertex 73.8607 2.64809 18
      vertex 74.8284 1.17157 18
    endloop
  endfacet
  facet normal -0 0 1
    outer loop
      vertex 73.6264 2.37364 18
      vertex 74.8284 1.17157 18
      vertex 73.8607 2.64809 18
    endloop
  endfacet
  facet normal 0 0 1
    outer loop
      vertex 74.8284 1.17157 18
      vertex 73.6264 2.37364 18
      vertex 74.3512 0.763931 18
    endloop
  endfacet
  facet normal -0 0 1
    outer loop
      vertex 73.3519 2.13925 18
      vertex 74.3512 0.763931 18
      vertex 73.6264 2.37364 18
    endloop
  endfacet
  facet normal 0 0 1
    outer loop
      vertex 74.3512 0.763931 18
      vertex 73.3519 2.13925 18
      vertex 73.816 0.435959 18
    endloop
  endfacet
  facet normal -0 0 1
    outer loop
      vertex 73.0442 1.95067 18
      vertex 73.816 0.435959 18
      vertex 73.3519 2.13925 18
    endloop
  endfacet
  facet normal 0 0 1
    outer loop
      vertex 73.816 0.435959 18
      vertex 73.0442 1.95067 18
      vertex 73.2361 0.19577 18
    endloop
  endfacet
  facet normal -0 0 1
    outer loop
      vertex 72.7108 1.81256 18
      vertex 73.2361 0.19577 18
      vertex 73.0442 1.95067 18
    endloop
  endfacet
  facet normal 0 0 1
    outer loop
      vertex 72.7108 1.81256 18
      vertex 72.6257 0.0492401 18
      vertex 73.2361 0.19577 18
    endloop
  endfacet
  facet normal -0 0 1
    outer loop
      vertex 72.3598 1.7283 18
      vertex 72.6257 0.0492401 18
      vertex 72.7108 1.81256 18
    endloop
  endfacet
  facet normal -0 0 1
    outer loop
      vertex 72 1.7 18
      vertex 72.6257 0.0492401 18
      vertex 72.3598 1.7283 18
    endloop
  endfacet
  facet normal 0 0 1
    outer loop
      vertex 72 1.7 18
      vertex 72 0 18
      vertex 72.6257 0.0492401 18
    endloop
  endfacet
  facet normal -0 0 1
    outer loop
      vertex 4.00001 1.7 18
      vertex 72 0 18
      vertex 72 1.7 18
    endloop
  endfacet
  facet normal 0 0 1
    outer loop
      vertex 4.00001 1.7 18
      vertex 4 0 18
      vertex 72 0 18
    endloop
  endfacet
  facet normal 0 0 1
    outer loop
      vertex 3.64021 1.7283 18
      vertex 4 0 18
      vertex 4.00001 1.7 18
    endloop
  endfacet
  facet normal 0 0 1
    outer loop
      vertex 3.64021 1.7283 18
      vertex 3.37427 0.0492401 18
      vertex 4 0 18
    endloop
  endfacet
  facet normal 0 0 1
    outer loop
      vertex 3.28927 1.81256 18
      vertex 3.37427 0.0492401 18
      vertex 3.64021 1.7283 18
    endloop
  endfacet
  facet normal 0 0 1
    outer loop
      vertex 2.76395 0.19577 18
      vertex 3.28927 1.81256 18
      vertex 2.95582 1.95067 18
    endloop
  endfacet
  facet normal 0 0 1
    outer loop
      vertex 3.28927 1.81256 18
      vertex 2.76395 0.19577 18
      vertex 3.37427 0.0492401 18
    endloop
  endfacet
  facet normal 0 0 1
    outer loop
      vertex 2.18405 0.435959 18
      vertex 2.95582 1.95067 18
      vertex 2.6481 2.13925 18
    endloop
  endfacet
  facet normal 0 0 1
    outer loop
      vertex 1.64886 0.763931 18
      vertex 2.6481 2.13925 18
      vertex 2.37367 2.37364 18
    endloop
  endfacet
  facet normal 0 0 1
    outer loop
      vertex 2.95582 1.95067 18
      vertex 2.18405 0.435959 18
      vertex 2.76395 0.19577 18
    endloop
  endfacet
  facet normal 0 0 1
    outer loop
      vertex 1.17159 1.17157 18
      vertex 2.37367 2.37364 18
      vertex 2.13926 2.64809 18
    endloop
  endfacet
  facet normal 0 0 1
    outer loop
      vertex 0.763947 1.64885 18
      vertex 2.13926 2.64809 18
      vertex 1.9507 2.95581 18
    endloop
  endfacet
  facet normal 0 0 1
    outer loop
      vertex 0.435974 2.18404 18
      vertex 1.9507 2.95581 18
      vertex 1.81257 3.28925 18
    endloop
  endfacet
  facet normal 0 0 1
    outer loop
      vertex 0.195786 2.76393 18
      vertex 1.81257 3.28925 18
      vertex 1.72833 3.64019 18
    endloop
  endfacet
  facet normal 0 0 1
    outer loop
      vertex 2.6481 2.13925 18
      vertex 1.64886 0.763931 18
      vertex 2.18405 0.435959 18
    endloop
  endfacet
  facet normal 0 0 1
    outer loop
      vertex 0.0492554 3.37425 18
      vertex 1.72833 3.64019 18
      vertex 1.70001 3.99999 18
    endloop
  endfacet
  facet normal 0 0 1
    outer loop
      vertex 1.70001 57 18
      vertex 0 57 18
      vertex 1.70001 3.99999 18
    endloop
  endfacet
  facet normal -0 0 1
    outer loop
      vertex 0.195786 58.2361 18
      vertex 1.81257 57.7107 18
      vertex 0.435974 58.8159 18
    endloop
  endfacet
  facet normal -0 0 1
    outer loop
      vertex 0 4 18
      vertex 1.70001 3.99999 18
      vertex 0 57 18
    endloop
  endfacet
  facet normal 0 0 1
    outer loop
      vertex 1.81257 57.7107 18
      vertex 0.195786 58.2361 18
      vertex 1.72833 57.3598 18
    endloop
  endfacet
  facet normal 0 -0 1
    outer loop
      vertex 0.0492554 3.37425 18
      vertex 1.70001 3.99999 18
      vertex 0 4 18
    endloop
  endfacet
  facet normal -0 0 1
    outer loop
      vertex 0.0492554 57.6257 18
      vertex 1.72833 57.3598 18
      vertex 0.195786 58.2361 18
    endloop
  endfacet
  facet normal 0 0 1
    outer loop
      vertex 2.37367 2.37364 18
      vertex 1.17159 1.17157 18
      vertex 1.64886 0.763931 18
    endloop
  endfacet
  facet normal 0 0 1
    outer loop
      vertex 1.72833 57.3598 18
      vertex 0.0492554 57.6257 18
      vertex 1.70001 57 18
    endloop
  endfacet
  facet normal 0 0 1
    outer loop
      vertex 2.13926 2.64809 18
      vertex 0.763947 1.64885 18
      vertex 1.17159 1.17157 18
    endloop
  endfacet
  facet normal 0 0 1
    outer loop
      vertex 1.70001 57 18
      vertex 0.0492554 57.6257 18
      vertex 0 57 18
    endloop
  endfacet
  facet normal 0 0 1
    outer loop
      vertex 1.9507 2.95581 18
      vertex 0.435974 2.18404 18
      vertex 0.763947 1.64885 18
    endloop
  endfacet
  facet normal 0 0 1
    outer loop
      vertex 1.81257 3.28925 18
      vertex 0.195786 2.76393 18
      vertex 0.435974 2.18404 18
    endloop
  endfacet
  facet normal 0 0 1
    outer loop
      vertex 1.72833 3.64019 18
      vertex 0.0492554 3.37425 18
      vertex 0.195786 2.76393 18
    endloop
  endfacet
  facet normal 0.972343 -0.233559 -2.96283e-19
    outer loop
      vertex 75.8042 2.76393 18
      vertex 75.9508 3.37425 0
      vertex 75.9508 3.37425 18
    endloop
  endfacet
  facet normal 0.972343 -0.233559 -2.96283e-19
    outer loop
      vertex 75.9508 3.37425 0
      vertex 75.8042 2.76393 18
      vertex 75.8042 2.76393 0
    endloop
  endfacet
  facet normal 1 -0 0
    outer loop
      vertex 76 4 18
      vertex 76 57 0
      vertex 76 57 18
    endloop
  endfacet
  facet normal 1 0 0
    outer loop
      vertex 76 57 0
      vertex 76 4 18
      vertex 76 4 0
    endloop
  endfacet
  facet normal -0.996916 0.0784777 -4.36358e-20
    outer loop
      vertex 0 57 0
      vertex 0.0492554 57.6257 18
      vertex 0.0492554 57.6257 0
    endloop
  endfacet
  facet normal -0.996916 0.0784777 -4.36358e-20
    outer loop
      vertex 0.0492554 57.6257 18
      vertex 0 57 0
      vertex 0 57 18
    endloop
  endfacet
  facet normal 0.996923 -0.0783837 -1.09007e-19
    outer loop
      vertex 75.9508 3.37425 18
      vertex 76 4 0
      vertex 76 4 18
    endloop
  endfacet
  facet normal 0.996923 -0.0783837 -1.09007e-19
    outer loop
      vertex 76 4 0
      vertex 75.9508 3.37425 18
      vertex 75.9508 3.37425 0
    endloop
  endfacet
  facet normal 0.522416 0.852691 -0
    outer loop
      vertex 74.3512 60.2361 0
      vertex 73.816 60.564 18
      vertex 74.3512 60.2361 18
    endloop
  endfacet
  facet normal 0.522416 0.852691 0
    outer loop
      vertex 73.816 60.564 18
      vertex 74.3512 60.2361 0
      vertex 73.816 60.564 0
    endloop
  endfacet
  facet normal 0 0 -1
    outer loop
      vertex 5 43 0
      vertex 9 46 0
      vertex 9 43 0
    endloop
  endfacet
  facet normal -0 0 -1
    outer loop
      vertex 9 46 0
      vertex 5 43 0
      vertex 5 46 0
    endloop
  endfacet
  facet normal 0 0 -1
    outer loop
      vertex 5 38 0
      vertex 9 41 0
      vertex 9 38 0
    endloop
  endfacet
  facet normal -0 0 -1
    outer loop
      vertex 9 41 0
      vertex 5 38 0
      vertex 5 41 0
    endloop
  endfacet
  facet normal 0 0 -1
    outer loop
      vertex 5 33 0
      vertex 9 36 0
      vertex 9 33 0
    endloop
  endfacet
  facet normal -0 0 -1
    outer loop
      vertex 9 36 0
      vertex 5 33 0
      vertex 5 36 0
    endloop
  endfacet
  facet normal 0 0 -1
    outer loop
      vertex 5 28 0
      vertex 9 31 0
      vertex 9 28 0
    endloop
  endfacet
  facet normal -0 0 -1
    outer loop
      vertex 9 31 0
      vertex 5 28 0
      vertex 5 31 0
    endloop
  endfacet
  facet normal 0 0 -1
    outer loop
      vertex 5 23 0
      vertex 9 26 0
      vertex 9 23 0
    endloop
  endfacet
  facet normal -0 0 -1
    outer loop
      vertex 9 26 0
      vertex 5 23 0
      vertex 5 26 0
    endloop
  endfacet
  facet normal 0 0 -1
    outer loop
      vertex 5 18 0
      vertex 9 21 0
      vertex 9 18 0
    endloop
  endfacet
  facet normal -0 0 -1
    outer loop
      vertex 9 21 0
      vertex 5 18 0
      vertex 5 21 0
    endloop
  endfacet
  facet normal 0 0 -1
    outer loop
      vertex 72 0 0
      vertex 76 4 0
      vertex 75.9508 3.37425 0
    endloop
  endfacet
  facet normal 0 0 -1
    outer loop
      vertex 76 4 0
      vertex 63.6 10.9 0
      vertex 76 57 0
    endloop
  endfacet
  facet normal 0 0 -1
    outer loop
      vertex 72 0 0
      vertex 75.9508 3.37425 0
      vertex 75.8042 2.76393 0
    endloop
  endfacet
  facet normal 0 0 -1
    outer loop
      vertex 63.6 50.1 0
      vertex 76 57 0
      vertex 63.6 10.9 0
    endloop
  endfacet
  facet normal 0 0 -1
    outer loop
      vertex 72 0 0
      vertex 75.8042 2.76393 0
      vertex 75.564 2.18404 0
    endloop
  endfacet
  facet normal 0 -0 -1
    outer loop
      vertex 72 61 0
      vertex 76 57 0
      vertex 63.6 50.1 0
    endloop
  endfacet
  facet normal 0 0 -1
    outer loop
      vertex 72 0 0
      vertex 75.564 2.18404 0
      vertex 75.2361 1.64885 0
    endloop
  endfacet
  facet normal 0 0 -1
    outer loop
      vertex 76 57 0
      vertex 72 61 0
      vertex 75.9508 57.6257 0
    endloop
  endfacet
  facet normal 0 0 -1
    outer loop
      vertex 72 0 0
      vertex 75.2361 1.64885 0
      vertex 74.8284 1.17157 0
    endloop
  endfacet
  facet normal 0 0 -1
    outer loop
      vertex 75.9508 57.6257 0
      vertex 72 61 0
      vertex 75.8042 58.2361 0
    endloop
  endfacet
  facet normal 0 0 -1
    outer loop
      vertex 72 0 0
      vertex 74.8284 1.17157 0
      vertex 74.3512 0.763931 0
    endloop
  endfacet
  facet normal 0 0 -1
    outer loop
      vertex 75.8042 58.2361 0
      vertex 72 61 0
      vertex 75.564 58.8159 0
    endloop
  endfacet
  facet normal 0 0 -1
    outer loop
      vertex 72 0 0
      vertex 74.3512 0.763931 0
      vertex 73.816 0.435959 0
    endloop
  endfacet
  facet normal 0 0 -1
    outer loop
      vertex 75.564 58.8159 0
      vertex 72 61 0
      vertex 75.2361 59.3511 0
    endloop
  endfacet
  facet normal 0 0 -1
    outer loop
      vertex 72 0 0
      vertex 73.816 0.435959 0
      vertex 73.2361 0.19577 0
    endloop
  endfacet
  facet normal 0 0 -1
    outer loop
      vertex 75.2361 59.3511 0
      vertex 72 61 0
      vertex 74.8284 59.8284 0
    endloop
  endfacet
  facet normal 0 0 -1
    outer loop
      vertex 72 0 0
      vertex 73.2361 0.19577 0
      vertex 72.6257 0.0492401 0
    endloop
  endfacet
  facet normal 0 0 -1
    outer loop
      vertex 74.8284 59.8284 0
      vertex 72 61 0
      vertex 74.3512 60.2361 0
    endloop
  endfacet
  facet normal -0 0 -1
    outer loop
      vertex 76 4 0
      vertex 72 0 0
      vertex 63.6 10.9 0
    endloop
  endfacet
  facet normal 0 0 -1
    outer loop
      vertex 74.3512 60.2361 0
      vertex 72 61 0
      vertex 73.816 60.564 0
    endloop
  endfacet
  facet normal 0 0 -1
    outer loop
      vertex 73.816 60.564 0
      vertex 72 61 0
      vertex 73.2361 60.8042 0
    endloop
  endfacet
  facet normal 0 0 -1
    outer loop
      vertex 72 0 0
      vertex 12.4 10.9 0
      vertex 63.6 10.9 0
    endloop
  endfacet
  facet normal 0 0 -1
    outer loop
      vertex 9 18 0
      vertex 12.4 10.9 0
      vertex 9 16 0
    endloop
  endfacet
  facet normal 0 0 -1
    outer loop
      vertex 12.4 10.9 0
      vertex 5 16 0
      vertex 9 16 0
    endloop
  endfacet
  facet normal 0 0 -1
    outer loop
      vertex 0 4 0
      vertex 5 18 0
      vertex 5 16 0
    endloop
  endfacet
  facet normal -0 0 -1
    outer loop
      vertex 5 18 0
      vertex 0 4 0
      vertex 5 21 0
    endloop
  endfacet
  facet normal -0 0 -1
    outer loop
      vertex 5 21 0
      vertex 0 4 0
      vertex 5 23 0
    endloop
  endfacet
  facet normal -0 0 -1
    outer loop
      vertex 5 23 0
      vertex 0 4 0
      vertex 5 26 0
    endloop
  endfacet
  facet normal -0 0 -1
    outer loop
      vertex 5 26 0
      vertex 0 4 0
      vertex 5 28 0
    endloop
  endfacet
  facet normal -0 0 -1
    outer loop
      vertex 5 28 0
      vertex 0 4 0
      vertex 5 31 0
    endloop
  endfacet
  facet normal 0 0 -1
    outer loop
      vertex 0 57 0
      vertex 5 31 0
      vertex 0 4 0
    endloop
  endfacet
  facet normal 0 0 -1
    outer loop
      vertex 5 31 0
      vertex 0 57 0
      vertex 5 33 0
    endloop
  endfacet
  facet normal 0 0 -1
    outer loop
      vertex 5 33 0
      vertex 0 57 0
      vertex 5 36 0
    endloop
  endfacet
  facet normal 0 0 -1
    outer loop
      vertex 5 36 0
      vertex 0 57 0
      vertex 5 38 0
    endloop
  endfacet
  facet normal 0 0 -1
    outer loop
      vertex 5 38 0
      vertex 0 57 0
      vertex 5 41 0
    endloop
  endfacet
  facet normal 0 0 -1
    outer loop
      vertex 5 43 0
      vertex 0 57 0
      vertex 5 46 0
    endloop
  endfacet
  facet normal -0 0 -1
    outer loop
      vertex 12.4 10.9 0
      vertex 0 4 0
      vertex 5 16 0
    endloop
  endfacet
  facet normal 0 0 -1
    outer loop
      vertex 0 4 0
      vertex 12.4 10.9 0
      vertex 4 0 0
    endloop
  endfacet
  facet normal 0 0 -1
    outer loop
      vertex 4 0 0
      vertex 12.4 10.9 0
      vertex 72 0 0
    endloop
  endfacet
  facet normal 0 0 -1
    outer loop
      vertex 73.2361 60.8042 0
      vertex 72 61 0
      vertex 72.6257 60.9507 0
    endloop
  endfacet
  facet normal 0 0 -1
    outer loop
      vertex 12.4 50.1 0
      vertex 72 61 0
      vertex 63.6 50.1 0
    endloop
  endfacet
  facet normal 0 0 -1
    outer loop
      vertex 9 21 0
      vertex 12.4 10.9 0
      vertex 9 18 0
    endloop
  endfacet
  facet normal 0 0 -1
    outer loop
      vertex 9 23 0
      vertex 12.4 10.9 0
      vertex 9 21 0
    endloop
  endfacet
  facet normal 0 0 -1
    outer loop
      vertex 9 26 0
      vertex 12.4 10.9 0
      vertex 9 23 0
    endloop
  endfacet
  facet normal 0 0 -1
    outer loop
      vertex 9 28 0
      vertex 12.4 10.9 0
      vertex 9 26 0
    endloop
  endfacet
  facet normal 0 0 -1
    outer loop
      vertex 9 31 0
      vertex 12.4 10.9 0
      vertex 9 28 0
    endloop
  endfacet
  facet normal 0 0 -1
    outer loop
      vertex 12.4 10.9 0
      vertex 9 31 0
      vertex 12.4 50.1 0
    endloop
  endfacet
  facet normal 0 0 -1
    outer loop
      vertex 9 33 0
      vertex 12.4 50.1 0
      vertex 9 31 0
    endloop
  endfacet
  facet normal 0 0 -1
    outer loop
      vertex 9 36 0
      vertex 12.4 50.1 0
      vertex 9 33 0
    endloop
  endfacet
  facet normal 0 0 -1
    outer loop
      vertex 9 38 0
      vertex 12.4 50.1 0
      vertex 9 36 0
    endloop
  endfacet
  facet normal 0 0 -1
    outer loop
      vertex 9 41 0
      vertex 12.4 50.1 0
      vertex 9 38 0
    endloop
  endfacet
  facet normal 0 0 -1
    outer loop
      vertex 9 43 0
      vertex 12.4 50.1 0
      vertex 9 41 0
    endloop
  endfacet
  facet normal 0 0 -1
    outer loop
      vertex 9 46 0
      vertex 12.4 50.1 0
      vertex 9 43 0
    endloop
  endfacet
  facet normal 0 0 -1
    outer loop
      vertex 9 48 0
      vertex 12.4 50.1 0
      vertex 9 46 0
    endloop
  endfacet
  facet normal 0 0 -1
    outer loop
      vertex 4 61 0
      vertex 9 48 0
      vertex 5 48 0
    endloop
  endfacet
  facet normal 0 0 -1
    outer loop
      vertex 12.4 50.1 0
      vertex 4 61 0
      vertex 72 61 0
    endloop
  endfacet
  facet normal 0 0 -1
    outer loop
      vertex 9 48 0
      vertex 4 61 0
      vertex 12.4 50.1 0
    endloop
  endfacet
  facet normal 0 0 -1
    outer loop
      vertex 5 41 0
      vertex 0 57 0
      vertex 5 43 0
    endloop
  endfacet
  facet normal 0 0 -1
    outer loop
      vertex 0 4 0
      vertex 4 0 0
      vertex 3.37427 0.0492401 0
    endloop
  endfacet
  facet normal 0 0 -1
    outer loop
      vertex 5 46 0
      vertex 0 57 0
      vertex 5 48 0
    endloop
  endfacet
  facet normal 0 0 -1
    outer loop
      vertex 0 4 0
      vertex 3.37427 0.0492401 0
      vertex 2.76395 0.19577 0
    endloop
  endfacet
  facet normal 0 0 -1
    outer loop
      vertex 5 48 0
      vertex 0 57 0
      vertex 4 61 0
    endloop
  endfacet
  facet normal 0 0 -1
    outer loop
      vertex 0 4 0
      vertex 2.76395 0.19577 0
      vertex 2.18405 0.435959 0
    endloop
  endfacet
  facet normal 0 0 -1
    outer loop
      vertex 4 61 0
      vertex 0 57 0
      vertex 3.37427 60.9507 0
    endloop
  endfacet
  facet normal 0 0 -1
    outer loop
      vertex 0 4 0
      vertex 2.18405 0.435959 0
      vertex 1.64886 0.763931 0
    endloop
  endfacet
  facet normal 0 0 -1
    outer loop
      vertex 3.37427 60.9507 0
      vertex 0 57 0
      vertex 2.76395 60.8042 0
    endloop
  endfacet
  facet normal 0 0 -1
    outer loop
      vertex 0 4 0
      vertex 1.64886 0.763931 0
      vertex 1.17159 1.17157 0
    endloop
  endfacet
  facet normal 0 0 -1
    outer loop
      vertex 2.76395 60.8042 0
      vertex 0 57 0
      vertex 2.18405 60.564 0
    endloop
  endfacet
  facet normal 0 0 -1
    outer loop
      vertex 0 4 0
      vertex 1.17159 1.17157 0
      vertex 0.763947 1.64885 0
    endloop
  endfacet
  facet normal 0 0 -1
    outer loop
      vertex 2.18405 60.564 0
      vertex 0 57 0
      vertex 1.64886 60.2361 0
    endloop
  endfacet
  facet normal 0 0 -1
    outer loop
      vertex 0 4 0
      vertex 0.763947 1.64885 0
      vertex 0.435974 2.18404 0
    endloop
  endfacet
  facet normal 0 0 -1
    outer loop
      vertex 1.64886 60.2361 0
      vertex 0 57 0
      vertex 1.17159 59.8284 0
    endloop
  endfacet
  facet normal 0 0 -1
    outer loop
      vertex 0 4 0
      vertex 0.435974 2.18404 0
      vertex 0.195786 2.76393 0
    endloop
  endfacet
  facet normal 0 0 -1
    outer loop
      vertex 1.17159 59.8284 0
      vertex 0 57 0
      vertex 0.763947 59.3511 0
    endloop
  endfacet
  facet normal 0 0 -1
    outer loop
      vertex 0 4 0
      vertex 0.195786 2.76393 0
      vertex 0.0492554 3.37425 0
    endloop
  endfacet
  facet normal 0 0 -1
    outer loop
      vertex 0.763947 59.3511 0
      vertex 0 57 0
      vertex 0.435974 58.8159 0
    endloop
  endfacet
  facet normal 0 0 -1
    outer loop
      vertex 0.435974 58.8159 0
      vertex 0 57 0
      vertex 0.195786 58.2361 0
    endloop
  endfacet
  facet normal 0 0 -1
    outer loop
      vertex 0.195786 58.2361 0
      vertex 0 57 0
      vertex 0.0492554 57.6257 0
    endloop
  endfacet
  facet normal -0.0785446 0.996911 0
    outer loop
      vertex 4 61 0
      vertex 3.37427 60.9507 18
      vertex 4 61 18
    endloop
  endfacet
  facet normal -0.0785446 0.996911 0
    outer loop
      vertex 3.37427 60.9507 18
      vertex 4 61 0
      vertex 3.37427 60.9507 0
    endloop
  endfacet
  facet normal 0 1 -0
    outer loop
      vertex 72 61 0
      vertex 4 61 18
      vertex 72 61 18
    endloop
  endfacet
  facet normal 0 1 0
    outer loop
      vertex 4 61 18
      vertex 72 61 0
      vertex 4 61 0
    endloop
  endfacet
  facet normal 0.996923 0.07839 2.99905e-22
    outer loop
      vertex 76 57 18
      vertex 75.9508 57.6257 0
      vertex 75.9508 57.6257 18
    endloop
  endfacet
  facet normal 0.996923 0.07839 2.99905e-22
    outer loop
      vertex 75.9508 57.6257 0
      vertex 76 57 18
      vertex 76 57 0
    endloop
  endfacet
  facet normal -0.996916 -0.0784715 1.28948e-19
    outer loop
      vertex 0.0492554 3.37425 0
      vertex 0 4 18
      vertex 0 4 0
    endloop
  endfacet
  facet normal -0.996916 -0.0784715 1.28948e-19
    outer loop
      vertex 0 4 18
      vertex 0.0492554 3.37425 0
      vertex 0.0492554 3.37425 18
    endloop
  endfacet
  facet normal -1 0 0
    outer loop
      vertex 0 4 0
      vertex 0 57 18
      vertex 0 57 0
    endloop
  endfacet
  facet normal -1 -0 0
    outer loop
      vertex 0 57 18
      vertex 0 4 0
      vertex 0 4 18
    endloop
  endfacet
  facet normal 0 -1 0
    outer loop
      vertex 4 0 0
      vertex 72 0 18
      vertex 4 0 18
    endloop
  endfacet
  facet normal 0 -1 -0
    outer loop
      vertex 72 0 18
      vertex 4 0 0
      vertex 72 0 0
    endloop
  endfacet
  facet normal -0.649515 0.760349 0
    outer loop
      vertex 1.64886 60.2361 0
      vertex 1.17159 59.8284 18
      vertex 1.64886 60.2361 18
    endloop
  endfacet
  facet normal -0.649515 0.760349 0
    outer loop
      vertex 1.17159 59.8284 18
      vertex 1.64886 60.2361 0
      vertex 1.17159 59.8284 0
    endloop
  endfacet
  facet normal 0.852691 0.522416 7.80916e-19
    outer loop
      vertex 75.564 58.8159 18
      vertex 75.2361 59.3511 0
      vertex 75.2361 59.3511 18
    endloop
  endfacet
  facet normal 0.852691 0.522416 7.80916e-19
    outer loop
      vertex 75.2361 59.3511 0
      vertex 75.564 58.8159 18
      vertex 75.564 58.8159 0
    endloop
  endfacet
  facet normal -0.923864 0.38272 1.15173e-19
    outer loop
      vertex 0.195786 58.2361 0
      vertex 0.435974 58.8159 18
      vertex 0.435974 58.8159 0
    endloop
  endfacet
  facet normal -0.923864 0.38272 1.15173e-19
    outer loop
      vertex 0.435974 58.8159 18
      vertex 0.195786 58.2361 0
      vertex 0.195786 58.2361 18
    endloop
  endfacet
  facet normal -0.972375 0.233425 -3.4483e-19
    outer loop
      vertex 0.0492554 57.6257 0
      vertex 0.195786 58.2361 18
      vertex 0.195786 58.2361 0
    endloop
  endfacet
  facet normal -0.972375 0.233425 -3.4483e-19
    outer loop
      vertex 0.195786 58.2361 18
      vertex 0.0492554 57.6257 0
      vertex 0.0492554 57.6257 18
    endloop
  endfacet
  facet normal -0.852639 0.522501 4.76198e-19
    outer loop
      vertex 0.435974 58.8159 0
      vertex 0.763947 59.3511 18
      vertex 0.763947 59.3511 0
    endloop
  endfacet
  facet normal -0.852639 0.522501 4.76198e-19
    outer loop
      vertex 0.763947 59.3511 18
      vertex 0.435974 58.8159 0
      vertex 0.435974 58.8159 18
    endloop
  endfacet
  facet normal -0.38268 0.923881 0
    outer loop
      vertex 2.76395 60.8042 0
      vertex 2.18405 60.564 18
      vertex 2.76395 60.8042 18
    endloop
  endfacet
  facet normal -0.38268 0.923881 0
    outer loop
      vertex 2.18405 60.564 18
      vertex 2.76395 60.8042 0
      vertex 2.18405 60.564 0
    endloop
  endfacet
  facet normal -0.233408 0.972379 0
    outer loop
      vertex 3.37427 60.9507 0
      vertex 2.76395 60.8042 18
      vertex 3.37427 60.9507 18
    endloop
  endfacet
  facet normal -0.233408 0.972379 0
    outer loop
      vertex 2.76395 60.8042 18
      vertex 3.37427 60.9507 0
      vertex 2.76395 60.8042 0
    endloop
  endfacet
  facet normal -0.522423 0.852686 0
    outer loop
      vertex 2.18405 60.564 0
      vertex 1.64886 60.2361 18
      vertex 2.18405 60.564 18
    endloop
  endfacet
  facet normal -0.522423 0.852686 0
    outer loop
      vertex 1.64886 60.2361 18
      vertex 2.18405 60.564 0
      vertex 1.64886 60.2361 0
    endloop
  endfacet
  facet normal 0.233379 0.972386 -0
    outer loop
      vertex 73.2361 60.8042 0
      vertex 72.6257 60.9507 18
      vertex 73.2361 60.8042 18
    endloop
  endfacet
  facet normal 0.233379 0.972386 0
    outer loop
      vertex 72.6257 60.9507 18
      vertex 73.2361 60.8042 0
      vertex 72.6257 60.9507 0
    endloop
  endfacet
  facet normal 0.0785483 0.99691 -0
    outer loop
      vertex 72.6257 60.9507 0
      vertex 72 61 18
      vertex 72.6257 60.9507 18
    endloop
  endfacet
  facet normal 0.0785483 0.99691 0
    outer loop
      vertex 72 61 18
      vertex 72.6257 60.9507 0
      vertex 72 61 0
    endloop
  endfacet
  facet normal 0.38268 0.923881 -0
    outer loop
      vertex 73.816 60.564 0
      vertex 73.2361 60.8042 18
      vertex 73.816 60.564 18
    endloop
  endfacet
  facet normal 0.38268 0.923881 0
    outer loop
      vertex 73.2361 60.8042 18
      vertex 73.816 60.564 0
      vertex 73.2361 60.8042 0
    endloop
  endfacet
  facet normal 0.760369 0.649492 -2.3869e-19
    outer loop
      vertex 75.2361 59.3511 18
      vertex 74.8284 59.8284 0
      vertex 74.8284 59.8284 18
    endloop
  endfacet
  facet normal 0.760369 0.649492 -2.3869e-19
    outer loop
      vertex 74.8284 59.8284 0
      vertex 75.2361 59.3511 18
      vertex 75.2361 59.3511 0
    endloop
  endfacet
  facet normal 0.64957 0.760302 -0
    outer loop
      vertex 74.8284 59.8284 0
      vertex 74.3512 60.2361 18
      vertex 74.8284 59.8284 18
    endloop
  endfacet
  facet normal 0.64957 0.760302 0
    outer loop
      vertex 74.3512 60.2361 18
      vertex 74.8284 59.8284 0
      vertex 74.3512 60.2361 0
    endloop
  endfacet
  facet normal 0.97235 0.23353 -1.60717e-19
    outer loop
      vertex 75.9508 57.6257 18
      vertex 75.8042 58.2361 0
      vertex 75.8042 58.2361 18
    endloop
  endfacet
  facet normal 0.97235 0.23353 -1.60717e-19
    outer loop
      vertex 75.8042 58.2361 0
      vertex 75.9508 57.6257 18
      vertex 75.9508 57.6257 0
    endloop
  endfacet
  facet normal 0.923858 0.382736 5.79458e-19
    outer loop
      vertex 75.8042 58.2361 18
      vertex 75.564 58.8159 0
      vertex 75.564 58.8159 18
    endloop
  endfacet
  facet normal 0.923858 0.382736 5.79458e-19
    outer loop
      vertex 75.564 58.8159 0
      vertex 75.8042 58.2361 18
      vertex 75.8042 58.2361 0
    endloop
  endfacet
  facet normal -0.649459 -0.760397 0
    outer loop
      vertex 1.17159 1.17157 0
      vertex 1.64886 0.763931 18
      vertex 1.17159 1.17157 18
    endloop
  endfacet
  facet normal -0.649459 -0.760397 -0
    outer loop
      vertex 1.64886 0.763931 18
      vertex 1.17159 1.17157 0
      vertex 1.64886 0.763931 0
    endloop
  endfacet
  facet normal -0.852634 -0.522508 7.18504e-19
    outer loop
      vertex 0.763947 1.64885 0
      vertex 0.435974 2.18404 18
      vertex 0.435974 2.18404 0
    endloop
  endfacet
  facet normal -0.852634 -0.522508 7.18504e-19
    outer loop
      vertex 0.435974 2.18404 18
      vertex 0.763947 1.64885 0
      vertex 0.763947 1.64885 18
    endloop
  endfacet
  facet normal -0.923885 -0.382669 -1.87131e-19
    outer loop
      vertex 0.435974 2.18404 0
      vertex 0.195786 2.76393 18
      vertex 0.195786 2.76393 0
    endloop
  endfacet
  facet normal -0.923885 -0.382669 -1.87131e-19
    outer loop
      vertex 0.195786 2.76393 18
      vertex 0.435974 2.18404 0
      vertex 0.435974 2.18404 18
    endloop
  endfacet
  facet normal -0.0784497 -0.996918 0
    outer loop
      vertex 3.37427 0.0492401 0
      vertex 4 0 18
      vertex 3.37427 0.0492401 18
    endloop
  endfacet
  facet normal -0.0784497 -0.996918 -0
    outer loop
      vertex 4 0 18
      vertex 3.37427 0.0492401 0
      vertex 4 0 0
    endloop
  endfacet
  facet normal -0.382665 -0.923887 0
    outer loop
      vertex 2.18405 0.435959 0
      vertex 2.76395 0.19577 18
      vertex 2.18405 0.435959 18
    endloop
  endfacet
  facet normal -0.382665 -0.923887 -0
    outer loop
      vertex 2.76395 0.19577 18
      vertex 2.18405 0.435959 0
      vertex 2.76395 0.19577 0
    endloop
  endfacet
  facet normal 0.5225 -0.852639 0
    outer loop
      vertex 73.816 0.435959 0
      vertex 74.3512 0.763931 18
      vertex 73.816 0.435959 18
    endloop
  endfacet
  facet normal 0.5225 -0.852639 0
    outer loop
      vertex 74.3512 0.763931 18
      vertex 73.816 0.435959 0
      vertex 74.3512 0.763931 0
    endloop
  endfacet
  facet normal 0.233424 -0.972375 0
    outer loop
      vertex 72.6257 0.0492401 0
      vertex 73.2361 0.19577 18
      vertex 72.6257 0.0492401 18
    endloop
  endfacet
  facet normal 0.233424 -0.972375 0
    outer loop
      vertex 73.2361 0.19577 18
      vertex 72.6257 0.0492401 0
      vertex 73.2361 0.19577 0
    endloop
  endfacet
  facet normal 0.760355 -0.649507 3.05866e-19
    outer loop
      vertex 74.8284 1.17157 18
      vertex 75.2361 1.64885 0
      vertex 75.2361 1.64885 18
    endloop
  endfacet
  facet normal 0.760355 -0.649507 3.05866e-19
    outer loop
      vertex 75.2361 1.64885 0
      vertex 74.8284 1.17157 18
      vertex 74.8284 1.17157 0
    endloop
  endfacet
  facet normal 0.923879 -0.382686 1.79932e-20
    outer loop
      vertex 75.564 2.18404 18
      vertex 75.8042 2.76393 0
      vertex 75.8042 2.76393 18
    endloop
  endfacet
  facet normal 0.923879 -0.382686 1.79932e-20
    outer loop
      vertex 75.8042 2.76393 0
      vertex 75.564 2.18404 18
      vertex 75.564 2.18404 0
    endloop
  endfacet
  facet normal -0.760414 0.649439 6.68131e-19
    outer loop
      vertex 0.763947 59.3511 0
      vertex 1.17159 59.8284 18
      vertex 1.17159 59.8284 0
    endloop
  endfacet
  facet normal -0.760414 0.649439 6.68131e-19
    outer loop
      vertex 1.17159 59.8284 18
      vertex 0.763947 59.3511 0
      vertex 0.763947 59.3511 18
    endloop
  endfacet
  facet normal -0.7604 -0.649455 7.26925e-19
    outer loop
      vertex 1.17159 1.17157 0
      vertex 0.763947 1.64885 18
      vertex 0.763947 1.64885 0
    endloop
  endfacet
  facet normal -0.7604 -0.649455 7.26925e-19
    outer loop
      vertex 0.763947 1.64885 18
      vertex 1.17159 1.17157 0
      vertex 1.17159 1.17157 18
    endloop
  endfacet
  facet normal -0.972368 -0.233454 9.62044e-19
    outer loop
      vertex 0.195786 2.76393 0
      vertex 0.0492554 3.37425 18
      vertex 0.0492554 3.37425 0
    endloop
  endfacet
  facet normal -0.972368 -0.233454 9.62044e-19
    outer loop
      vertex 0.0492554 3.37425 18
      vertex 0.195786 2.76393 0
      vertex 0.195786 2.76393 18
    endloop
  endfacet
  facet normal -0.233453 -0.972368 0
    outer loop
      vertex 2.76395 0.19577 0
      vertex 3.37427 0.0492401 18
      vertex 2.76395 0.19577 18
    endloop
  endfacet
  facet normal -0.233453 -0.972368 -0
    outer loop
      vertex 3.37427 0.0492401 18
      vertex 2.76395 0.19577 0
      vertex 3.37427 0.0492401 0
    endloop
  endfacet
  facet normal -0.522507 -0.852635 0
    outer loop
      vertex 1.64886 0.763931 0
      vertex 2.18405 0.435959 18
      vertex 1.64886 0.763931 18
    endloop
  endfacet
  facet normal -0.522507 -0.852635 -0
    outer loop
      vertex 2.18405 0.435959 18
      vertex 1.64886 0.763931 0
      vertex 2.18405 0.435959 0
    endloop
  endfacet
  facet normal 0.382665 -0.923887 0
    outer loop
      vertex 73.2361 0.19577 0
      vertex 73.816 0.435959 18
      vertex 73.2361 0.19577 18
    endloop
  endfacet
  facet normal 0.382665 -0.923887 0
    outer loop
      vertex 73.816 0.435959 18
      vertex 73.2361 0.19577 0
      vertex 73.816 0.435959 0
    endloop
  endfacet
  facet normal 0.0784535 -0.996918 0
    outer loop
      vertex 72 0 0
      vertex 72.6257 0.0492401 18
      vertex 72 0 18
    endloop
  endfacet
  facet normal 0.0784535 -0.996918 0
    outer loop
      vertex 72.6257 0.0492401 18
      vertex 72 0 0
      vertex 72.6257 0.0492401 0
    endloop
  endfacet
  facet normal 0.649514 -0.76035 0
    outer loop
      vertex 74.3512 0.763931 0
      vertex 74.8284 1.17157 18
      vertex 74.3512 0.763931 18
    endloop
  endfacet
  facet normal 0.649514 -0.76035 0
    outer loop
      vertex 74.8284 1.17157 18
      vertex 74.3512 0.763931 0
      vertex 74.8284 1.17157 0
    endloop
  endfacet
  facet normal 0.852686 -0.522423 8.93687e-19
    outer loop
      vertex 75.2361 1.64885 18
      vertex 75.564 2.18404 0
      vertex 75.564 2.18404 18
    endloop
  endfacet
  facet normal 0.852686 -0.522423 8.93687e-19
    outer loop
      vertex 75.564 2.18404 0
      vertex 75.2361 1.64885 18
      vertex 75.2361 1.64885 0
    endloop
  endfacet
  facet normal -0.972343 0.233559 3.13076e-19
    outer loop
      vertex 73.9021 3.38196 2
      vertex 73.9754 3.68712 13
      vertex 73.9754 3.68712 2
    endloop
  endfacet
  facet normal -0.972343 0.233559 3.13076e-19
    outer loop
      vertex 73.9754 3.68712 13
      vertex 73.9021 3.38196 2
      vertex 73.9021 3.38196 13
    endloop
  endfacet
  facet normal -1 0 0
    outer loop
      vertex 74 4 2
      vertex 74 57 13
      vertex 74 57 2
    endloop
  endfacet
  facet normal -1 -0 0
    outer loop
      vertex 74 57 13
      vertex 74 4 2
      vertex 74 4 13
    endloop
  endfacet
  facet normal 0.996916 -0.0784725 -6.39099e-20
    outer loop
      vertex 2 57 13
      vertex 2.02463 57.3129 2
      vertex 2.02463 57.3129 13
    endloop
  endfacet
  facet normal 0.996916 -0.0784725 -6.39099e-20
    outer loop
      vertex 2.02463 57.3129 2
      vertex 2 57 13
      vertex 2 57 2
    endloop
  endfacet
  facet normal -0.996923 0.0783825 6.5632e-20
    outer loop
      vertex 73.9754 3.68712 2
      vertex 74 4 13
      vertex 74 4 2
    endloop
  endfacet
  facet normal -0.996923 0.0783825 6.5632e-20
    outer loop
      vertex 74 4 13
      vertex 73.9754 3.68712 2
      vertex 73.9754 3.68712 13
    endloop
  endfacet
  facet normal 0.522509 0.852634 -0
    outer loop
      vertex 3.09203 2.21797 2
      vertex 2.82443 2.38196 13
      vertex 3.09203 2.21797 13
    endloop
  endfacet
  facet normal 0.522509 0.852634 0
    outer loop
      vertex 2.82443 2.38196 13
      vertex 3.09203 2.21797 2
      vertex 2.82443 2.38196 2
    endloop
  endfacet
  facet normal -0.522532 -0.85262 0
    outer loop
      vertex 72.908 58.782 2
      vertex 73.1756 58.618 13
      vertex 72.908 58.782 13
    endloop
  endfacet
  facet normal -0.522532 -0.85262 -0
    outer loop
      vertex 73.1756 58.618 13
      vertex 72.908 58.782 2
      vertex 73.1756 58.618 2
    endloop
  endfacet
  facet normal -0 0 1
    outer loop
      vertex 5 21 2
      vertex 9 18 2
      vertex 9 21 2
    endloop
  endfacet
  facet normal 0 0 1
    outer loop
      vertex 9 18 2
      vertex 5 21 2
      vertex 5 18 2
    endloop
  endfacet
  facet normal -0 0 1
    outer loop
      vertex 5 26 2
      vertex 9 23 2
      vertex 9 26 2
    endloop
  endfacet
  facet normal 0 0 1
    outer loop
      vertex 9 23 2
      vertex 5 26 2
      vertex 5 23 2
    endloop
  endfacet
  facet normal -0 0 1
    outer loop
      vertex 5 31 2
      vertex 9 28 2
      vertex 9 31 2
    endloop
  endfacet
  facet normal 0 0 1
    outer loop
      vertex 9 28 2
      vertex 5 31 2
      vertex 5 28 2
    endloop
  endfacet
  facet normal -0 0 1
    outer loop
      vertex 5 36 2
      vertex 9 33 2
      vertex 9 36 2
    endloop
  endfacet
  facet normal 0 0 1
    outer loop
      vertex 9 33 2
      vertex 5 36 2
      vertex 5 33 2
    endloop
  endfacet
  facet normal -0 0 1
    outer loop
      vertex 5 41 2
      vertex 9 38 2
      vertex 9 41 2
    endloop
  endfacet
  facet normal 0 0 1
    outer loop
      vertex 9 38 2
      vertex 5 41 2
      vertex 5 38 2
    endloop
  endfacet
  facet normal -0 0 1
    outer loop
      vertex 5 46 2
      vertex 9 43 2
      vertex 9 46 2
    endloop
  endfacet
  facet normal 0 0 1
    outer loop
      vertex 9 43 2
      vertex 5 46 2
      vertex 5 43 2
    endloop
  endfacet
  facet normal 0 0 1
    outer loop
      vertex 72 59 2
      vertex 74 57 2
      vertex 73.9754 57.3129 2
    endloop
  endfacet
  facet normal 0 0 1
    outer loop
      vertex 74 57 2
      vertex 66 49.5 2
      vertex 74 4 2
    endloop
  endfacet
  facet normal 0 0 1
    outer loop
      vertex 72 59 2
      vertex 73.9754 57.3129 2
      vertex 73.9021 57.618 2
    endloop
  endfacet
  facet normal -0 0 1
    outer loop
      vertex 66 11.5 2
      vertex 74 4 2
      vertex 66 49.5 2
    endloop
  endfacet
  facet normal 0 0 1
    outer loop
      vertex 72 59 2
      vertex 73.9021 57.618 2
      vertex 73.782 57.908 2
    endloop
  endfacet
  facet normal 0 -0 1
    outer loop
      vertex 72 2 2
      vertex 74 4 2
      vertex 66 11.5 2
    endloop
  endfacet
  facet normal 0 0 1
    outer loop
      vertex 72 59 2
      vertex 73.782 57.908 2
      vertex 73.618 58.1756 2
    endloop
  endfacet
  facet normal 0 0 1
    outer loop
      vertex 74 4 2
      vertex 72 2 2
      vertex 73.9754 3.68712 2
    endloop
  endfacet
  facet normal 0 0 1
    outer loop
      vertex 72 59 2
      vertex 73.618 58.1756 2
      vertex 73.4142 58.4142 2
    endloop
  endfacet
  facet normal 0 0 1
    outer loop
      vertex 73.9754 3.68712 2
      vertex 72 2 2
      vertex 73.9021 3.38196 2
    endloop
  endfacet
  facet normal 0 0 1
    outer loop
      vertex 72 59 2
      vertex 73.4142 58.4142 2
      vertex 73.1756 58.618 2
    endloop
  endfacet
  facet normal 0 0 1
    outer loop
      vertex 73.9021 3.38196 2
      vertex 72 2 2
      vertex 73.782 3.09201 2
    endloop
  endfacet
  facet normal 0 0 1
    outer loop
      vertex 72 59 2
      vertex 73.1756 58.618 2
      vertex 72.908 58.782 2
    endloop
  endfacet
  facet normal 0 0 1
    outer loop
      vertex 73.782 3.09201 2
      vertex 72 2 2
      vertex 73.618 2.82442 2
    endloop
  endfacet
  facet normal 0 0 1
    outer loop
      vertex 72 59 2
      vertex 72.908 58.782 2
      vertex 72.618 58.9021 2
    endloop
  endfacet
  facet normal 0 0 1
    outer loop
      vertex 73.618 2.82442 2
      vertex 72 2 2
      vertex 73.4142 2.58578 2
    endloop
  endfacet
  facet normal 0 0 1
    outer loop
      vertex 72 59 2
      vertex 72.618 58.9021 2
      vertex 72.3129 58.9754 2
    endloop
  endfacet
  facet normal 0 0 1
    outer loop
      vertex 73.4142 2.58578 2
      vertex 72 2 2
      vertex 73.1756 2.38196 2
    endloop
  endfacet
  facet normal 0 0 1
    outer loop
      vertex 74 57 2
      vertex 72 59 2
      vertex 66 49.5 2
    endloop
  endfacet
  facet normal 0 0 1
    outer loop
      vertex 73.1756 2.38196 2
      vertex 72 2 2
      vertex 72.908 2.21797 2
    endloop
  endfacet
  facet normal 0 0 1
    outer loop
      vertex 72.908 2.21797 2
      vertex 72 2 2
      vertex 72.618 2.09789 2
    endloop
  endfacet
  facet normal -0 0 1
    outer loop
      vertex 63.6 50.1 2
      vertex 66 49.5 2
      vertex 72 59 2
    endloop
  endfacet
  facet normal 0 0 1
    outer loop
      vertex 64 49.5 2
      vertex 63.6 50.1 2
      vertex 64 11.5 2
    endloop
  endfacet
  facet normal 0 0 1
    outer loop
      vertex 66 49.5 2
      vertex 63.6 50.1 2
      vertex 64 49.5 2
    endloop
  endfacet
  facet normal 0 0 1
    outer loop
      vertex 72 59 2
      vertex 12.4 50.1 2
      vertex 63.6 50.1 2
    endloop
  endfacet
  facet normal 0 0 1
    outer loop
      vertex 12.4 50.1 2
      vertex 12 49.5 2
      vertex 12.4 10.9 2
    endloop
  endfacet
  facet normal 0 0 1
    outer loop
      vertex 12.4 50.1 2
      vertex 10 49.5 2
      vertex 12 49.5 2
    endloop
  endfacet
  facet normal 0 0 1
    outer loop
      vertex 9 46 2
      vertex 10 49.5 2
      vertex 9 48 2
    endloop
  endfacet
  facet normal 0 0 1
    outer loop
      vertex 10 49.5 2
      vertex 5 48 2
      vertex 9 48 2
    endloop
  endfacet
  facet normal 0 0 1
    outer loop
      vertex 2 57 2
      vertex 5 46 2
      vertex 5 48 2
    endloop
  endfacet
  facet normal 0 0 1
    outer loop
      vertex 5 46 2
      vertex 2 57 2
      vertex 5 43 2
    endloop
  endfacet
  facet normal 0 0 1
    outer loop
      vertex 5 43 2
      vertex 2 57 2
      vertex 5 41 2
    endloop
  endfacet
  facet normal 0 0 1
    outer loop
      vertex 5 41 2
      vertex 2 57 2
      vertex 5 38 2
    endloop
  endfacet
  facet normal 0 0 1
    outer loop
      vertex 5 38 2
      vertex 2 57 2
      vertex 5 36 2
    endloop
  endfacet
  facet normal 0 0 1
    outer loop
      vertex 5 36 2
      vertex 2 57 2
      vertex 5 33 2
    endloop
  endfacet
  facet normal 0 0 1
    outer loop
      vertex 5 33 2
      vertex 2 57 2
      vertex 5 31 2
    endloop
  endfacet
  facet normal 0 0 1
    outer loop
      vertex 5 31 2
      vertex 2 57 2
      vertex 5 28 2
    endloop
  endfacet
  facet normal 0 0 1
    outer loop
      vertex 2 4 2
      vertex 5 28 2
      vertex 2 57 2
    endloop
  endfacet
  facet normal 0 0 1
    outer loop
      vertex 5 28 2
      vertex 2 4 2
      vertex 5 26 2
    endloop
  endfacet
  facet normal 0 0 1
    outer loop
      vertex 5 26 2
      vertex 2 4 2
      vertex 5 23 2
    endloop
  endfacet
  facet normal 0 0 1
    outer loop
      vertex 5 23 2
      vertex 2 4 2
      vertex 5 21 2
    endloop
  endfacet
  facet normal 0 0 1
    outer loop
      vertex 10 49.5 2
      vertex 2 57 2
      vertex 5 48 2
    endloop
  endfacet
  facet normal -0 0 1
    outer loop
      vertex 2 57 2
      vertex 10 49.5 2
      vertex 4 59 2
    endloop
  endfacet
  facet normal 0 0 1
    outer loop
      vertex 12.4 50.1 2
      vertex 4 59 2
      vertex 10 49.5 2
    endloop
  endfacet
  facet normal -0 0 1
    outer loop
      vertex 4 59 2
      vertex 12.4 50.1 2
      vertex 72 59 2
    endloop
  endfacet
  facet normal 0 0 1
    outer loop
      vertex 72.618 2.09789 2
      vertex 72 2 2
      vertex 72.3129 2.02461 2
    endloop
  endfacet
  facet normal 0 0 1
    outer loop
      vertex 63.6 10.9 2
      vertex 66 11.5 2
      vertex 64 11.5 2
    endloop
  endfacet
  facet normal 0 0 1
    outer loop
      vertex 63.6 10.9 2
      vertex 64 11.5 2
      vertex 63.6 50.1 2
    endloop
  endfacet
  facet normal 0 0 1
    outer loop
      vertex 66 11.5 2
      vertex 63.6 10.9 2
      vertex 72 2 2
    endloop
  endfacet
  facet normal -0 0 1
    outer loop
      vertex 12.4 10.9 2
      vertex 72 2 2
      vertex 63.6 10.9 2
    endloop
  endfacet
  facet normal -0 0 1
    outer loop
      vertex 12 11.5 2
      vertex 12.4 10.9 2
      vertex 12 49.5 2
    endloop
  endfacet
  facet normal -0 0 1
    outer loop
      vertex 10 11.5 2
      vertex 12.4 10.9 2
      vertex 12 11.5 2
    endloop
  endfacet
  facet normal 0 0 1
    outer loop
      vertex 9 43 2
      vertex 10 49.5 2
      vertex 9 46 2
    endloop
  endfacet
  facet normal 0 0 1
    outer loop
      vertex 9 41 2
      vertex 10 49.5 2
      vertex 9 43 2
    endloop
  endfacet
  facet normal 0 0 1
    outer loop
      vertex 9 38 2
      vertex 10 49.5 2
      vertex 9 41 2
    endloop
  endfacet
  facet normal 0 0 1
    outer loop
      vertex 9 36 2
      vertex 10 49.5 2
      vertex 9 38 2
    endloop
  endfacet
  facet normal 0 0 1
    outer loop
      vertex 9 33 2
      vertex 10 49.5 2
      vertex 9 36 2
    endloop
  endfacet
  facet normal 0 0 1
    outer loop
      vertex 10 49.5 2
      vertex 9 33 2
      vertex 10 11.5 2
    endloop
  endfacet
  facet normal -0 0 1
    outer loop
      vertex 9 31 2
      vertex 10 11.5 2
      vertex 9 33 2
    endloop
  endfacet
  facet normal -0 0 1
    outer loop
      vertex 9 28 2
      vertex 10 11.5 2
      vertex 9 31 2
    endloop
  endfacet
  facet normal -0 0 1
    outer loop
      vertex 9 26 2
      vertex 10 11.5 2
      vertex 9 28 2
    endloop
  endfacet
  facet normal -0 0 1
    outer loop
      vertex 9 23 2
      vertex 10 11.5 2
      vertex 9 26 2
    endloop
  endfacet
  facet normal -0 0 1
    outer loop
      vertex 9 21 2
      vertex 10 11.5 2
      vertex 9 23 2
    endloop
  endfacet
  facet normal -0 0 1
    outer loop
      vertex 9 18 2
      vertex 10 11.5 2
      vertex 9 21 2
    endloop
  endfacet
  facet normal -0 0 1
    outer loop
      vertex 9 16 2
      vertex 10 11.5 2
      vertex 9 18 2
    endloop
  endfacet
  facet normal -0 0 1
    outer loop
      vertex 5 16 2
      vertex 10 11.5 2
      vertex 9 16 2
    endloop
  endfacet
  facet normal 0 0 1
    outer loop
      vertex 12.4 10.9 2
      vertex 4 2 2
      vertex 72 2 2
    endloop
  endfacet
  facet normal 0 0 1
    outer loop
      vertex 10 11.5 2
      vertex 4 2 2
      vertex 12.4 10.9 2
    endloop
  endfacet
  facet normal 0 0 1
    outer loop
      vertex 2 4 2
      vertex 10 11.5 2
      vertex 5 16 2
    endloop
  endfacet
  facet normal 0 0 1
    outer loop
      vertex 5 21 2
      vertex 2 4 2
      vertex 5 18 2
    endloop
  endfacet
  facet normal 0 0 1
    outer loop
      vertex 2 57 2
      vertex 4 59 2
      vertex 3.68713 58.9754 2
    endloop
  endfacet
  facet normal 0 0 1
    outer loop
      vertex 5 18 2
      vertex 2 4 2
      vertex 5 16 2
    endloop
  endfacet
  facet normal 0 0 1
    outer loop
      vertex 2 57 2
      vertex 3.68713 58.9754 2
      vertex 3.38197 58.9021 2
    endloop
  endfacet
  facet normal 0 0 1
    outer loop
      vertex 10 11.5 2
      vertex 2 4 2
      vertex 4 2 2
    endloop
  endfacet
  facet normal 0 0 1
    outer loop
      vertex 2 57 2
      vertex 3.38197 58.9021 2
      vertex 3.09203 58.782 2
    endloop
  endfacet
  facet normal 0 0 1
    outer loop
      vertex 4 2 2
      vertex 2 4 2
      vertex 3.68713 2.02461 2
    endloop
  endfacet
  facet normal 0 0 1
    outer loop
      vertex 2 57 2
      vertex 3.09203 58.782 2
      vertex 2.82443 58.618 2
    endloop
  endfacet
  facet normal 0 0 1
    outer loop
      vertex 3.68713 2.02461 2
      vertex 2 4 2
      vertex 3.38197 2.09789 2
    endloop
  endfacet
  facet normal 0 0 1
    outer loop
      vertex 2 57 2
      vertex 2.82443 58.618 2
      vertex 2.5858 58.4142 2
    endloop
  endfacet
  facet normal 0 0 1
    outer loop
      vertex 3.38197 2.09789 2
      vertex 2 4 2
      vertex 3.09203 2.21797 2
    endloop
  endfacet
  facet normal 0 0 1
    outer loop
      vertex 2 57 2
      vertex 2.5858 58.4142 2
      vertex 2.38197 58.1756 2
    endloop
  endfacet
  facet normal 0 0 1
    outer loop
      vertex 3.09203 2.21797 2
      vertex 2 4 2
      vertex 2.82443 2.38196 2
    endloop
  endfacet
  facet normal 0 0 1
    outer loop
      vertex 2 57 2
      vertex 2.38197 58.1756 2
      vertex 2.21799 57.908 2
    endloop
  endfacet
  facet normal 0 0 1
    outer loop
      vertex 2.82443 2.38196 2
      vertex 2 4 2
      vertex 2.5858 2.58578 2
    endloop
  endfacet
  facet normal 0 0 1
    outer loop
      vertex 2 57 2
      vertex 2.21799 57.908 2
      vertex 2.0979 57.618 2
    endloop
  endfacet
  facet normal 0 0 1
    outer loop
      vertex 2.5858 2.58578 2
      vertex 2 4 2
      vertex 2.38197 2.82442 2
    endloop
  endfacet
  facet normal 0 0 1
    outer loop
      vertex 2 57 2
      vertex 2.0979 57.618 2
      vertex 2.02463 57.3129 2
    endloop
  endfacet
  facet normal 0 0 1
    outer loop
      vertex 2.38197 2.82442 2
      vertex 2 4 2
      vertex 2.21799 3.09201 2
    endloop
  endfacet
  facet normal 0 0 1
    outer loop
      vertex 2.21799 3.09201 2
      vertex 2 4 2
      vertex 2.0979 3.38196 2
    endloop
  endfacet
  facet normal 0 0 1
    outer loop
      vertex 2.0979 3.38196 2
      vertex 2 4 2
      vertex 2.02463 3.68712 2
    endloop
  endfacet
  facet normal -0.0784092 0.996921 0
    outer loop
      vertex 72.3129 2.02461 2
      vertex 72 2 13
      vertex 72.3129 2.02461 13
    endloop
  endfacet
  facet normal -0.0784092 0.996921 0
    outer loop
      vertex 72 2 13
      vertex 72.3129 2.02461 2
      vertex 72 2 2
    endloop
  endfacet
  facet normal 0.078385 -0.996923 0
    outer loop
      vertex 3.68713 58.9754 2
      vertex 4 59 13
      vertex 3.68713 58.9754 13
    endloop
  endfacet
  facet normal 0.078385 -0.996923 0
    outer loop
      vertex 4 59 13
      vertex 3.68713 58.9754 2
      vertex 4 59 2
    endloop
  endfacet
  facet normal 0 -1 0
    outer loop
      vertex 4 59 2
      vertex 72 59 13
      vertex 4 59 13
    endloop
  endfacet
  facet normal 0 -1 -0
    outer loop
      vertex 72 59 13
      vertex 4 59 2
      vertex 72 59 2
    endloop
  endfacet
  facet normal -0.996924 -0.0783775 -3.55739e-21
    outer loop
      vertex 74 57 2
      vertex 73.9754 57.3129 13
      vertex 73.9754 57.3129 2
    endloop
  endfacet
  facet normal -0.996924 -0.0783775 -3.55739e-21
    outer loop
      vertex 73.9754 57.3129 13
      vertex 74 57 2
      vertex 74 57 13
    endloop
  endfacet
  facet normal 1 -0 0
    outer loop
      vertex 2 4 13
      vertex 2 57 2
      vertex 2 57 13
    endloop
  endfacet
  facet normal 1 0 0
    outer loop
      vertex 2 57 2
      vertex 2 4 13
      vertex 2 4 2
    endloop
  endfacet
  facet normal 0 1 -0
    outer loop
      vertex 72 2 2
      vertex 4 2 13
      vertex 72 2 13
    endloop
  endfacet
  facet normal 0 1 0
    outer loop
      vertex 4 2 13
      vertex 72 2 2
      vertex 4 2 2
    endloop
  endfacet
  facet normal -0.649515 0.760349 0
    outer loop
      vertex 73.4142 2.58578 2
      vertex 73.1756 2.38196 13
      vertex 73.4142 2.58578 13
    endloop
  endfacet
  facet normal -0.649515 0.760349 0
    outer loop
      vertex 73.1756 2.38196 13
      vertex 73.4142 2.58578 2
      vertex 73.1756 2.38196 2
    endloop
  endfacet
  facet normal 0.649431 -0.760421 0
    outer loop
      vertex 2.5858 58.4142 2
      vertex 2.82443 58.618 13
      vertex 2.5858 58.4142 13
    endloop
  endfacet
  facet normal 0.649431 -0.760421 0
    outer loop
      vertex 2.82443 58.618 13
      vertex 2.5858 58.4142 2
      vertex 2.82443 58.618 2
    endloop
  endfacet
  facet normal -0.85262 -0.522532 5.87846e-19
    outer loop
      vertex 73.782 57.908 2
      vertex 73.618 58.1756 13
      vertex 73.618 58.1756 2
    endloop
  endfacet
  facet normal -0.85262 -0.522532 5.87846e-19
    outer loop
      vertex 73.618 58.1756 13
      vertex 73.782 57.908 2
      vertex 73.782 57.908 13
    endloop
  endfacet
  facet normal 0.923915 -0.382597 -8.10554e-19
    outer loop
      vertex 2.0979 57.618 13
      vertex 2.21799 57.908 2
      vertex 2.21799 57.908 13
    endloop
  endfacet
  facet normal 0.923915 -0.382597 -8.10554e-19
    outer loop
      vertex 2.21799 57.908 2
      vertex 2.0979 57.618 13
      vertex 2.0979 57.618 2
    endloop
  endfacet
  facet normal 0.972354 -0.233512 -4.16704e-19
    outer loop
      vertex 2.02463 57.3129 13
      vertex 2.0979 57.618 2
      vertex 2.0979 57.618 13
    endloop
  endfacet
  facet normal 0.972354 -0.233512 -4.16704e-19
    outer loop
      vertex 2.0979 57.618 2
      vertex 2.02463 57.3129 13
      vertex 2.02463 57.3129 2
    endloop
  endfacet
  facet normal 0.852648 -0.522486 2.51241e-19
    outer loop
      vertex 2.21799 57.908 13
      vertex 2.38197 58.1756 2
      vertex 2.38197 58.1756 13
    endloop
  endfacet
  facet normal 0.852648 -0.522486 2.51241e-19
    outer loop
      vertex 2.38197 58.1756 2
      vertex 2.21799 57.908 13
      vertex 2.21799 57.908 2
    endloop
  endfacet
  facet normal 0.382691 -0.923876 0
    outer loop
      vertex 3.09203 58.782 2
      vertex 3.38197 58.9021 13
      vertex 3.09203 58.782 13
    endloop
  endfacet
  facet normal 0.382691 -0.923876 0
    outer loop
      vertex 3.38197 58.9021 13
      vertex 3.09203 58.782 2
      vertex 3.38197 58.9021 2
    endloop
  endfacet
  facet normal 0.233559 -0.972343 0
    outer loop
      vertex 3.38197 58.9021 2
      vertex 3.68713 58.9754 13
      vertex 3.38197 58.9021 13
    endloop
  endfacet
  facet normal 0.233559 -0.972343 0
    outer loop
      vertex 3.68713 58.9754 13
      vertex 3.38197 58.9021 2
      vertex 3.68713 58.9754 2
    endloop
  endfacet
  facet normal 0.522532 -0.85262 0
    outer loop
      vertex 2.82443 58.618 2
      vertex 3.09203 58.782 13
      vertex 2.82443 58.618 13
    endloop
  endfacet
  facet normal 0.522532 -0.85262 0
    outer loop
      vertex 3.09203 58.782 13
      vertex 2.82443 58.618 2
      vertex 3.09203 58.782 2
    endloop
  endfacet
  facet normal -0.233602 -0.972332 0
    outer loop
      vertex 72.3129 58.9754 2
      vertex 72.618 58.9021 13
      vertex 72.3129 58.9754 13
    endloop
  endfacet
  facet normal -0.233602 -0.972332 -0
    outer loop
      vertex 72.618 58.9021 13
      vertex 72.3129 58.9754 2
      vertex 72.618 58.9021 2
    endloop
  endfacet
  facet normal -0.0783775 -0.996924 0
    outer loop
      vertex 72 59 2
      vertex 72.3129 58.9754 13
      vertex 72 59 13
    endloop
  endfacet
  facet normal -0.0783775 -0.996924 -0
    outer loop
      vertex 72.3129 58.9754 13
      vertex 72 59 2
      vertex 72.3129 58.9754 2
    endloop
  endfacet
  facet normal -0.382624 -0.923904 0
    outer loop
      vertex 72.618 58.9021 2
      vertex 72.908 58.782 13
      vertex 72.618 58.9021 13
    endloop
  endfacet
  facet normal -0.382624 -0.923904 -0
    outer loop
      vertex 72.908 58.782 13
      vertex 72.618 58.9021 2
      vertex 72.908 58.782 2
    endloop
  endfacet
  facet normal -0.76038 -0.649478 6.35086e-19
    outer loop
      vertex 73.618 58.1756 2
      vertex 73.4142 58.4142 13
      vertex 73.4142 58.4142 2
    endloop
  endfacet
  facet normal -0.76038 -0.649478 6.35086e-19
    outer loop
      vertex 73.4142 58.4142 13
      vertex 73.618 58.1756 2
      vertex 73.618 58.1756 13
    endloop
  endfacet
  facet normal -0.649478 -0.76038 0
    outer loop
      vertex 73.1756 58.618 2
      vertex 73.4142 58.4142 13
      vertex 73.1756 58.618 13
    endloop
  endfacet
  facet normal -0.649478 -0.76038 -0
    outer loop
      vertex 73.4142 58.4142 13
      vertex 73.1756 58.618 2
      vertex 73.4142 58.4142 2
    endloop
  endfacet
  facet normal -0.972332 -0.233602 2.20863e-20
    outer loop
      vertex 73.9754 57.3129 2
      vertex 73.9021 57.618 13
      vertex 73.9021 57.618 2
    endloop
  endfacet
  facet normal -0.972332 -0.233602 2.20863e-20
    outer loop
      vertex 73.9021 57.618 13
      vertex 73.9754 57.3129 2
      vertex 73.9754 57.3129 13
    endloop
  endfacet
  facet normal -0.923904 -0.382624 4.06253e-19
    outer loop
      vertex 73.9021 57.618 2
      vertex 73.782 57.908 13
      vertex 73.782 57.908 2
    endloop
  endfacet
  facet normal -0.923904 -0.382624 4.06253e-19
    outer loop
      vertex 73.782 57.908 13
      vertex 73.9021 57.618 2
      vertex 73.9021 57.618 13
    endloop
  endfacet
  facet normal 0.649468 0.760389 -0
    outer loop
      vertex 2.82443 2.38196 2
      vertex 2.5858 2.58578 13
      vertex 2.82443 2.38196 13
    endloop
  endfacet
  facet normal 0.649468 0.760389 0
    outer loop
      vertex 2.5858 2.58578 13
      vertex 2.82443 2.38196 2
      vertex 2.5858 2.58578 2
    endloop
  endfacet
  facet normal 0.852639 0.5225 1.0894e-19
    outer loop
      vertex 2.38197 2.82442 13
      vertex 2.21799 3.09201 2
      vertex 2.21799 3.09201 13
    endloop
  endfacet
  facet normal 0.852639 0.5225 1.0894e-19
    outer loop
      vertex 2.21799 3.09201 2
      vertex 2.38197 2.82442 13
      vertex 2.38197 2.82442 2
    endloop
  endfacet
  facet normal 0.996916 0.0784775 1.05133e-19
    outer loop
      vertex 2.02463 3.68712 13
      vertex 2 4 2
      vertex 2 4 13
    endloop
  endfacet
  facet normal 0.996916 0.0784775 1.05133e-19
    outer loop
      vertex 2 4 2
      vertex 2.02463 3.68712 13
      vertex 2.02463 3.68712 2
    endloop
  endfacet
  facet normal 0.923892 0.382653 -7.41972e-19
    outer loop
      vertex 2.21799 3.09201 13
      vertex 2.0979 3.38196 2
      vertex 2.0979 3.38196 13
    endloop
  endfacet
  facet normal 0.923892 0.382653 -7.41972e-19
    outer loop
      vertex 2.0979 3.38196 2
      vertex 2.21799 3.09201 13
      vertex 2.21799 3.09201 2
    endloop
  endfacet
  facet normal 0.0784167 0.996921 -0
    outer loop
      vertex 4 2 2
      vertex 3.68713 2.02461 13
      vertex 4 2 13
    endloop
  endfacet
  facet normal 0.0784167 0.996921 0
    outer loop
      vertex 3.68713 2.02461 13
      vertex 4 2 2
      vertex 3.68713 2.02461 2
    endloop
  endfacet
  facet normal 0.382637 0.923899 -0
    outer loop
      vertex 3.38197 2.09789 2
      vertex 3.09203 2.21797 13
      vertex 3.38197 2.09789 13
    endloop
  endfacet
  facet normal 0.382637 0.923899 0
    outer loop
      vertex 3.09203 2.21797 13
      vertex 3.38197 2.09789 2
      vertex 3.09203 2.21797 2
    endloop
  endfacet
  facet normal -0.522509 0.852634 0
    outer loop
      vertex 73.1756 2.38196 2
      vertex 72.908 2.21797 13
      vertex 73.1756 2.38196 13
    endloop
  endfacet
  facet normal -0.522509 0.852634 0
    outer loop
      vertex 72.908 2.21797 13
      vertex 73.1756 2.38196 2
      vertex 72.908 2.21797 2
    endloop
  endfacet
  facet normal -0.233542 0.972347 0
    outer loop
      vertex 72.618 2.09789 2
      vertex 72.3129 2.02461 13
      vertex 72.618 2.09789 13
    endloop
  endfacet
  facet normal -0.233542 0.972347 0
    outer loop
      vertex 72.3129 2.02461 13
      vertex 72.618 2.09789 2
      vertex 72.3129 2.02461 2
    endloop
  endfacet
  facet normal -0.760434 0.649415 9.54008e-19
    outer loop
      vertex 73.4142 2.58578 2
      vertex 73.618 2.82442 13
      vertex 73.618 2.82442 2
    endloop
  endfacet
  facet normal -0.760434 0.649415 9.54008e-19
    outer loop
      vertex 73.618 2.82442 13
      vertex 73.4142 2.58578 2
      vertex 73.4142 2.58578 13
    endloop
  endfacet
  facet normal -0.923881 0.38268 -6.713e-19
    outer loop
      vertex 73.782 3.09201 2
      vertex 73.9021 3.38196 13
      vertex 73.9021 3.38196 2
    endloop
  endfacet
  facet normal -0.923881 0.38268 -6.713e-19
    outer loop
      vertex 73.9021 3.38196 13
      vertex 73.782 3.09201 2
      vertex 73.782 3.09201 13
    endloop
  endfacet
  facet normal 0.760333 -0.649533 -4.64261e-19
    outer loop
      vertex 2.38197 58.1756 13
      vertex 2.5858 58.4142 2
      vertex 2.5858 58.4142 13
    endloop
  endfacet
  facet normal 0.760333 -0.649533 -4.64261e-19
    outer loop
      vertex 2.5858 58.4142 2
      vertex 2.38197 58.1756 13
      vertex 2.38197 58.1756 2
    endloop
  endfacet
  facet normal 0.760387 0.64947 2.64986e-19
    outer loop
      vertex 2.5858 2.58578 13
      vertex 2.38197 2.82442 2
      vertex 2.38197 2.82442 13
    endloop
  endfacet
  facet normal 0.760387 0.64947 2.64986e-19
    outer loop
      vertex 2.38197 2.82442 2
      vertex 2.5858 2.58578 13
      vertex 2.5858 2.58578 2
    endloop
  endfacet
  facet normal 0.972364 0.233468 2.21317e-19
    outer loop
      vertex 2.0979 3.38196 13
      vertex 2.02463 3.68712 2
      vertex 2.02463 3.68712 13
    endloop
  endfacet
  facet normal 0.972364 0.233468 2.21317e-19
    outer loop
      vertex 2.02463 3.68712 2
      vertex 2.0979 3.38196 13
      vertex 2.0979 3.38196 2
    endloop
  endfacet
  facet normal 0.233498 0.972357 -0
    outer loop
      vertex 3.68713 2.02461 2
      vertex 3.38197 2.09789 13
      vertex 3.68713 2.02461 13
    endloop
  endfacet
  facet normal 0.233498 0.972357 0
    outer loop
      vertex 3.38197 2.09789 13
      vertex 3.68713 2.02461 2
      vertex 3.38197 2.09789 2
    endloop
  endfacet
  facet normal -0.382569 0.923927 0
    outer loop
      vertex 72.908 2.21797 2
      vertex 72.618 2.09789 13
      vertex 72.908 2.21797 13
    endloop
  endfacet
  facet normal -0.382569 0.923927 0
    outer loop
      vertex 72.618 2.09789 13
      vertex 72.908 2.21797 2
      vertex 72.618 2.09789 2
    endloop
  endfacet
  facet normal -0.852611 0.522546 3.0031e-19
    outer loop
      vertex 73.618 2.82442 2
      vertex 73.782 3.09201 13
      vertex 73.782 3.09201 2
    endloop
  endfacet
  facet normal -0.852611 0.522546 3.0031e-19
    outer loop
      vertex 73.782 3.09201 13
      vertex 73.618 2.82442 2
      vertex 73.618 2.82442 13
    endloop
  endfacet
  facet normal -0.972341 0.233568 8.18582e-19
    outer loop
      vertex 74.1874 3.28925 13
      vertex 74.2717 3.64019 18
      vertex 74.2717 3.64019 13
    endloop
  endfacet
  facet normal -0.972341 0.233568 8.18582e-19
    outer loop
      vertex 74.2717 3.64019 18
      vertex 74.1874 3.28925 13
      vertex 74.1874 3.28925 18
    endloop
  endfacet
  facet normal -1 0 0
    outer loop
      vertex 74.3 3.99999 13
      vertex 74.3 57 18
      vertex 74.3 57 13
    endloop
  endfacet
  facet normal -1 -0 0
    outer loop
      vertex 74.3 57 18
      vertex 74.3 3.99999 13
      vertex 74.3 3.99999 18
    endloop
  endfacet
  facet normal 0.996917 -0.0784677 -2.98528e-19
    outer loop
      vertex 1.70001 57 18
      vertex 1.72833 57.3598 13
      vertex 1.72833 57.3598 18
    endloop
  endfacet
  facet normal 0.996917 -0.0784677 -2.98528e-19
    outer loop
      vertex 1.72833 57.3598 13
      vertex 1.70001 57 18
      vertex 1.70001 57 13
    endloop
  endfacet
  facet normal -0.996921 0.0784126 -1.30489e-19
    outer loop
      vertex 74.2717 3.64019 13
      vertex 74.3 3.99999 18
      vertex 74.3 3.99999 13
    endloop
  endfacet
  facet normal -0.996921 0.0784126 -1.30489e-19
    outer loop
      vertex 74.3 3.99999 18
      vertex 74.2717 3.64019 13
      vertex 74.2717 3.64019 18
    endloop
  endfacet
  facet normal -0.522582 -0.852589 0
    outer loop
      vertex 73.0442 59.0493 13
      vertex 73.3519 58.8607 18
      vertex 73.0442 59.0493 18
    endloop
  endfacet
  facet normal -0.522582 -0.852589 -0
    outer loop
      vertex 73.3519 58.8607 18
      vertex 73.0442 59.0493 13
      vertex 73.3519 58.8607 13
    endloop
  endfacet
  facet normal 0 0 1
    outer loop
      vertex 74 57 13
      vertex 74.3 57 13
      vertex 74.2717 57.3598 13
    endloop
  endfacet
  facet normal 0 0 1
    outer loop
      vertex 74.3 57 13
      vertex 74 57 13
      vertex 74.3 3.99999 13
    endloop
  endfacet
  facet normal 0 0 1
    outer loop
      vertex 73.9754 57.3129 13
      vertex 74.2717 57.3598 13
      vertex 74.1874 57.7107 13
    endloop
  endfacet
  facet normal -0 0 1
    outer loop
      vertex 74 4 13
      vertex 74.3 3.99999 13
      vertex 74 57 13
    endloop
  endfacet
  facet normal 0 0 1
    outer loop
      vertex 73.9021 57.618 13
      vertex 74.1874 57.7107 13
      vertex 74.0493 58.0442 13
    endloop
  endfacet
  facet normal 0 0 1
    outer loop
      vertex 74.3 3.99999 13
      vertex 74 4 13
      vertex 74.2717 3.64019 13
    endloop
  endfacet
  facet normal -0 0 1
    outer loop
      vertex 73.9754 3.68712 13
      vertex 74.2717 3.64019 13
      vertex 74 4 13
    endloop
  endfacet
  facet normal 0 0 1
    outer loop
      vertex 74.2717 57.3598 13
      vertex 73.9754 57.3129 13
      vertex 74 57 13
    endloop
  endfacet
  facet normal 0 0 1
    outer loop
      vertex 74.1874 57.7107 13
      vertex 73.9021 57.618 13
      vertex 73.9754 57.3129 13
    endloop
  endfacet
  facet normal 0 0 1
    outer loop
      vertex 73.782 57.908 13
      vertex 74.0493 58.0442 13
      vertex 73.8607 58.3519 13
    endloop
  endfacet
  facet normal 0 0 1
    outer loop
      vertex 74.0493 58.0442 13
      vertex 73.782 57.908 13
      vertex 73.9021 57.618 13
    endloop
  endfacet
  facet normal 0 0 1
    outer loop
      vertex 73.618 58.1756 13
      vertex 73.8607 58.3519 13
      vertex 73.6264 58.6263 13
    endloop
  endfacet
  facet normal 0 0 1
    outer loop
      vertex 73.8607 58.3519 13
      vertex 73.618 58.1756 13
      vertex 73.782 57.908 13
    endloop
  endfacet
  facet normal 0 0 1
    outer loop
      vertex 73.6264 58.6263 13
      vertex 73.4142 58.4142 13
      vertex 73.618 58.1756 13
    endloop
  endfacet
  facet normal 0 0 1
    outer loop
      vertex 73.3519 58.8607 13
      vertex 73.4142 58.4142 13
      vertex 73.6264 58.6263 13
    endloop
  endfacet
  facet normal 0 0 1
    outer loop
      vertex 73.3519 58.8607 13
      vertex 73.1756 58.618 13
      vertex 73.4142 58.4142 13
    endloop
  endfacet
  facet normal 0 0 1
    outer loop
      vertex 73.0442 59.0493 13
      vertex 73.1756 58.618 13
      vertex 73.3519 58.8607 13
    endloop
  endfacet
  facet normal 0 0 1
    outer loop
      vertex 73.0442 59.0493 13
      vertex 72.908 58.782 13
      vertex 73.1756 58.618 13
    endloop
  endfacet
  facet normal 0 0 1
    outer loop
      vertex 72.7108 59.1874 13
      vertex 72.908 58.782 13
      vertex 73.0442 59.0493 13
    endloop
  endfacet
  facet normal 0 0 1
    outer loop
      vertex 72.7108 59.1874 13
      vertex 72.618 58.9021 13
      vertex 72.908 58.782 13
    endloop
  endfacet
  facet normal 0 0 1
    outer loop
      vertex 72.3598 59.2717 13
      vertex 72.618 58.9021 13
      vertex 72.7108 59.1874 13
    endloop
  endfacet
  facet normal 0 0 1
    outer loop
      vertex 72.3598 59.2717 13
      vertex 72.3129 58.9754 13
      vertex 72.618 58.9021 13
    endloop
  endfacet
  facet normal 0 0 1
    outer loop
      vertex 72 59.3 13
      vertex 72.3129 58.9754 13
      vertex 72.3598 59.2717 13
    endloop
  endfacet
  facet normal 0 0 1
    outer loop
      vertex 72 59.3 13
      vertex 72 59 13
      vertex 72.3129 58.9754 13
    endloop
  endfacet
  facet normal -0 0 1
    outer loop
      vertex 4.00001 59.3 13
      vertex 72 59 13
      vertex 72 59.3 13
    endloop
  endfacet
  facet normal 0 0 1
    outer loop
      vertex 4.00001 59.3 13
      vertex 4 59 13
      vertex 72 59 13
    endloop
  endfacet
  facet normal 0 0 1
    outer loop
      vertex 4.00001 59.3 13
      vertex 3.68713 58.9754 13
      vertex 4 59 13
    endloop
  endfacet
  facet normal -0 0 1
    outer loop
      vertex 3.64021 59.2717 13
      vertex 3.68713 58.9754 13
      vertex 4.00001 59.3 13
    endloop
  endfacet
  facet normal 0 0 1
    outer loop
      vertex 3.64021 59.2717 13
      vertex 3.38197 58.9021 13
      vertex 3.68713 58.9754 13
    endloop
  endfacet
  facet normal -0 0 1
    outer loop
      vertex 3.28927 59.1874 13
      vertex 3.38197 58.9021 13
      vertex 3.64021 59.2717 13
    endloop
  endfacet
  facet normal 0 0 1
    outer loop
      vertex 3.28927 59.1874 13
      vertex 3.09203 58.782 13
      vertex 3.38197 58.9021 13
    endloop
  endfacet
  facet normal -0 0 1
    outer loop
      vertex 2.95582 59.0493 13
      vertex 3.09203 58.782 13
      vertex 3.28927 59.1874 13
    endloop
  endfacet
  facet normal 0 0 1
    outer loop
      vertex 2.95582 59.0493 13
      vertex 2.82443 58.618 13
      vertex 3.09203 58.782 13
    endloop
  endfacet
  facet normal -0 0 1
    outer loop
      vertex 2.6481 58.8607 13
      vertex 2.82443 58.618 13
      vertex 2.95582 59.0493 13
    endloop
  endfacet
  facet normal 0 0 1
    outer loop
      vertex 2.6481 58.8607 13
      vertex 2.5858 58.4142 13
      vertex 2.82443 58.618 13
    endloop
  endfacet
  facet normal -0 0 1
    outer loop
      vertex 2.37367 58.6263 13
      vertex 2.5858 58.4142 13
      vertex 2.6481 58.8607 13
    endloop
  endfacet
  facet normal 0 0 1
    outer loop
      vertex 2.5858 58.4142 13
      vertex 2.37367 58.6263 13
      vertex 2.38197 58.1756 13
    endloop
  endfacet
  facet normal -0 0 1
    outer loop
      vertex 2.13926 58.3519 13
      vertex 2.38197 58.1756 13
      vertex 2.37367 58.6263 13
    endloop
  endfacet
  facet normal 0 0 1
    outer loop
      vertex 2.38197 58.1756 13
      vertex 2.13926 58.3519 13
      vertex 2.21799 57.908 13
    endloop
  endfacet
  facet normal -0 0 1
    outer loop
      vertex 1.9507 58.0442 13
      vertex 2.21799 57.908 13
      vertex 2.13926 58.3519 13
    endloop
  endfacet
  facet normal 0 0 1
    outer loop
      vertex 2.21799 57.908 13
      vertex 1.9507 58.0442 13
      vertex 2.0979 57.618 13
    endloop
  endfacet
  facet normal -0 0 1
    outer loop
      vertex 1.72833 57.3598 13
      vertex 2.02463 57.3129 13
      vertex 1.81257 57.7107 13
    endloop
  endfacet
  facet normal 0 0 1
    outer loop
      vertex 2.0979 57.618 13
      vertex 1.81257 57.7107 13
      vertex 2.02463 57.3129 13
    endloop
  endfacet
  facet normal -0 0 1
    outer loop
      vertex 1.81257 57.7107 13
      vertex 2.0979 57.618 13
      vertex 1.9507 58.0442 13
    endloop
  endfacet
  facet normal 0 0 1
    outer loop
      vertex 74.2717 3.64019 13
      vertex 73.9754 3.68712 13
      vertex 74.1874 3.28925 13
    endloop
  endfacet
  facet normal -0 0 1
    outer loop
      vertex 73.9021 3.38196 13
      vertex 74.1874 3.28925 13
      vertex 73.9754 3.68712 13
    endloop
  endfacet
  facet normal 0 0 1
    outer loop
      vertex 74.1874 3.28925 13
      vertex 73.9021 3.38196 13
      vertex 74.0493 2.95581 13
    endloop
  endfacet
  facet normal -0 0 1
    outer loop
      vertex 73.782 3.09201 13
      vertex 74.0493 2.95581 13
      vertex 73.9021 3.38196 13
    endloop
  endfacet
  facet normal 0 0 1
    outer loop
      vertex 74.0493 2.95581 13
      vertex 73.782 3.09201 13
      vertex 73.8607 2.64809 13
    endloop
  endfacet
  facet normal -0 0 1
    outer loop
      vertex 73.618 2.82442 13
      vertex 73.8607 2.64809 13
      vertex 73.782 3.09201 13
    endloop
  endfacet
  facet normal 0 0 1
    outer loop
      vertex 73.8607 2.64809 13
      vertex 73.618 2.82442 13
      vertex 73.6264 2.37364 13
    endloop
  endfacet
  facet normal -0 0 1
    outer loop
      vertex 73.4142 2.58578 13
      vertex 73.6264 2.37364 13
      vertex 73.618 2.82442 13
    endloop
  endfacet
  facet normal 0 0 1
    outer loop
      vertex 73.4142 2.58578 13
      vertex 73.3519 2.13925 13
      vertex 73.6264 2.37364 13
    endloop
  endfacet
  facet normal -0 0 1
    outer loop
      vertex 73.1756 2.38196 13
      vertex 73.3519 2.13925 13
      vertex 73.4142 2.58578 13
    endloop
  endfacet
  facet normal 0 0 1
    outer loop
      vertex 73.1756 2.38196 13
      vertex 73.0442 1.95067 13
      vertex 73.3519 2.13925 13
    endloop
  endfacet
  facet normal -0 0 1
    outer loop
      vertex 72.908 2.21797 13
      vertex 73.0442 1.95067 13
      vertex 73.1756 2.38196 13
    endloop
  endfacet
  facet normal 0 0 1
    outer loop
      vertex 72.908 2.21797 13
      vertex 72.7108 1.81256 13
      vertex 73.0442 1.95067 13
    endloop
  endfacet
  facet normal -0 0 1
    outer loop
      vertex 72.618 2.09789 13
      vertex 72.7108 1.81256 13
      vertex 72.908 2.21797 13
    endloop
  endfacet
  facet normal 0 0 1
    outer loop
      vertex 72.618 2.09789 13
      vertex 72.3598 1.7283 13
      vertex 72.7108 1.81256 13
    endloop
  endfacet
  facet normal -0 0 1
    outer loop
      vertex 72.3129 2.02461 13
      vertex 72.3598 1.7283 13
      vertex 72.618 2.09789 13
    endloop
  endfacet
  facet normal 0 0 1
    outer loop
      vertex 72.3129 2.02461 13
      vertex 72 1.7 13
      vertex 72.3598 1.7283 13
    endloop
  endfacet
  facet normal -0 0 1
    outer loop
      vertex 72 2 13
      vertex 72 1.7 13
      vertex 72.3129 2.02461 13
    endloop
  endfacet
  facet normal 0 0 1
    outer loop
      vertex 72 2 13
      vertex 4.00001 1.7 13
      vertex 72 1.7 13
    endloop
  endfacet
  facet normal -0 0 1
    outer loop
      vertex 4 2 13
      vertex 4.00001 1.7 13
      vertex 72 2 13
    endloop
  endfacet
  facet normal 0 0 1
    outer loop
      vertex 3.68713 2.02461 13
      vertex 4.00001 1.7 13
      vertex 4 2 13
    endloop
  endfacet
  facet normal 0 0 1
    outer loop
      vertex 3.68713 2.02461 13
      vertex 3.64021 1.7283 13
      vertex 4.00001 1.7 13
    endloop
  endfacet
  facet normal 0 0 1
    outer loop
      vertex 3.38197 2.09789 13
      vertex 3.64021 1.7283 13
      vertex 3.68713 2.02461 13
    endloop
  endfacet
  facet normal 0 0 1
    outer loop
      vertex 3.38197 2.09789 13
      vertex 3.28927 1.81256 13
      vertex 3.64021 1.7283 13
    endloop
  endfacet
  facet normal 0 0 1
    outer loop
      vertex 3.09203 2.21797 13
      vertex 3.28927 1.81256 13
      vertex 3.38197 2.09789 13
    endloop
  endfacet
  facet normal 0 0 1
    outer loop
      vertex 3.09203 2.21797 13
      vertex 2.95582 1.95067 13
      vertex 3.28927 1.81256 13
    endloop
  endfacet
  facet normal 0 0 1
    outer loop
      vertex 2.82443 2.38196 13
      vertex 2.95582 1.95067 13
      vertex 3.09203 2.21797 13
    endloop
  endfacet
  facet normal 0 0 1
    outer loop
      vertex 2.82443 2.38196 13
      vertex 2.6481 2.13925 13
      vertex 2.95582 1.95067 13
    endloop
  endfacet
  facet normal 0 0 1
    outer loop
      vertex 2.5858 2.58578 13
      vertex 2.6481 2.13925 13
      vertex 2.82443 2.38196 13
    endloop
  endfacet
  facet normal 0 0 1
    outer loop
      vertex 2.37367 2.37364 13
      vertex 2.5858 2.58578 13
      vertex 2.38197 2.82442 13
    endloop
  endfacet
  facet normal 0 0 1
    outer loop
      vertex 2.5858 2.58578 13
      vertex 2.37367 2.37364 13
      vertex 2.6481 2.13925 13
    endloop
  endfacet
  facet normal 0 0 1
    outer loop
      vertex 2.13926 2.64809 13
      vertex 2.38197 2.82442 13
      vertex 2.21799 3.09201 13
    endloop
  endfacet
  facet normal 0 0 1
    outer loop
      vertex 2.38197 2.82442 13
      vertex 2.13926 2.64809 13
      vertex 2.37367 2.37364 13
    endloop
  endfacet
  facet normal 0 0 1
    outer loop
      vertex 1.9507 2.95581 13
      vertex 2.21799 3.09201 13
      vertex 2.0979 3.38196 13
    endloop
  endfacet
  facet normal 0 0 1
    outer loop
      vertex 1.81257 3.28925 13
      vertex 2.0979 3.38196 13
      vertex 2.02463 3.68712 13
    endloop
  endfacet
  facet normal 0 0 1
    outer loop
      vertex 2.21799 3.09201 13
      vertex 1.9507 2.95581 13
      vertex 2.13926 2.64809 13
    endloop
  endfacet
  facet normal 0 0 1
    outer loop
      vertex 1.72833 3.64019 13
      vertex 2.02463 3.68712 13
      vertex 2 4 13
    endloop
  endfacet
  facet normal 0 0 1
    outer loop
      vertex 2 57 13
      vertex 1.70001 57 13
      vertex 2 4 13
    endloop
  endfacet
  facet normal 0 0 1
    outer loop
      vertex 2.02463 57.3129 13
      vertex 1.72833 57.3598 13
      vertex 2 57 13
    endloop
  endfacet
  facet normal 0 0 1
    outer loop
      vertex 1.70001 3.99999 13
      vertex 2 4 13
      vertex 1.70001 57 13
    endloop
  endfacet
  facet normal 0 0 1
    outer loop
      vertex 2 57 13
      vertex 1.72833 57.3598 13
      vertex 1.70001 57 13
    endloop
  endfacet
  facet normal 0 -0 1
    outer loop
      vertex 1.72833 3.64019 13
      vertex 2 4 13
      vertex 1.70001 3.99999 13
    endloop
  endfacet
  facet normal 0 0 1
    outer loop
      vertex 2.0979 3.38196 13
      vertex 1.81257 3.28925 13
      vertex 1.9507 2.95581 13
    endloop
  endfacet
  facet normal 0 0 1
    outer loop
      vertex 2.02463 3.68712 13
      vertex 1.72833 3.64019 13
      vertex 1.81257 3.28925 13
    endloop
  endfacet
  facet normal 0.0784126 -0.996921 0
    outer loop
      vertex 3.64021 59.2717 13
      vertex 4.00001 59.3 18
      vertex 3.64021 59.2717 18
    endloop
  endfacet
  facet normal 0.0784126 -0.996921 0
    outer loop
      vertex 4.00001 59.3 18
      vertex 3.64021 59.2717 13
      vertex 4.00001 59.3 13
    endloop
  endfacet
  facet normal 0 -1 0
    outer loop
      vertex 21.4364 59.3 16.1877
      vertex 54.72 59.3 16.2
      vertex 21.28 59.3 16.2
    endloop
  endfacet
  facet normal 0 -1 0
    outer loop
      vertex 21.4364 59.3 16.1877
      vertex 54.5636 59.3 16.1877
      vertex 54.72 59.3 16.2
    endloop
  endfacet
  facet normal 0 -1 0
    outer loop
      vertex 21.589 59.3 16.1511
      vertex 54.5636 59.3 16.1877
      vertex 21.4364 59.3 16.1877
    endloop
  endfacet
  facet normal 0 -1 0
    outer loop
      vertex 21.589 59.3 16.1511
      vertex 54.411 59.3 16.1511
      vertex 54.5636 59.3 16.1877
    endloop
  endfacet
  facet normal 0 -1 0
    outer loop
      vertex 21.734 59.3 16.091
      vertex 54.411 59.3 16.1511
      vertex 21.589 59.3 16.1511
    endloop
  endfacet
  facet normal 0 -1 0
    outer loop
      vertex 21.734 59.3 16.091
      vertex 54.266 59.3 16.091
      vertex 54.411 59.3 16.1511
    endloop
  endfacet
  facet normal 0 -1 0
    outer loop
      vertex 21.8678 59.3 16.009
      vertex 54.266 59.3 16.091
      vertex 21.734 59.3 16.091
    endloop
  endfacet
  facet normal 0 -1 0
    outer loop
      vertex 21.8678 59.3 16.009
      vertex 54.1322 59.3 16.009
      vertex 54.266 59.3 16.091
    endloop
  endfacet
  facet normal 0 -1 0
    outer loop
      vertex 21.9871 59.3 15.9071
      vertex 54.1322 59.3 16.009
      vertex 21.8678 59.3 16.009
    endloop
  endfacet
  facet normal 0 -1 0
    outer loop
      vertex 21.9871 59.3 15.9071
      vertex 54.0129 59.3 15.9071
      vertex 54.1322 59.3 16.009
    endloop
  endfacet
  facet normal 0 -1 0
    outer loop
      vertex 22.089 59.3 15.7878
      vertex 54.0129 59.3 15.9071
      vertex 21.9871 59.3 15.9071
    endloop
  endfacet
  facet normal 0 -1 0
    outer loop
      vertex 22.089 59.3 15.7878
      vertex 53.911 59.3 15.7878
      vertex 54.0129 59.3 15.9071
    endloop
  endfacet
  facet normal 0 -1 0
    outer loop
      vertex 22.171 59.3 15.654
      vertex 53.911 59.3 15.7878
      vertex 22.089 59.3 15.7878
    endloop
  endfacet
  facet normal 0 -1 0
    outer loop
      vertex 22.171 59.3 15.654
      vertex 53.829 59.3 15.654
      vertex 53.911 59.3 15.7878
    endloop
  endfacet
  facet normal 0 -1 0
    outer loop
      vertex 22.2311 59.3 15.509
      vertex 53.829 59.3 15.654
      vertex 22.171 59.3 15.654
    endloop
  endfacet
  facet normal 0 -1 0
    outer loop
      vertex 22.2311 59.3 15.509
      vertex 53.7689 59.3 15.509
      vertex 53.829 59.3 15.654
    endloop
  endfacet
  facet normal 0 -1 0
    outer loop
      vertex 22.2677 59.3 15.3564
      vertex 53.7689 59.3 15.509
      vertex 22.2311 59.3 15.509
    endloop
  endfacet
  facet normal 0 -1 0
    outer loop
      vertex 22.2677 59.3 15.3564
      vertex 53.7323 59.3 15.3564
      vertex 53.7689 59.3 15.509
    endloop
  endfacet
  facet normal 0 -1 0
    outer loop
      vertex 22.28 59.3 15.2
      vertex 53.7323 59.3 15.3564
      vertex 22.2677 59.3 15.3564
    endloop
  endfacet
  facet normal 0 -1 0
    outer loop
      vertex 22.28 59.3 15.2
      vertex 53.72 59.3 15.2
      vertex 53.7323 59.3 15.3564
    endloop
  endfacet
  facet normal 0 -1 0
    outer loop
      vertex 22.2677 59.3 15.0436
      vertex 53.72 59.3 15.2
      vertex 22.28 59.3 15.2
    endloop
  endfacet
  facet normal 0 -1 0
    outer loop
      vertex 22.2677 59.3 15.0436
      vertex 53.7323 59.3 15.0436
      vertex 53.72 59.3 15.2
    endloop
  endfacet
  facet normal 0 -1 0
    outer loop
      vertex 22.2311 59.3 14.891
      vertex 53.7323 59.3 15.0436
      vertex 22.2677 59.3 15.0436
    endloop
  endfacet
  facet normal 0 -1 0
    outer loop
      vertex 22.2311 59.3 14.891
      vertex 53.7689 59.3 14.891
      vertex 53.7323 59.3 15.0436
    endloop
  endfacet
  facet normal 0 -1 0
    outer loop
      vertex 22.171 59.3 14.746
      vertex 53.7689 59.3 14.891
      vertex 22.2311 59.3 14.891
    endloop
  endfacet
  facet normal 0 -1 0
    outer loop
      vertex 22.171 59.3 14.746
      vertex 53.829 59.3 14.746
      vertex 53.7689 59.3 14.891
    endloop
  endfacet
  facet normal 0 -1 0
    outer loop
      vertex 22.089 59.3 14.6122
      vertex 53.829 59.3 14.746
      vertex 22.171 59.3 14.746
    endloop
  endfacet
  facet normal 0 -1 0
    outer loop
      vertex 22.089 59.3 14.6122
      vertex 53.911 59.3 14.6122
      vertex 53.829 59.3 14.746
    endloop
  endfacet
  facet normal 0 -1 0
    outer loop
      vertex 21.9871 59.3 14.4929
      vertex 53.911 59.3 14.6122
      vertex 22.089 59.3 14.6122
    endloop
  endfacet
  facet normal 0 -1 0
    outer loop
      vertex 21.9871 59.3 14.4929
      vertex 54.0129 59.3 14.4929
      vertex 53.911 59.3 14.6122
    endloop
  endfacet
  facet normal 0 -1 0
    outer loop
      vertex 21.8678 59.3 14.391
      vertex 54.0129 59.3 14.4929
      vertex 21.9871 59.3 14.4929
    endloop
  endfacet
  facet normal 0 -1 0
    outer loop
      vertex 21.8678 59.3 14.391
      vertex 54.1322 59.3 14.391
      vertex 54.0129 59.3 14.4929
    endloop
  endfacet
  facet normal 0 -1 0
    outer loop
      vertex 21.734 59.3 14.309
      vertex 54.1322 59.3 14.391
      vertex 21.8678 59.3 14.391
    endloop
  endfacet
  facet normal 0 -1 0
    outer loop
      vertex 21.734 59.3 14.309
      vertex 54.266 59.3 14.309
      vertex 54.1322 59.3 14.391
    endloop
  endfacet
  facet normal 0 -1 0
    outer loop
      vertex 21.589 59.3 14.2489
      vertex 54.266 59.3 14.309
      vertex 21.734 59.3 14.309
    endloop
  endfacet
  facet normal 0 -1 0
    outer loop
      vertex 21.589 59.3 14.2489
      vertex 54.411 59.3 14.2489
      vertex 54.266 59.3 14.309
    endloop
  endfacet
  facet normal 0 -1 0
    outer loop
      vertex 21.4364 59.3 14.2123
      vertex 54.411 59.3 14.2489
      vertex 21.589 59.3 14.2489
    endloop
  endfacet
  facet normal 0 -1 0
    outer loop
      vertex 21.4364 59.3 14.2123
      vertex 54.5636 59.3 14.2123
      vertex 54.411 59.3 14.2489
    endloop
  endfacet
  facet normal 0 -1 0
    outer loop
      vertex 21.28 59.3 14.2
      vertex 54.5636 59.3 14.2123
      vertex 21.4364 59.3 14.2123
    endloop
  endfacet
  facet normal 0 -1 -0
    outer loop
      vertex 54.5636 59.3 14.2123
      vertex 21.28 59.3 14.2
      vertex 54.72 59.3 14.2
    endloop
  endfacet
  facet normal 0 -1 0
    outer loop
      vertex 4.00001 59.3 18
      vertex 21.28 59.3 16.2
      vertex 72 59.3 18
    endloop
  endfacet
  facet normal 0 -1 0
    outer loop
      vertex 4.00001 59.3 18
      vertex 21.1236 59.3 16.1877
      vertex 21.28 59.3 16.2
    endloop
  endfacet
  facet normal 0 -1 0
    outer loop
      vertex 4.00001 59.3 18
      vertex 20.971 59.3 16.1511
      vertex 21.1236 59.3 16.1877
    endloop
  endfacet
  facet normal 0 -1 0
    outer loop
      vertex 4.00001 59.3 18
      vertex 20.826 59.3 16.091
      vertex 20.971 59.3 16.1511
    endloop
  endfacet
  facet normal 0 -1 0
    outer loop
      vertex 4.00001 59.3 18
      vertex 20.6922 59.3 16.009
      vertex 20.826 59.3 16.091
    endloop
  endfacet
  facet normal 0 -1 0
    outer loop
      vertex 4.00001 59.3 18
      vertex 20.5729 59.3 15.9071
      vertex 20.6922 59.3 16.009
    endloop
  endfacet
  facet normal 0 -1 0
    outer loop
      vertex 4.00001 59.3 18
      vertex 20.471 59.3 15.7878
      vertex 20.5729 59.3 15.9071
    endloop
  endfacet
  facet normal 0 -1 0
    outer loop
      vertex 4.00001 59.3 18
      vertex 20.389 59.3 15.654
      vertex 20.471 59.3 15.7878
    endloop
  endfacet
  facet normal 0 -1 0
    outer loop
      vertex 4.00001 59.3 18
      vertex 20.3289 59.3 15.509
      vertex 20.389 59.3 15.654
    endloop
  endfacet
  facet normal 0 -1 0
    outer loop
      vertex 4.00001 59.3 18
      vertex 20.2923 59.3 15.3564
      vertex 20.3289 59.3 15.509
    endloop
  endfacet
  facet normal 0 -1 0
    outer loop
      vertex 4.00001 59.3 18
      vertex 20.28 59.3 15.2
      vertex 20.2923 59.3 15.3564
    endloop
  endfacet
  facet normal 0 -1 0
    outer loop
      vertex 4.00001 59.3 13
      vertex 20.28 59.3 15.2
      vertex 4.00001 59.3 18
    endloop
  endfacet
  facet normal 0 -1 -0
    outer loop
      vertex 20.28 59.3 15.2
      vertex 4.00001 59.3 13
      vertex 20.2923 59.3 15.0436
    endloop
  endfacet
  facet normal 0 -1 -0
    outer loop
      vertex 20.2923 59.3 15.0436
      vertex 4.00001 59.3 13
      vertex 20.3289 59.3 14.891
    endloop
  endfacet
  facet normal 0 -1 -0
    outer loop
      vertex 20.3289 59.3 14.891
      vertex 4.00001 59.3 13
      vertex 20.389 59.3 14.746
    endloop
  endfacet
  facet normal 0 -1 -0
    outer loop
      vertex 20.389 59.3 14.746
      vertex 4.00001 59.3 13
      vertex 20.471 59.3 14.6122
    endloop
  endfacet
  facet normal 0 -1 -0
    outer loop
      vertex 20.471 59.3 14.6122
      vertex 4.00001 59.3 13
      vertex 20.5729 59.3 14.4929
    endloop
  endfacet
  facet normal 0 -1 -0
    outer loop
      vertex 20.5729 59.3 14.4929
      vertex 4.00001 59.3 13
      vertex 20.6922 59.3 14.391
    endloop
  endfacet
  facet normal 0 -1 -0
    outer loop
      vertex 20.6922 59.3 14.391
      vertex 4.00001 59.3 13
      vertex 20.826 59.3 14.309
    endloop
  endfacet
  facet normal 0 -1 -0
    outer loop
      vertex 20.826 59.3 14.309
      vertex 4.00001 59.3 13
      vertex 20.971 59.3 14.2489
    endloop
  endfacet
  facet normal 0 -1 -0
    outer loop
      vertex 21.28 59.3 14.2
      vertex 4.00001 59.3 13
      vertex 54.72 59.3 14.2
    endloop
  endfacet
  facet normal 0 -1 -0
    outer loop
      vertex 21.1236 59.3 14.2123
      vertex 4.00001 59.3 13
      vertex 21.28 59.3 14.2
    endloop
  endfacet
  facet normal 0 -1 -0
    outer loop
      vertex 20.971 59.3 14.2489
      vertex 4.00001 59.3 13
      vertex 21.1236 59.3 14.2123
    endloop
  endfacet
  facet normal 0 -1 0
    outer loop
      vertex 54.72 59.3 16.2
      vertex 72 59.3 18
      vertex 21.28 59.3 16.2
    endloop
  endfacet
  facet normal 0 -1 0
    outer loop
      vertex 54.8764 59.3 16.1877
      vertex 72 59.3 18
      vertex 54.72 59.3 16.2
    endloop
  endfacet
  facet normal 0 -1 0
    outer loop
      vertex 55.029 59.3 16.1511
      vertex 72 59.3 18
      vertex 54.8764 59.3 16.1877
    endloop
  endfacet
  facet normal 0 -1 0
    outer loop
      vertex 55.174 59.3 16.091
      vertex 72 59.3 18
      vertex 55.029 59.3 16.1511
    endloop
  endfacet
  facet normal 0 -1 0
    outer loop
      vertex 55.3078 59.3 16.009
      vertex 72 59.3 18
      vertex 55.174 59.3 16.091
    endloop
  endfacet
  facet normal 0 -1 0
    outer loop
      vertex 55.4271 59.3 15.9071
      vertex 72 59.3 18
      vertex 55.3078 59.3 16.009
    endloop
  endfacet
  facet normal 0 -1 0
    outer loop
      vertex 55.529 59.3 15.7878
      vertex 72 59.3 18
      vertex 55.4271 59.3 15.9071
    endloop
  endfacet
  facet normal 0 -1 0
    outer loop
      vertex 55.611 59.3 15.654
      vertex 72 59.3 18
      vertex 55.529 59.3 15.7878
    endloop
  endfacet
  facet normal 0 -1 0
    outer loop
      vertex 55.6711 59.3 15.509
      vertex 72 59.3 18
      vertex 55.611 59.3 15.654
    endloop
  endfacet
  facet normal 0 -1 0
    outer loop
      vertex 55.7077 59.3 15.3564
      vertex 72 59.3 18
      vertex 55.6711 59.3 15.509
    endloop
  endfacet
  facet normal 0 -1 0
    outer loop
      vertex 55.72 59.3 15.2
      vertex 72 59.3 18
      vertex 55.7077 59.3 15.3564
    endloop
  endfacet
  facet normal 0 -1 0
    outer loop
      vertex 72 59.3 13
      vertex 55.72 59.3 15.2
      vertex 55.7077 59.3 15.0436
    endloop
  endfacet
  facet normal 0 -1 0
    outer loop
      vertex 72 59.3 13
      vertex 55.7077 59.3 15.0436
      vertex 55.6711 59.3 14.891
    endloop
  endfacet
  facet normal 0 -1 0
    outer loop
      vertex 72 59.3 13
      vertex 55.6711 59.3 14.891
      vertex 55.611 59.3 14.746
    endloop
  endfacet
  facet normal 0 -1 0
    outer loop
      vertex 72 59.3 13
      vertex 55.611 59.3 14.746
      vertex 55.529 59.3 14.6122
    endloop
  endfacet
  facet normal 0 -1 0
    outer loop
      vertex 72 59.3 13
      vertex 55.529 59.3 14.6122
      vertex 55.4271 59.3 14.4929
    endloop
  endfacet
  facet normal 0 -1 0
    outer loop
      vertex 72 59.3 13
      vertex 55.4271 59.3 14.4929
      vertex 55.3078 59.3 14.391
    endloop
  endfacet
  facet normal 0 -1 0
    outer loop
      vertex 72 59.3 13
      vertex 55.3078 59.3 14.391
      vertex 55.174 59.3 14.309
    endloop
  endfacet
  facet normal 0 -1 0
    outer loop
      vertex 72 59.3 13
      vertex 55.174 59.3 14.309
      vertex 55.029 59.3 14.2489
    endloop
  endfacet
  facet normal 0 -1 0
    outer loop
      vertex 72 59.3 13
      vertex 55.029 59.3 14.2489
      vertex 54.8764 59.3 14.2123
    endloop
  endfacet
  facet normal 0 -1 0
    outer loop
      vertex 55.72 59.3 15.2
      vertex 72 59.3 13
      vertex 72 59.3 18
    endloop
  endfacet
  facet normal 0 -1 0
    outer loop
      vertex 54.72 59.3 14.2
      vertex 72 59.3 13
      vertex 54.8764 59.3 14.2123
    endloop
  endfacet
  facet normal 0 -1 0
    outer loop
      vertex 72 59.3 13
      vertex 54.72 59.3 14.2
      vertex 4.00001 59.3 13
    endloop
  endfacet
  facet normal -0.996921 -0.0784126 1.30489e-19
    outer loop
      vertex 74.3 57 13
      vertex 74.2717 57.3598 18
      vertex 74.2717 57.3598 13
    endloop
  endfacet
  facet normal -0.996921 -0.0784126 1.30489e-19
    outer loop
      vertex 74.2717 57.3598 18
      vertex 74.3 57 13
      vertex 74.3 57 18
    endloop
  endfacet
  facet normal 1 -0 0
    outer loop
      vertex 1.70001 3.99999 18
      vertex 1.70001 57 13
      vertex 1.70001 57 18
    endloop
  endfacet
  facet normal 1 0 0
    outer loop
      vertex 1.70001 57 13
      vertex 1.70001 3.99999 18
      vertex 1.70001 3.99999 13
    endloop
  endfacet
  facet normal 0 1 -0
    outer loop
      vertex 54.5636 1.7 16.1877
      vertex 21.28 1.7 16.2
      vertex 54.72 1.7 16.2
    endloop
  endfacet
  facet normal 0 1 0
    outer loop
      vertex 54.5636 1.7 16.1877
      vertex 21.4364 1.7 16.1877
      vertex 21.28 1.7 16.2
    endloop
  endfacet
  facet normal 0 1 -0
    outer loop
      vertex 54.411 1.7 16.1511
      vertex 21.4364 1.7 16.1877
      vertex 54.5636 1.7 16.1877
    endloop
  endfacet
  facet normal 0 1 0
    outer loop
      vertex 54.411 1.7 16.1511
      vertex 21.589 1.7 16.1511
      vertex 21.4364 1.7 16.1877
    endloop
  endfacet
  facet normal 0 1 -0
    outer loop
      vertex 54.266 1.7 16.091
      vertex 21.589 1.7 16.1511
      vertex 54.411 1.7 16.1511
    endloop
  endfacet
  facet normal 0 1 0
    outer loop
      vertex 54.266 1.7 16.091
      vertex 21.734 1.7 16.091
      vertex 21.589 1.7 16.1511
    endloop
  endfacet
  facet normal 0 1 -0
    outer loop
      vertex 54.1322 1.7 16.009
      vertex 21.734 1.7 16.091
      vertex 54.266 1.7 16.091
    endloop
  endfacet
  facet normal 0 1 0
    outer loop
      vertex 54.1322 1.7 16.009
      vertex 21.8678 1.7 16.009
      vertex 21.734 1.7 16.091
    endloop
  endfacet
  facet normal 0 1 -0
    outer loop
      vertex 54.0129 1.7 15.9071
      vertex 21.8678 1.7 16.009
      vertex 54.1322 1.7 16.009
    endloop
  endfacet
  facet normal 0 1 0
    outer loop
      vertex 54.0129 1.7 15.9071
      vertex 21.9871 1.7 15.9071
      vertex 21.8678 1.7 16.009
    endloop
  endfacet
  facet normal 0 1 -0
    outer loop
      vertex 53.911 1.7 15.7878
      vertex 21.9871 1.7 15.9071
      vertex 54.0129 1.7 15.9071
    endloop
  endfacet
  facet normal 0 1 0
    outer loop
      vertex 53.911 1.7 15.7878
      vertex 22.089 1.7 15.7878
      vertex 21.9871 1.7 15.9071
    endloop
  endfacet
  facet normal 0 1 -0
    outer loop
      vertex 53.829 1.7 15.654
      vertex 22.089 1.7 15.7878
      vertex 53.911 1.7 15.7878
    endloop
  endfacet
  facet normal 0 1 0
    outer loop
      vertex 53.829 1.7 15.654
      vertex 22.171 1.7 15.654
      vertex 22.089 1.7 15.7878
    endloop
  endfacet
  facet normal 0 1 -0
    outer loop
      vertex 53.7689 1.7 15.509
      vertex 22.171 1.7 15.654
      vertex 53.829 1.7 15.654
    endloop
  endfacet
  facet normal 0 1 0
    outer loop
      vertex 53.7689 1.7 15.509
      vertex 22.2311 1.7 15.509
      vertex 22.171 1.7 15.654
    endloop
  endfacet
  facet normal 0 1 -0
    outer loop
      vertex 53.7323 1.7 15.3564
      vertex 22.2311 1.7 15.509
      vertex 53.7689 1.7 15.509
    endloop
  endfacet
  facet normal 0 1 0
    outer loop
      vertex 53.7323 1.7 15.3564
      vertex 22.2677 1.7 15.3564
      vertex 22.2311 1.7 15.509
    endloop
  endfacet
  facet normal 0 1 -0
    outer loop
      vertex 53.72 1.7 15.2
      vertex 22.2677 1.7 15.3564
      vertex 53.7323 1.7 15.3564
    endloop
  endfacet
  facet normal 0 1 0
    outer loop
      vertex 53.72 1.7 15.2
      vertex 22.28 1.7 15.2
      vertex 22.2677 1.7 15.3564
    endloop
  endfacet
  facet normal 0 1 0
    outer loop
      vertex 53.7323 1.7 15.0436
      vertex 22.28 1.7 15.2
      vertex 53.72 1.7 15.2
    endloop
  endfacet
  facet normal 0 1 0
    outer loop
      vertex 53.7323 1.7 15.0436
      vertex 22.2677 1.7 15.0436
      vertex 22.28 1.7 15.2
    endloop
  endfacet
  facet normal 0 1 0
    outer loop
      vertex 53.7689 1.7 14.891
      vertex 22.2677 1.7 15.0436
      vertex 53.7323 1.7 15.0436
    endloop
  endfacet
  facet normal 0 1 0
    outer loop
      vertex 53.7689 1.7 14.891
      vertex 22.2311 1.7 14.891
      vertex 22.2677 1.7 15.0436
    endloop
  endfacet
  facet normal 0 1 0
    outer loop
      vertex 53.829 1.7 14.746
      vertex 22.2311 1.7 14.891
      vertex 53.7689 1.7 14.891
    endloop
  endfacet
  facet normal 0 1 0
    outer loop
      vertex 53.829 1.7 14.746
      vertex 22.171 1.7 14.746
      vertex 22.2311 1.7 14.891
    endloop
  endfacet
  facet normal 0 1 0
    outer loop
      vertex 53.911 1.7 14.6122
      vertex 22.171 1.7 14.746
      vertex 53.829 1.7 14.746
    endloop
  endfacet
  facet normal 0 1 0
    outer loop
      vertex 53.911 1.7 14.6122
      vertex 22.089 1.7 14.6122
      vertex 22.171 1.7 14.746
    endloop
  endfacet
  facet normal 0 1 0
    outer loop
      vertex 54.0129 1.7 14.4929
      vertex 22.089 1.7 14.6122
      vertex 53.911 1.7 14.6122
    endloop
  endfacet
  facet normal 0 1 0
    outer loop
      vertex 54.0129 1.7 14.4929
      vertex 21.9871 1.7 14.4929
      vertex 22.089 1.7 14.6122
    endloop
  endfacet
  facet normal 0 1 0
    outer loop
      vertex 54.1322 1.7 14.391
      vertex 21.9871 1.7 14.4929
      vertex 54.0129 1.7 14.4929
    endloop
  endfacet
  facet normal 0 1 0
    outer loop
      vertex 54.1322 1.7 14.391
      vertex 21.8678 1.7 14.391
      vertex 21.9871 1.7 14.4929
    endloop
  endfacet
  facet normal 0 1 0
    outer loop
      vertex 54.266 1.7 14.309
      vertex 21.8678 1.7 14.391
      vertex 54.1322 1.7 14.391
    endloop
  endfacet
  facet normal 0 1 0
    outer loop
      vertex 54.266 1.7 14.309
      vertex 21.734 1.7 14.309
      vertex 21.8678 1.7 14.391
    endloop
  endfacet
  facet normal 0 1 0
    outer loop
      vertex 54.411 1.7 14.2489
      vertex 21.734 1.7 14.309
      vertex 54.266 1.7 14.309
    endloop
  endfacet
  facet normal 0 1 0
    outer loop
      vertex 54.411 1.7 14.2489
      vertex 21.589 1.7 14.2489
      vertex 21.734 1.7 14.309
    endloop
  endfacet
  facet normal 0 1 0
    outer loop
      vertex 54.5636 1.7 14.2123
      vertex 21.589 1.7 14.2489
      vertex 54.411 1.7 14.2489
    endloop
  endfacet
  facet normal 0 1 0
    outer loop
      vertex 54.5636 1.7 14.2123
      vertex 21.4364 1.7 14.2123
      vertex 21.589 1.7 14.2489
    endloop
  endfacet
  facet normal 0 1 0
    outer loop
      vertex 54.72 1.7 14.2
      vertex 21.4364 1.7 14.2123
      vertex 54.5636 1.7 14.2123
    endloop
  endfacet
  facet normal 0 1 0
    outer loop
      vertex 21.4364 1.7 14.2123
      vertex 54.72 1.7 14.2
      vertex 21.28 1.7 14.2
    endloop
  endfacet
  facet normal 0 1 0
    outer loop
      vertex 72 1.7 18
      vertex 54.72 1.7 16.2
      vertex 4.00001 1.7 18
    endloop
  endfacet
  facet normal 0 1 0
    outer loop
      vertex 72 1.7 18
      vertex 54.8764 1.7 16.1877
      vertex 54.72 1.7 16.2
    endloop
  endfacet
  facet normal 0 1 0
    outer loop
      vertex 72 1.7 18
      vertex 55.029 1.7 16.1511
      vertex 54.8764 1.7 16.1877
    endloop
  endfacet
  facet normal 0 1 0
    outer loop
      vertex 72 1.7 18
      vertex 55.174 1.7 16.091
      vertex 55.029 1.7 16.1511
    endloop
  endfacet
  facet normal 0 1 0
    outer loop
      vertex 72 1.7 18
      vertex 55.3078 1.7 16.009
      vertex 55.174 1.7 16.091
    endloop
  endfacet
  facet normal 0 1 0
    outer loop
      vertex 72 1.7 18
      vertex 55.4271 1.7 15.9071
      vertex 55.3078 1.7 16.009
    endloop
  endfacet
  facet normal 0 1 0
    outer loop
      vertex 72 1.7 18
      vertex 55.529 1.7 15.7878
      vertex 55.4271 1.7 15.9071
    endloop
  endfacet
  facet normal 0 1 0
    outer loop
      vertex 72 1.7 18
      vertex 55.611 1.7 15.654
      vertex 55.529 1.7 15.7878
    endloop
  endfacet
  facet normal 0 1 0
    outer loop
      vertex 72 1.7 18
      vertex 55.6711 1.7 15.509
      vertex 55.611 1.7 15.654
    endloop
  endfacet
  facet normal 0 1 0
    outer loop
      vertex 72 1.7 18
      vertex 55.7077 1.7 15.3564
      vertex 55.6711 1.7 15.509
    endloop
  endfacet
  facet normal 0 1 0
    outer loop
      vertex 72 1.7 18
      vertex 55.72 1.7 15.2
      vertex 55.7077 1.7 15.3564
    endloop
  endfacet
  facet normal 0 1 -0
    outer loop
      vertex 72 1.7 13
      vertex 55.72 1.7 15.2
      vertex 72 1.7 18
    endloop
  endfacet
  facet normal 0 1 0
    outer loop
      vertex 55.72 1.7 15.2
      vertex 72 1.7 13
      vertex 55.7077 1.7 15.0436
    endloop
  endfacet
  facet normal 0 1 0
    outer loop
      vertex 55.7077 1.7 15.0436
      vertex 72 1.7 13
      vertex 55.6711 1.7 14.891
    endloop
  endfacet
  facet normal 0 1 0
    outer loop
      vertex 55.6711 1.7 14.891
      vertex 72 1.7 13
      vertex 55.611 1.7 14.746
    endloop
  endfacet
  facet normal 0 1 0
    outer loop
      vertex 55.611 1.7 14.746
      vertex 72 1.7 13
      vertex 55.529 1.7 14.6122
    endloop
  endfacet
  facet normal 0 1 0
    outer loop
      vertex 55.529 1.7 14.6122
      vertex 72 1.7 13
      vertex 55.4271 1.7 14.4929
    endloop
  endfacet
  facet normal 0 1 0
    outer loop
      vertex 55.4271 1.7 14.4929
      vertex 72 1.7 13
      vertex 55.3078 1.7 14.391
    endloop
  endfacet
  facet normal 0 1 0
    outer loop
      vertex 55.3078 1.7 14.391
      vertex 72 1.7 13
      vertex 55.174 1.7 14.309
    endloop
  endfacet
  facet normal 0 1 0
    outer loop
      vertex 55.174 1.7 14.309
      vertex 72 1.7 13
      vertex 55.029 1.7 14.2489
    endloop
  endfacet
  facet normal 0 1 0
    outer loop
      vertex 54.72 1.7 14.2
      vertex 72 1.7 13
      vertex 21.28 1.7 14.2
    endloop
  endfacet
  facet normal 0 1 0
    outer loop
      vertex 54.8764 1.7 14.2123
      vertex 72 1.7 13
      vertex 54.72 1.7 14.2
    endloop
  endfacet
  facet normal 0 1 0
    outer loop
      vertex 55.029 1.7 14.2489
      vertex 72 1.7 13
      vertex 54.8764 1.7 14.2123
    endloop
  endfacet
  facet normal 0 1 -0
    outer loop
      vertex 21.28 1.7 16.2
      vertex 4.00001 1.7 18
      vertex 54.72 1.7 16.2
    endloop
  endfacet
  facet normal 0 1 -0
    outer loop
      vertex 21.1236 1.7 16.1877
      vertex 4.00001 1.7 18
      vertex 21.28 1.7 16.2
    endloop
  endfacet
  facet normal 0 1 -0
    outer loop
      vertex 20.971 1.7 16.1511
      vertex 4.00001 1.7 18
      vertex 21.1236 1.7 16.1877
    endloop
  endfacet
  facet normal 0 1 -0
    outer loop
      vertex 20.826 1.7 16.091
      vertex 4.00001 1.7 18
      vertex 20.971 1.7 16.1511
    endloop
  endfacet
  facet normal 0 1 -0
    outer loop
      vertex 20.6922 1.7 16.009
      vertex 4.00001 1.7 18
      vertex 20.826 1.7 16.091
    endloop
  endfacet
  facet normal 0 1 -0
    outer loop
      vertex 20.5729 1.7 15.9071
      vertex 4.00001 1.7 18
      vertex 20.6922 1.7 16.009
    endloop
  endfacet
  facet normal 0 1 -0
    outer loop
      vertex 20.471 1.7 15.7878
      vertex 4.00001 1.7 18
      vertex 20.5729 1.7 15.9071
    endloop
  endfacet
  facet normal 0 1 -0
    outer loop
      vertex 20.389 1.7 15.654
      vertex 4.00001 1.7 18
      vertex 20.471 1.7 15.7878
    endloop
  endfacet
  facet normal 0 1 -0
    outer loop
      vertex 20.3289 1.7 15.509
      vertex 4.00001 1.7 18
      vertex 20.389 1.7 15.654
    endloop
  endfacet
  facet normal 0 1 -0
    outer loop
      vertex 20.2923 1.7 15.3564
      vertex 4.00001 1.7 18
      vertex 20.3289 1.7 15.509
    endloop
  endfacet
  facet normal 0 1 -0
    outer loop
      vertex 20.28 1.7 15.2
      vertex 4.00001 1.7 18
      vertex 20.2923 1.7 15.3564
    endloop
  endfacet
  facet normal 0 1 0
    outer loop
      vertex 4.00001 1.7 13
      vertex 20.28 1.7 15.2
      vertex 20.2923 1.7 15.0436
    endloop
  endfacet
  facet normal 0 1 0
    outer loop
      vertex 4.00001 1.7 13
      vertex 20.2923 1.7 15.0436
      vertex 20.3289 1.7 14.891
    endloop
  endfacet
  facet normal 0 1 0
    outer loop
      vertex 4.00001 1.7 13
      vertex 20.3289 1.7 14.891
      vertex 20.389 1.7 14.746
    endloop
  endfacet
  facet normal 0 1 0
    outer loop
      vertex 4.00001 1.7 13
      vertex 20.389 1.7 14.746
      vertex 20.471 1.7 14.6122
    endloop
  endfacet
  facet normal 0 1 0
    outer loop
      vertex 4.00001 1.7 13
      vertex 20.471 1.7 14.6122
      vertex 20.5729 1.7 14.4929
    endloop
  endfacet
  facet normal 0 1 0
    outer loop
      vertex 4.00001 1.7 13
      vertex 20.5729 1.7 14.4929
      vertex 20.6922 1.7 14.391
    endloop
  endfacet
  facet normal 0 1 0
    outer loop
      vertex 4.00001 1.7 13
      vertex 20.6922 1.7 14.391
      vertex 20.826 1.7 14.309
    endloop
  endfacet
  facet normal 0 1 0
    outer loop
      vertex 4.00001 1.7 13
      vertex 20.826 1.7 14.309
      vertex 20.971 1.7 14.2489
    endloop
  endfacet
  facet normal 0 1 0
    outer loop
      vertex 4.00001 1.7 13
      vertex 20.971 1.7 14.2489
      vertex 21.1236 1.7 14.2123
    endloop
  endfacet
  facet normal 0 1 0
    outer loop
      vertex 20.28 1.7 15.2
      vertex 4.00001 1.7 13
      vertex 4.00001 1.7 18
    endloop
  endfacet
  facet normal 0 1 0
    outer loop
      vertex 21.28 1.7 14.2
      vertex 4.00001 1.7 13
      vertex 21.1236 1.7 14.2123
    endloop
  endfacet
  facet normal 0 1 0
    outer loop
      vertex 4.00001 1.7 13
      vertex 21.28 1.7 14.2
      vertex 72 1.7 13
    endloop
  endfacet
  facet normal 0.760337 -0.649529 -3.10186e-18
    outer loop
      vertex 2.13926 58.3519 18
      vertex 2.37367 58.6263 13
      vertex 2.37367 58.6263 18
    endloop
  endfacet
  facet normal 0.760337 -0.649529 -3.10186e-18
    outer loop
      vertex 2.37367 58.6263 13
      vertex 2.13926 58.3519 18
      vertex 2.13926 58.3519 13
    endloop
  endfacet
  facet normal -0.852589 -0.522582 -1.81188e-18
    outer loop
      vertex 74.0493 58.0442 13
      vertex 73.8607 58.3519 18
      vertex 73.8607 58.3519 13
    endloop
  endfacet
  facet normal -0.852589 -0.522582 -1.81188e-18
    outer loop
      vertex 73.8607 58.3519 18
      vertex 74.0493 58.0442 13
      vertex 74.0493 58.0442 18
    endloop
  endfacet
  facet normal 0.996917 0.0784677 2.98528e-19
    outer loop
      vertex 1.72833 3.64019 18
      vertex 1.70001 3.99999 13
      vertex 1.70001 3.99999 18
    endloop
  endfacet
  facet normal 0.996917 0.0784677 2.98528e-19
    outer loop
      vertex 1.70001 3.99999 13
      vertex 1.72833 3.64019 18
      vertex 1.72833 3.64019 13
    endloop
  endfacet
  facet normal 0.923865 0.382718 -9.16223e-19
    outer loop
      vertex 1.9507 2.95581 18
      vertex 1.81257 3.28925 13
      vertex 1.81257 3.28925 18
    endloop
  endfacet
  facet normal 0.923865 0.382718 -9.16223e-19
    outer loop
      vertex 1.81257 3.28925 13
      vertex 1.9507 2.95581 18
      vertex 1.9507 2.95581 13
    endloop
  endfacet
  facet normal 0.522517 0.852629 -0
    outer loop
      vertex 2.95582 1.95067 13
      vertex 2.6481 2.13925 18
      vertex 2.95582 1.95067 18
    endloop
  endfacet
  facet normal 0.522517 0.852629 0
    outer loop
      vertex 2.6481 2.13925 18
      vertex 2.95582 1.95067 13
      vertex 2.6481 2.13925 13
    endloop
  endfacet
  facet normal -0.0784126 0.996921 0
    outer loop
      vertex 72.3598 1.7283 13
      vertex 72 1.7 18
      vertex 72.3598 1.7283 18
    endloop
  endfacet
  facet normal -0.0784126 0.996921 0
    outer loop
      vertex 72 1.7 18
      vertex 72.3598 1.7283 13
      vertex 72 1.7 13
    endloop
  endfacet
  facet normal 0.972372 -0.233436 -8.44052e-19
    outer loop
      vertex 1.72833 57.3598 18
      vertex 1.81257 57.7107 13
      vertex 1.81257 57.7107 18
    endloop
  endfacet
  facet normal 0.972372 -0.233436 -8.44052e-19
    outer loop
      vertex 1.81257 57.7107 13
      vertex 1.72833 57.3598 18
      vertex 1.72833 57.3598 13
    endloop
  endfacet
  facet normal 0.649471 -0.760386 0
    outer loop
      vertex 2.37367 58.6263 13
      vertex 2.6481 58.8607 18
      vertex 2.37367 58.6263 18
    endloop
  endfacet
  facet normal 0.649471 -0.760386 0
    outer loop
      vertex 2.6481 58.8607 18
      vertex 2.37367 58.6263 13
      vertex 2.6481 58.8607 13
    endloop
  endfacet
  facet normal 0.522557 -0.852604 0
    outer loop
      vertex 2.6481 58.8607 13
      vertex 2.95582 59.0493 18
      vertex 2.6481 58.8607 18
    endloop
  endfacet
  facet normal 0.522557 -0.852604 0
    outer loop
      vertex 2.95582 59.0493 18
      vertex 2.6481 58.8607 13
      vertex 2.95582 59.0493 13
    endloop
  endfacet
  facet normal 0.233568 -0.972341 0
    outer loop
      vertex 3.28927 59.1874 13
      vertex 3.64021 59.2717 18
      vertex 3.28927 59.1874 18
    endloop
  endfacet
  facet normal 0.233568 -0.972341 0
    outer loop
      vertex 3.64021 59.2717 18
      vertex 3.28927 59.1874 13
      vertex 3.64021 59.2717 13
    endloop
  endfacet
  facet normal 0.382637 -0.923899 0
    outer loop
      vertex 2.95582 59.0493 13
      vertex 3.28927 59.1874 18
      vertex 2.95582 59.0493 18
    endloop
  endfacet
  facet normal 0.382637 -0.923899 0
    outer loop
      vertex 3.28927 59.1874 18
      vertex 2.95582 59.0493 13
      vertex 3.28927 59.1874 13
    endloop
  endfacet
  facet normal -0.23353 -0.97235 0
    outer loop
      vertex 72.3598 59.2717 13
      vertex 72.7108 59.1874 18
      vertex 72.3598 59.2717 18
    endloop
  endfacet
  facet normal -0.23353 -0.97235 -0
    outer loop
      vertex 72.7108 59.1874 18
      vertex 72.3598 59.2717 13
      vertex 72.7108 59.1874 13
    endloop
  endfacet
  facet normal -0.382686 -0.923878 0
    outer loop
      vertex 72.7108 59.1874 13
      vertex 73.0442 59.0493 18
      vertex 72.7108 59.1874 18
    endloop
  endfacet
  facet normal -0.382686 -0.923878 -0
    outer loop
      vertex 73.0442 59.0493 18
      vertex 72.7108 59.1874 13
      vertex 73.0442 59.0493 13
    endloop
  endfacet
  facet normal -0.760488 -0.649352 -2.14093e-18
    outer loop
      vertex 73.8607 58.3519 13
      vertex 73.6264 58.6263 18
      vertex 73.6264 58.6263 13
    endloop
  endfacet
  facet normal -0.760488 -0.649352 -2.14093e-18
    outer loop
      vertex 73.6264 58.6263 18
      vertex 73.8607 58.3519 13
      vertex 73.8607 58.3519 18
    endloop
  endfacet
  facet normal -0.649376 -0.760468 0
    outer loop
      vertex 73.3519 58.8607 13
      vertex 73.6264 58.6263 18
      vertex 73.3519 58.8607 18
    endloop
  endfacet
  facet normal -0.649376 -0.760468 -0
    outer loop
      vertex 73.6264 58.6263 18
      vertex 73.3519 58.8607 13
      vertex 73.6264 58.6263 13
    endloop
  endfacet
  facet normal -0.923919 -0.382588 -3.69824e-19
    outer loop
      vertex 74.1874 57.7107 13
      vertex 74.0493 58.0442 18
      vertex 74.0493 58.0442 13
    endloop
  endfacet
  facet normal -0.923919 -0.382588 -3.69824e-19
    outer loop
      vertex 74.0493 58.0442 18
      vertex 74.1874 57.7107 13
      vertex 74.1874 57.7107 18
    endloop
  endfacet
  facet normal -0.972334 -0.233593 3.46433e-19
    outer loop
      vertex 74.2717 57.3598 13
      vertex 74.1874 57.7107 18
      vertex 74.1874 57.7107 13
    endloop
  endfacet
  facet normal -0.972334 -0.233593 3.46433e-19
    outer loop
      vertex 74.1874 57.7107 18
      vertex 74.2717 57.3598 13
      vertex 74.2717 57.3598 18
    endloop
  endfacet
  facet normal 0.852654 0.522476 9.40687e-19
    outer loop
      vertex 2.13926 2.64809 18
      vertex 1.9507 2.95581 13
      vertex 1.9507 2.95581 18
    endloop
  endfacet
  facet normal 0.852654 0.522476 9.40687e-19
    outer loop
      vertex 1.9507 2.95581 13
      vertex 2.13926 2.64809 18
      vertex 2.13926 2.64809 13
    endloop
  endfacet
  facet normal 0.649455 0.7604 -0
    outer loop
      vertex 2.6481 2.13925 13
      vertex 2.37367 2.37364 18
      vertex 2.6481 2.13925 18
    endloop
  endfacet
  facet normal 0.649455 0.7604 0
    outer loop
      vertex 2.37367 2.37364 18
      vertex 2.6481 2.13925 13
      vertex 2.37367 2.37364 13
    endloop
  endfacet
  facet normal 0.760396 0.64946 -2.36558e-19
    outer loop
      vertex 2.37367 2.37364 18
      vertex 2.13926 2.64809 13
      vertex 2.13926 2.64809 18
    endloop
  endfacet
  facet normal 0.760396 0.64946 -2.36558e-19
    outer loop
      vertex 2.13926 2.64809 13
      vertex 2.37367 2.37364 18
      vertex 2.37367 2.37364 13
    endloop
  endfacet
  facet normal 0.972378 0.233411 2.5347e-19
    outer loop
      vertex 1.81257 3.28925 18
      vertex 1.72833 3.64019 13
      vertex 1.72833 3.64019 18
    endloop
  endfacet
  facet normal 0.972378 0.233411 2.5347e-19
    outer loop
      vertex 1.72833 3.64019 13
      vertex 1.81257 3.28925 18
      vertex 1.81257 3.28925 13
    endloop
  endfacet
  facet normal 0.233463 0.972366 -0
    outer loop
      vertex 3.64021 1.7283 13
      vertex 3.28927 1.81256 18
      vertex 3.64021 1.7283 18
    endloop
  endfacet
  facet normal 0.233463 0.972366 0
    outer loop
      vertex 3.28927 1.81256 18
      vertex 3.64021 1.7283 13
      vertex 3.28927 1.81256 13
    endloop
  endfacet
  facet normal 0.0784126 0.996921 -0
    outer loop
      vertex 4.00001 1.7 13
      vertex 3.64021 1.7283 18
      vertex 4.00001 1.7 18
    endloop
  endfacet
  facet normal 0.0784126 0.996921 0
    outer loop
      vertex 3.64021 1.7283 18
      vertex 4.00001 1.7 13
      vertex 3.64021 1.7283 13
    endloop
  endfacet
  facet normal 0.382661 0.923889 -0
    outer loop
      vertex 3.28927 1.81256 13
      vertex 2.95582 1.95067 18
      vertex 3.28927 1.81256 18
    endloop
  endfacet
  facet normal 0.382661 0.923889 0
    outer loop
      vertex 2.95582 1.95067 18
      vertex 3.28927 1.81256 13
      vertex 2.95582 1.95067 13
    endloop
  endfacet
  facet normal -0.38271 0.923869 0
    outer loop
      vertex 73.0442 1.95067 13
      vertex 72.7108 1.81256 18
      vertex 73.0442 1.95067 18
    endloop
  endfacet
  facet normal -0.38271 0.923869 0
    outer loop
      vertex 72.7108 1.81256 18
      vertex 73.0442 1.95067 13
      vertex 72.7108 1.81256 13
    endloop
  endfacet
  facet normal -0.522541 0.852614 0
    outer loop
      vertex 73.3519 2.13925 13
      vertex 73.0442 1.95067 18
      vertex 73.3519 2.13925 18
    endloop
  endfacet
  facet normal -0.522541 0.852614 0
    outer loop
      vertex 73.0442 1.95067 18
      vertex 73.3519 2.13925 13
      vertex 73.0442 1.95067 13
    endloop
  endfacet
  facet normal -0.233425 0.972375 0
    outer loop
      vertex 72.7108 1.81256 13
      vertex 72.3598 1.7283 18
      vertex 72.7108 1.81256 18
    endloop
  endfacet
  facet normal -0.233425 0.972375 0
    outer loop
      vertex 72.3598 1.7283 18
      vertex 72.7108 1.81256 13
      vertex 72.3598 1.7283 13
    endloop
  endfacet
  facet normal -0.760546 0.649284 -3.49273e-19
    outer loop
      vertex 73.6264 2.37364 13
      vertex 73.8607 2.64809 18
      vertex 73.8607 2.64809 13
    endloop
  endfacet
  facet normal -0.760546 0.649284 -3.49273e-19
    outer loop
      vertex 73.8607 2.64809 18
      vertex 73.6264 2.37364 13
      vertex 73.6264 2.37364 18
    endloop
  endfacet
  facet normal -0.64936 0.760481 0
    outer loop
      vertex 73.6264 2.37364 13
      vertex 73.3519 2.13925 18
      vertex 73.6264 2.37364 18
    endloop
  endfacet
  facet normal -0.64936 0.760481 0
    outer loop
      vertex 73.3519 2.13925 18
      vertex 73.6264 2.37364 13
      vertex 73.3519 2.13925 13
    endloop
  endfacet
  facet normal -0.923895 0.382647 -6.30862e-19
    outer loop
      vertex 74.0493 2.95581 13
      vertex 74.1874 3.28925 18
      vertex 74.1874 3.28925 13
    endloop
  endfacet
  facet normal -0.923895 0.382647 -6.30862e-19
    outer loop
      vertex 74.1874 3.28925 18
      vertex 74.0493 2.95581 13
      vertex 74.0493 2.95581 18
    endloop
  endfacet
  facet normal 0.852639 -0.522501 1.43645e-18
    outer loop
      vertex 1.9507 58.0442 18
      vertex 2.13926 58.3519 13
      vertex 2.13926 58.3519 18
    endloop
  endfacet
  facet normal 0.852639 -0.522501 1.43645e-18
    outer loop
      vertex 2.13926 58.3519 13
      vertex 1.9507 58.0442 18
      vertex 1.9507 58.0442 13
    endloop
  endfacet
  facet normal 0.92389 -0.382659 -2.32775e-19
    outer loop
      vertex 1.81257 57.7107 18
      vertex 1.9507 58.0442 13
      vertex 1.9507 58.0442 18
    endloop
  endfacet
  facet normal 0.92389 -0.382659 -2.32775e-19
    outer loop
      vertex 1.9507 58.0442 13
      vertex 1.81257 57.7107 18
      vertex 1.81257 57.7107 13
    endloop
  endfacet
  facet normal -0.0784126 -0.996921 0
    outer loop
      vertex 72 59.3 13
      vertex 72.3598 59.2717 18
      vertex 72 59.3 18
    endloop
  endfacet
  facet normal -0.0784126 -0.996921 -0
    outer loop
      vertex 72.3598 59.2717 18
      vertex 72 59.3 13
      vertex 72.3598 59.2717 13
    endloop
  endfacet
  facet normal -0.852604 0.522557 1.50764e-18
    outer loop
      vertex 73.8607 2.64809 13
      vertex 74.0493 2.95581 18
      vertex 74.0493 2.95581 13
    endloop
  endfacet
  facet normal -0.852604 0.522557 1.50764e-18
    outer loop
      vertex 74.0493 2.95581 18
      vertex 73.8607 2.64809 13
      vertex 73.8607 2.64809 18
    endloop
  endfacet
  facet normal -1 0 0
    outer loop
      vertex 63.6 10.9 0
      vertex 63.6 50.1 2
      vertex 63.6 50.1 0
    endloop
  endfacet
  facet normal -1 -0 0
    outer loop
      vertex 63.6 50.1 2
      vertex 63.6 10.9 0
      vertex 63.6 10.9 2
    endloop
  endfacet
  facet normal 1 -0 0
    outer loop
      vertex 12.4 10.9 2
      vertex 12.4 50.1 0
      vertex 12.4 50.1 2
    endloop
  endfacet
  facet normal 1 0 0
    outer loop
      vertex 12.4 50.1 0
      vertex 12.4 10.9 2
      vertex 12.4 10.9 0
    endloop
  endfacet
  facet normal 0 1 -0
    outer loop
      vertex 63.6 10.9 0
      vertex 12.4 10.9 2
      vertex 63.6 10.9 2
    endloop
  endfacet
  facet normal 0 1 0
    outer loop
      vertex 12.4 10.9 2
      vertex 63.6 10.9 0
      vertex 12.4 10.9 0
    endloop
  endfacet
  facet normal 0 -1 0
    outer loop
      vertex 12.4 50.1 0
      vertex 63.6 50.1 2
      vertex 12.4 50.1 2
    endloop
  endfacet
  facet normal 0 -1 -0
    outer loop
      vertex 63.6 50.1 2
      vertex 12.4 50.1 0
      vertex 63.6 50.1 0
    endloop
  endfacet
  facet normal -0.996922 0 -0.0784024
    outer loop
      vertex 53.7323 1.7 15.0436
      vertex 53.72 2.3 15.2
      vertex 53.7323 2.3 15.0436
    endloop
  endfacet
  facet normal -0.996922 -0 -0.0784024
    outer loop
      vertex 53.72 2.3 15.2
      vertex 53.7323 1.7 15.0436
      vertex 53.72 1.7 15.2
    endloop
  endfacet
  facet normal -0.972422 0 -0.233228
    outer loop
      vertex 53.7689 1.7 14.891
      vertex 53.7323 2.3 15.0436
      vertex 53.7689 2.3 14.891
    endloop
  endfacet
  facet normal -0.972422 -0 -0.233228
    outer loop
      vertex 53.7323 2.3 15.0436
      vertex 53.7689 1.7 14.891
      vertex 53.7323 1.7 15.0436
    endloop
  endfacet
  facet normal 0.0784024 2.24964e-21 -0.996922
    outer loop
      vertex 54.72 1.7 14.2
      vertex 54.8764 2.3 14.2123
      vertex 54.8764 1.7 14.2123
    endloop
  endfacet
  facet normal 0.0784024 2.24964e-21 -0.996922
    outer loop
      vertex 54.8764 2.3 14.2123
      vertex 54.72 1.7 14.2
      vertex 54.72 2.3 14.2
    endloop
  endfacet
  facet normal -0.649478 -6.91936e-18 -0.76038
    outer loop
      vertex 54.0129 1.7 14.4929
      vertex 54.1322 2.3 14.391
      vertex 54.1322 1.7 14.391
    endloop
  endfacet
  facet normal -0.649478 -6.91936e-18 -0.76038
    outer loop
      vertex 54.1322 2.3 14.391
      vertex 54.0129 1.7 14.4929
      vertex 54.0129 2.3 14.4929
    endloop
  endfacet
  facet normal 0.76038 0 -0.649478
    outer loop
      vertex 55.529 1.7 14.6122
      vertex 55.4271 2.3 14.4929
      vertex 55.529 2.3 14.6122
    endloop
  endfacet
  facet normal 0.76038 0 -0.649478
    outer loop
      vertex 55.4271 2.3 14.4929
      vertex 55.529 1.7 14.6122
      vertex 55.4271 1.7 14.4929
    endloop
  endfacet
  facet normal 0.522532 -5.38859e-18 -0.85262
    outer loop
      vertex 55.174 1.7 14.309
      vertex 55.3078 2.3 14.391
      vertex 55.3078 1.7 14.391
    endloop
  endfacet
  facet normal 0.522532 -5.38859e-18 -0.85262
    outer loop
      vertex 55.3078 2.3 14.391
      vertex 55.174 1.7 14.309
      vertex 55.174 2.3 14.309
    endloop
  endfacet
  facet normal -0.233228 -3.45446e-18 -0.972422
    outer loop
      vertex 54.411 1.7 14.2489
      vertex 54.5636 2.3 14.2123
      vertex 54.5636 1.7 14.2123
    endloop
  endfacet
  facet normal -0.233228 -3.45446e-18 -0.972422
    outer loop
      vertex 54.5636 2.3 14.2123
      vertex 54.411 1.7 14.2489
      vertex 54.411 2.3 14.2489
    endloop
  endfacet
  facet normal -0.382896 -1.57396e-18 -0.923792
    outer loop
      vertex 54.266 1.7 14.309
      vertex 54.411 2.3 14.2489
      vertex 54.411 1.7 14.2489
    endloop
  endfacet
  facet normal -0.382896 -1.57396e-18 -0.923792
    outer loop
      vertex 54.411 2.3 14.2489
      vertex 54.266 1.7 14.309
      vertex 54.266 2.3 14.309
    endloop
  endfacet
  facet normal 0.972422 0 -0.233228
    outer loop
      vertex 55.7077 1.7 15.0436
      vertex 55.6711 2.3 14.891
      vertex 55.7077 2.3 15.0436
    endloop
  endfacet
  facet normal 0.972422 0 -0.233228
    outer loop
      vertex 55.6711 2.3 14.891
      vertex 55.7077 1.7 15.0436
      vertex 55.6711 1.7 14.891
    endloop
  endfacet
  facet normal 0 1 0
    outer loop
      vertex 54.8764 2.3 16.1877
      vertex 54.5636 2.3 16.1877
      vertex 54.72 2.3 16.2
    endloop
  endfacet
  facet normal 0 1 0
    outer loop
      vertex 55.029 2.3 16.1511
      vertex 54.5636 2.3 16.1877
      vertex 54.8764 2.3 16.1877
    endloop
  endfacet
  facet normal 0 1 0
    outer loop
      vertex 55.029 2.3 16.1511
      vertex 54.411 2.3 16.1511
      vertex 54.5636 2.3 16.1877
    endloop
  endfacet
  facet normal 0 1 0
    outer loop
      vertex 55.174 2.3 16.091
      vertex 54.411 2.3 16.1511
      vertex 55.029 2.3 16.1511
    endloop
  endfacet
  facet normal 0 1 0
    outer loop
      vertex 55.174 2.3 16.091
      vertex 54.266 2.3 16.091
      vertex 54.411 2.3 16.1511
    endloop
  endfacet
  facet normal 0 1 0
    outer loop
      vertex 55.3078 2.3 16.009
      vertex 54.266 2.3 16.091
      vertex 55.174 2.3 16.091
    endloop
  endfacet
  facet normal 0 1 0
    outer loop
      vertex 55.3078 2.3 16.009
      vertex 54.1322 2.3 16.009
      vertex 54.266 2.3 16.091
    endloop
  endfacet
  facet normal 0 1 0
    outer loop
      vertex 55.4271 2.3 15.9071
      vertex 54.1322 2.3 16.009
      vertex 55.3078 2.3 16.009
    endloop
  endfacet
  facet normal 0 1 0
    outer loop
      vertex 55.4271 2.3 15.9071
      vertex 54.0129 2.3 15.9071
      vertex 54.1322 2.3 16.009
    endloop
  endfacet
  facet normal 0 1 0
    outer loop
      vertex 55.529 2.3 15.7878
      vertex 54.0129 2.3 15.9071
      vertex 55.4271 2.3 15.9071
    endloop
  endfacet
  facet normal 0 1 0
    outer loop
      vertex 55.529 2.3 15.7878
      vertex 53.911 2.3 15.7878
      vertex 54.0129 2.3 15.9071
    endloop
  endfacet
  facet normal 0 1 0
    outer loop
      vertex 55.611 2.3 15.654
      vertex 53.911 2.3 15.7878
      vertex 55.529 2.3 15.7878
    endloop
  endfacet
  facet normal 0 1 0
    outer loop
      vertex 55.611 2.3 15.654
      vertex 53.829 2.3 15.654
      vertex 53.911 2.3 15.7878
    endloop
  endfacet
  facet normal 0 1 0
    outer loop
      vertex 55.6711 2.3 15.509
      vertex 53.829 2.3 15.654
      vertex 55.611 2.3 15.654
    endloop
  endfacet
  facet normal 0 1 0
    outer loop
      vertex 55.6711 2.3 15.509
      vertex 53.7689 2.3 15.509
      vertex 53.829 2.3 15.654
    endloop
  endfacet
  facet normal 0 1 0
    outer loop
      vertex 55.7077 2.3 15.3564
      vertex 53.7689 2.3 15.509
      vertex 55.6711 2.3 15.509
    endloop
  endfacet
  facet normal 0 1 0
    outer loop
      vertex 55.7077 2.3 15.3564
      vertex 53.7323 2.3 15.3564
      vertex 53.7689 2.3 15.509
    endloop
  endfacet
  facet normal 0 1 0
    outer loop
      vertex 55.72 2.3 15.2
      vertex 53.7323 2.3 15.3564
      vertex 55.7077 2.3 15.3564
    endloop
  endfacet
  facet normal 0 1 0
    outer loop
      vertex 55.72 2.3 15.2
      vertex 53.72 2.3 15.2
      vertex 53.7323 2.3 15.3564
    endloop
  endfacet
  facet normal 0 1 -0
    outer loop
      vertex 55.7077 2.3 15.0436
      vertex 53.72 2.3 15.2
      vertex 55.72 2.3 15.2
    endloop
  endfacet
  facet normal 0 1 0
    outer loop
      vertex 55.7077 2.3 15.0436
      vertex 53.7323 2.3 15.0436
      vertex 53.72 2.3 15.2
    endloop
  endfacet
  facet normal 0 1 -0
    outer loop
      vertex 55.6711 2.3 14.891
      vertex 53.7323 2.3 15.0436
      vertex 55.7077 2.3 15.0436
    endloop
  endfacet
  facet normal 0 1 0
    outer loop
      vertex 55.6711 2.3 14.891
      vertex 53.7689 2.3 14.891
      vertex 53.7323 2.3 15.0436
    endloop
  endfacet
  facet normal 0 1 -0
    outer loop
      vertex 55.611 2.3 14.746
      vertex 53.7689 2.3 14.891
      vertex 55.6711 2.3 14.891
    endloop
  endfacet
  facet normal 0 1 0
    outer loop
      vertex 55.611 2.3 14.746
      vertex 53.829 2.3 14.746
      vertex 53.7689 2.3 14.891
    endloop
  endfacet
  facet normal 0 1 -0
    outer loop
      vertex 55.529 2.3 14.6122
      vertex 53.829 2.3 14.746
      vertex 55.611 2.3 14.746
    endloop
  endfacet
  facet normal 0 1 0
    outer loop
      vertex 55.529 2.3 14.6122
      vertex 53.911 2.3 14.6122
      vertex 53.829 2.3 14.746
    endloop
  endfacet
  facet normal 0 1 -0
    outer loop
      vertex 55.4271 2.3 14.4929
      vertex 53.911 2.3 14.6122
      vertex 55.529 2.3 14.6122
    endloop
  endfacet
  facet normal 0 1 0
    outer loop
      vertex 55.4271 2.3 14.4929
      vertex 54.0129 2.3 14.4929
      vertex 53.911 2.3 14.6122
    endloop
  endfacet
  facet normal 0 1 -0
    outer loop
      vertex 55.3078 2.3 14.391
      vertex 54.0129 2.3 14.4929
      vertex 55.4271 2.3 14.4929
    endloop
  endfacet
  facet normal 0 1 0
    outer loop
      vertex 55.3078 2.3 14.391
      vertex 54.1322 2.3 14.391
      vertex 54.0129 2.3 14.4929
    endloop
  endfacet
  facet normal 0 1 -0
    outer loop
      vertex 55.174 2.3 14.309
      vertex 54.1322 2.3 14.391
      vertex 55.3078 2.3 14.391
    endloop
  endfacet
  facet normal 0 1 0
    outer loop
      vertex 55.174 2.3 14.309
      vertex 54.266 2.3 14.309
      vertex 54.1322 2.3 14.391
    endloop
  endfacet
  facet normal 0 1 -0
    outer loop
      vertex 55.029 2.3 14.2489
      vertex 54.266 2.3 14.309
      vertex 55.174 2.3 14.309
    endloop
  endfacet
  facet normal 0 1 0
    outer loop
      vertex 55.029 2.3 14.2489
      vertex 54.411 2.3 14.2489
      vertex 54.266 2.3 14.309
    endloop
  endfacet
  facet normal 0 1 -0
    outer loop
      vertex 54.8764 2.3 14.2123
      vertex 54.411 2.3 14.2489
      vertex 55.029 2.3 14.2489
    endloop
  endfacet
  facet normal 0 1 0
    outer loop
      vertex 54.8764 2.3 14.2123
      vertex 54.5636 2.3 14.2123
      vertex 54.411 2.3 14.2489
    endloop
  endfacet
  facet normal -0 1 0
    outer loop
      vertex 54.5636 2.3 14.2123
      vertex 54.8764 2.3 14.2123
      vertex 54.72 2.3 14.2
    endloop
  endfacet
  facet normal 0.85262 0 -0.522532
    outer loop
      vertex 55.611 1.7 14.746
      vertex 55.529 2.3 14.6122
      vertex 55.611 2.3 14.746
    endloop
  endfacet
  facet normal 0.85262 0 -0.522532
    outer loop
      vertex 55.529 2.3 14.6122
      vertex 55.611 1.7 14.746
      vertex 55.529 1.7 14.6122
    endloop
  endfacet
  facet normal 0.382896 4.69489e-18 -0.923792
    outer loop
      vertex 55.029 1.7 14.2489
      vertex 55.174 2.3 14.309
      vertex 55.174 1.7 14.309
    endloop
  endfacet
  facet normal 0.382896 4.69489e-18 -0.923792
    outer loop
      vertex 55.174 2.3 14.309
      vertex 55.029 1.7 14.2489
      vertex 55.029 2.3 14.2489
    endloop
  endfacet
  facet normal -0.233228 3.45446e-18 0.972422
    outer loop
      vertex 54.411 2.3 16.1511
      vertex 54.5636 1.7 16.1877
      vertex 54.5636 2.3 16.1877
    endloop
  endfacet
  facet normal -0.233228 3.45446e-18 0.972422
    outer loop
      vertex 54.5636 1.7 16.1877
      vertex 54.411 2.3 16.1511
      vertex 54.411 1.7 16.1511
    endloop
  endfacet
  facet normal -0.76038 0 -0.649478
    outer loop
      vertex 54.0129 1.7 14.4929
      vertex 53.911 2.3 14.6122
      vertex 54.0129 2.3 14.4929
    endloop
  endfacet
  facet normal -0.76038 -0 -0.649478
    outer loop
      vertex 53.911 2.3 14.6122
      vertex 54.0129 1.7 14.4929
      vertex 53.911 1.7 14.6122
    endloop
  endfacet
  facet normal -0.0784024 -2.24964e-21 -0.996922
    outer loop
      vertex 54.5636 1.7 14.2123
      vertex 54.72 2.3 14.2
      vertex 54.72 1.7 14.2
    endloop
  endfacet
  facet normal -0.0784024 -2.24964e-21 -0.996922
    outer loop
      vertex 54.72 2.3 14.2
      vertex 54.5636 1.7 14.2123
      vertex 54.5636 2.3 14.2123
    endloop
  endfacet
  facet normal -0.522532 5.38859e-18 -0.85262
    outer loop
      vertex 54.1322 1.7 14.391
      vertex 54.266 2.3 14.309
      vertex 54.266 1.7 14.309
    endloop
  endfacet
  facet normal -0.522532 5.38859e-18 -0.85262
    outer loop
      vertex 54.266 2.3 14.309
      vertex 54.1322 1.7 14.391
      vertex 54.1322 2.3 14.391
    endloop
  endfacet
  facet normal 0.996922 0 -0.0784024
    outer loop
      vertex 55.72 1.7 15.2
      vertex 55.7077 2.3 15.0436
      vertex 55.72 2.3 15.2
    endloop
  endfacet
  facet normal 0.996922 0 -0.0784024
    outer loop
      vertex 55.7077 2.3 15.0436
      vertex 55.72 1.7 15.2
      vertex 55.7077 1.7 15.0436
    endloop
  endfacet
  facet normal 0.996922 -0 0.0784024
    outer loop
      vertex 55.7077 1.7 15.3564
      vertex 55.72 2.3 15.2
      vertex 55.7077 2.3 15.3564
    endloop
  endfacet
  facet normal 0.996922 0 0.0784024
    outer loop
      vertex 55.72 2.3 15.2
      vertex 55.7077 1.7 15.3564
      vertex 55.72 1.7 15.2
    endloop
  endfacet
  facet normal 0.649478 -1.2597e-19 -0.76038
    outer loop
      vertex 55.3078 1.7 14.391
      vertex 55.4271 2.3 14.4929
      vertex 55.4271 1.7 14.4929
    endloop
  endfacet
  facet normal 0.649478 -1.2597e-19 -0.76038
    outer loop
      vertex 55.4271 2.3 14.4929
      vertex 55.3078 1.7 14.391
      vertex 55.3078 2.3 14.391
    endloop
  endfacet
  facet normal 0.233228 -4.16515e-18 -0.972422
    outer loop
      vertex 54.8764 1.7 14.2123
      vertex 55.029 2.3 14.2489
      vertex 55.029 1.7 14.2489
    endloop
  endfacet
  facet normal 0.233228 -4.16515e-18 -0.972422
    outer loop
      vertex 55.029 2.3 14.2489
      vertex 54.8764 1.7 14.2123
      vertex 54.8764 2.3 14.2123
    endloop
  endfacet
  facet normal -0.649478 6.91936e-18 0.76038
    outer loop
      vertex 54.0129 2.3 15.9071
      vertex 54.1322 1.7 16.009
      vertex 54.1322 2.3 16.009
    endloop
  endfacet
  facet normal -0.649478 6.91936e-18 0.76038
    outer loop
      vertex 54.1322 1.7 16.009
      vertex 54.0129 2.3 15.9071
      vertex 54.0129 1.7 15.9071
    endloop
  endfacet
  facet normal 0.76038 -0 0.649478
    outer loop
      vertex 55.4271 1.7 15.9071
      vertex 55.529 2.3 15.7878
      vertex 55.4271 2.3 15.9071
    endloop
  endfacet
  facet normal 0.76038 0 0.649478
    outer loop
      vertex 55.529 2.3 15.7878
      vertex 55.4271 1.7 15.9071
      vertex 55.529 1.7 15.7878
    endloop
  endfacet
  facet normal 0.649478 1.2597e-19 0.76038
    outer loop
      vertex 55.3078 2.3 16.009
      vertex 55.4271 1.7 15.9071
      vertex 55.4271 2.3 15.9071
    endloop
  endfacet
  facet normal 0.649478 1.2597e-19 0.76038
    outer loop
      vertex 55.4271 1.7 15.9071
      vertex 55.3078 2.3 16.009
      vertex 55.3078 1.7 16.009
    endloop
  endfacet
  facet normal 0.972422 -0 0.233228
    outer loop
      vertex 55.6711 1.7 15.509
      vertex 55.7077 2.3 15.3564
      vertex 55.6711 2.3 15.509
    endloop
  endfacet
  facet normal 0.972422 0 0.233228
    outer loop
      vertex 55.7077 2.3 15.3564
      vertex 55.6711 1.7 15.509
      vertex 55.7077 1.7 15.3564
    endloop
  endfacet
  facet normal -0.0784024 5.29791e-19 0.996922
    outer loop
      vertex 54.5636 2.3 16.1877
      vertex 54.72 1.7 16.2
      vertex 54.72 2.3 16.2
    endloop
  endfacet
  facet normal -0.0784024 5.29791e-19 0.996922
    outer loop
      vertex 54.72 1.7 16.2
      vertex 54.5636 2.3 16.1877
      vertex 54.5636 1.7 16.1877
    endloop
  endfacet
  facet normal -0.923792 0 -0.382896
    outer loop
      vertex 53.829 1.7 14.746
      vertex 53.7689 2.3 14.891
      vertex 53.829 2.3 14.746
    endloop
  endfacet
  facet normal -0.923792 -0 -0.382896
    outer loop
      vertex 53.7689 2.3 14.891
      vertex 53.829 1.7 14.746
      vertex 53.7689 1.7 14.891
    endloop
  endfacet
  facet normal -0.85262 0 -0.522532
    outer loop
      vertex 53.911 1.7 14.6122
      vertex 53.829 2.3 14.746
      vertex 53.911 2.3 14.6122
    endloop
  endfacet
  facet normal -0.85262 -0 -0.522532
    outer loop
      vertex 53.829 2.3 14.746
      vertex 53.911 1.7 14.6122
      vertex 53.829 1.7 14.746
    endloop
  endfacet
  facet normal 0.923792 0 -0.382896
    outer loop
      vertex 55.6711 1.7 14.891
      vertex 55.611 2.3 14.746
      vertex 55.6711 2.3 14.891
    endloop
  endfacet
  facet normal 0.923792 0 -0.382896
    outer loop
      vertex 55.611 2.3 14.746
      vertex 55.6711 1.7 14.891
      vertex 55.611 1.7 14.746
    endloop
  endfacet
  facet normal -0.972422 0 0.233228
    outer loop
      vertex 53.7323 1.7 15.3564
      vertex 53.7689 2.3 15.509
      vertex 53.7323 2.3 15.3564
    endloop
  endfacet
  facet normal -0.972422 0 0.233228
    outer loop
      vertex 53.7689 2.3 15.509
      vertex 53.7323 1.7 15.3564
      vertex 53.7689 1.7 15.509
    endloop
  endfacet
  facet normal -0.996922 0 0.0784024
    outer loop
      vertex 53.72 1.7 15.2
      vertex 53.7323 2.3 15.3564
      vertex 53.72 2.3 15.2
    endloop
  endfacet
  facet normal -0.996922 0 0.0784024
    outer loop
      vertex 53.7323 2.3 15.3564
      vertex 53.72 1.7 15.2
      vertex 53.7323 1.7 15.3564
    endloop
  endfacet
  facet normal -0.85262 0 0.522532
    outer loop
      vertex 53.829 1.7 15.654
      vertex 53.911 2.3 15.7878
      vertex 53.829 2.3 15.654
    endloop
  endfacet
  facet normal -0.85262 0 0.522532
    outer loop
      vertex 53.911 2.3 15.7878
      vertex 53.829 1.7 15.654
      vertex 53.911 1.7 15.7878
    endloop
  endfacet
  facet normal -0.923792 0 0.382896
    outer loop
      vertex 53.7689 1.7 15.509
      vertex 53.829 2.3 15.654
      vertex 53.7689 2.3 15.509
    endloop
  endfacet
  facet normal -0.923792 0 0.382896
    outer loop
      vertex 53.829 2.3 15.654
      vertex 53.7689 1.7 15.509
      vertex 53.829 1.7 15.654
    endloop
  endfacet
  facet normal 0.522532 5.38859e-18 0.85262
    outer loop
      vertex 55.174 2.3 16.091
      vertex 55.3078 1.7 16.009
      vertex 55.3078 2.3 16.009
    endloop
  endfacet
  facet normal 0.522532 5.38859e-18 0.85262
    outer loop
      vertex 55.3078 1.7 16.009
      vertex 55.174 2.3 16.091
      vertex 55.174 1.7 16.091
    endloop
  endfacet
  facet normal 0.923792 -0 0.382896
    outer loop
      vertex 55.611 1.7 15.654
      vertex 55.6711 2.3 15.509
      vertex 55.611 2.3 15.654
    endloop
  endfacet
  facet normal 0.923792 0 0.382896
    outer loop
      vertex 55.6711 2.3 15.509
      vertex 55.611 1.7 15.654
      vertex 55.6711 1.7 15.509
    endloop
  endfacet
  facet normal 0.85262 -0 0.522532
    outer loop
      vertex 55.529 1.7 15.7878
      vertex 55.611 2.3 15.654
      vertex 55.529 2.3 15.7878
    endloop
  endfacet
  facet normal 0.85262 0 0.522532
    outer loop
      vertex 55.611 2.3 15.654
      vertex 55.529 1.7 15.7878
      vertex 55.611 1.7 15.654
    endloop
  endfacet
  facet normal -0.76038 0 0.649478
    outer loop
      vertex 53.911 1.7 15.7878
      vertex 54.0129 2.3 15.9071
      vertex 53.911 2.3 15.7878
    endloop
  endfacet
  facet normal -0.76038 0 0.649478
    outer loop
      vertex 54.0129 2.3 15.9071
      vertex 53.911 1.7 15.7878
      vertex 54.0129 1.7 15.9071
    endloop
  endfacet
  facet normal -0.382896 1.57396e-18 0.923792
    outer loop
      vertex 54.266 2.3 16.091
      vertex 54.411 1.7 16.1511
      vertex 54.411 2.3 16.1511
    endloop
  endfacet
  facet normal -0.382896 1.57396e-18 0.923792
    outer loop
      vertex 54.411 1.7 16.1511
      vertex 54.266 2.3 16.091
      vertex 54.266 1.7 16.091
    endloop
  endfacet
  facet normal -0.522532 -5.38859e-18 0.85262
    outer loop
      vertex 54.1322 2.3 16.009
      vertex 54.266 1.7 16.091
      vertex 54.266 2.3 16.091
    endloop
  endfacet
  facet normal -0.522532 -5.38859e-18 0.85262
    outer loop
      vertex 54.266 1.7 16.091
      vertex 54.1322 2.3 16.009
      vertex 54.1322 1.7 16.009
    endloop
  endfacet
  facet normal 0.382896 -4.69489e-18 0.923792
    outer loop
      vertex 55.029 2.3 16.1511
      vertex 55.174 1.7 16.091
      vertex 55.174 2.3 16.091
    endloop
  endfacet
  facet normal 0.382896 -4.69489e-18 0.923792
    outer loop
      vertex 55.174 1.7 16.091
      vertex 55.029 2.3 16.1511
      vertex 55.029 1.7 16.1511
    endloop
  endfacet
  facet normal 0.233228 4.16515e-18 0.972422
    outer loop
      vertex 54.8764 2.3 16.1877
      vertex 55.029 1.7 16.1511
      vertex 55.029 2.3 16.1511
    endloop
  endfacet
  facet normal 0.233228 4.16515e-18 0.972422
    outer loop
      vertex 55.029 1.7 16.1511
      vertex 54.8764 2.3 16.1877
      vertex 54.8764 1.7 16.1877
    endloop
  endfacet
  facet normal 0.0784024 -5.29791e-19 0.996922
    outer loop
      vertex 54.72 2.3 16.2
      vertex 54.8764 1.7 16.1877
      vertex 54.8764 2.3 16.1877
    endloop
  endfacet
  facet normal 0.0784024 -5.29791e-19 0.996922
    outer loop
      vertex 54.8764 1.7 16.1877
      vertex 54.72 2.3 16.2
      vertex 54.72 1.7 16.2
    endloop
  endfacet
  facet normal -0.996922 0 0.0784024
    outer loop
      vertex 53.72 58.7 15.2
      vertex 53.7323 59.3 15.3564
      vertex 53.72 59.3 15.2
    endloop
  endfacet
  facet normal -0.996922 0 0.0784024
    outer loop
      vertex 53.7323 59.3 15.3564
      vertex 53.72 58.7 15.2
      vertex 53.7323 58.7 15.3564
    endloop
  endfacet
  facet normal 0.0784024 -5.29791e-19 0.996922
    outer loop
      vertex 54.72 59.3 16.2
      vertex 54.8764 58.7 16.1877
      vertex 54.8764 59.3 16.1877
    endloop
  endfacet
  facet normal 0.0784024 -5.29791e-19 0.996922
    outer loop
      vertex 54.8764 58.7 16.1877
      vertex 54.72 59.3 16.2
      vertex 54.72 58.7 16.2
    endloop
  endfacet
  facet normal -0.649478 6.91936e-18 0.76038
    outer loop
      vertex 54.0129 59.3 15.9071
      vertex 54.1322 58.7 16.009
      vertex 54.1322 59.3 16.009
    endloop
  endfacet
  facet normal -0.649478 6.91936e-18 0.76038
    outer loop
      vertex 54.1322 58.7 16.009
      vertex 54.0129 59.3 15.9071
      vertex 54.0129 58.7 15.9071
    endloop
  endfacet
  facet normal 0.76038 -0 0.649478
    outer loop
      vertex 55.4271 58.7 15.9071
      vertex 55.529 59.3 15.7878
      vertex 55.4271 59.3 15.9071
    endloop
  endfacet
  facet normal 0.76038 0 0.649478
    outer loop
      vertex 55.529 59.3 15.7878
      vertex 55.4271 58.7 15.9071
      vertex 55.529 58.7 15.7878
    endloop
  endfacet
  facet normal 0.522532 5.38859e-18 0.85262
    outer loop
      vertex 55.174 59.3 16.091
      vertex 55.3078 58.7 16.009
      vertex 55.3078 59.3 16.009
    endloop
  endfacet
  facet normal 0.522532 5.38859e-18 0.85262
    outer loop
      vertex 55.3078 58.7 16.009
      vertex 55.174 59.3 16.091
      vertex 55.174 58.7 16.091
    endloop
  endfacet
  facet normal -0.85262 0 0.522532
    outer loop
      vertex 53.829 58.7 15.654
      vertex 53.911 59.3 15.7878
      vertex 53.829 59.3 15.654
    endloop
  endfacet
  facet normal -0.85262 0 0.522532
    outer loop
      vertex 53.911 59.3 15.7878
      vertex 53.829 58.7 15.654
      vertex 53.911 58.7 15.7878
    endloop
  endfacet
  facet normal -0.972422 0 0.233228
    outer loop
      vertex 53.7323 58.7 15.3564
      vertex 53.7689 59.3 15.509
      vertex 53.7323 59.3 15.3564
    endloop
  endfacet
  facet normal -0.972422 0 0.233228
    outer loop
      vertex 53.7689 59.3 15.509
      vertex 53.7323 58.7 15.3564
      vertex 53.7689 58.7 15.509
    endloop
  endfacet
  facet normal -0.76038 0 0.649478
    outer loop
      vertex 53.911 58.7 15.7878
      vertex 54.0129 59.3 15.9071
      vertex 53.911 59.3 15.7878
    endloop
  endfacet
  facet normal -0.76038 0 0.649478
    outer loop
      vertex 54.0129 59.3 15.9071
      vertex 53.911 58.7 15.7878
      vertex 54.0129 58.7 15.9071
    endloop
  endfacet
  facet normal -0.382896 1.57396e-18 0.923792
    outer loop
      vertex 54.266 59.3 16.091
      vertex 54.411 58.7 16.1511
      vertex 54.411 59.3 16.1511
    endloop
  endfacet
  facet normal -0.382896 1.57396e-18 0.923792
    outer loop
      vertex 54.411 58.7 16.1511
      vertex 54.266 59.3 16.091
      vertex 54.266 58.7 16.091
    endloop
  endfacet
  facet normal -0.522532 -5.38859e-18 0.85262
    outer loop
      vertex 54.1322 59.3 16.009
      vertex 54.266 58.7 16.091
      vertex 54.266 59.3 16.091
    endloop
  endfacet
  facet normal -0.522532 -5.38859e-18 0.85262
    outer loop
      vertex 54.266 58.7 16.091
      vertex 54.1322 59.3 16.009
      vertex 54.1322 58.7 16.009
    endloop
  endfacet
  facet normal 0.972422 -0 0.233228
    outer loop
      vertex 55.6711 58.7 15.509
      vertex 55.7077 59.3 15.3564
      vertex 55.6711 59.3 15.509
    endloop
  endfacet
  facet normal 0.972422 0 0.233228
    outer loop
      vertex 55.7077 59.3 15.3564
      vertex 55.6711 58.7 15.509
      vertex 55.7077 58.7 15.3564
    endloop
  endfacet
  facet normal 0 -1 0
    outer loop
      vertex 54.5636 58.7 16.1877
      vertex 54.8764 58.7 16.1877
      vertex 54.72 58.7 16.2
    endloop
  endfacet
  facet normal 0 -1 0
    outer loop
      vertex 54.411 58.7 16.1511
      vertex 54.8764 58.7 16.1877
      vertex 54.5636 58.7 16.1877
    endloop
  endfacet
  facet normal 0 -1 0
    outer loop
      vertex 54.411 58.7 16.1511
      vertex 55.029 58.7 16.1511
      vertex 54.8764 58.7 16.1877
    endloop
  endfacet
  facet normal 0 -1 0
    outer loop
      vertex 54.266 58.7 16.091
      vertex 55.029 58.7 16.1511
      vertex 54.411 58.7 16.1511
    endloop
  endfacet
  facet normal 0 -1 0
    outer loop
      vertex 54.266 58.7 16.091
      vertex 55.174 58.7 16.091
      vertex 55.029 58.7 16.1511
    endloop
  endfacet
  facet normal 0 -1 0
    outer loop
      vertex 54.1322 58.7 16.009
      vertex 55.174 58.7 16.091
      vertex 54.266 58.7 16.091
    endloop
  endfacet
  facet normal 0 -1 0
    outer loop
      vertex 54.1322 58.7 16.009
      vertex 55.3078 58.7 16.009
      vertex 55.174 58.7 16.091
    endloop
  endfacet
  facet normal 0 -1 0
    outer loop
      vertex 54.0129 58.7 15.9071
      vertex 55.3078 58.7 16.009
      vertex 54.1322 58.7 16.009
    endloop
  endfacet
  facet normal 0 -1 0
    outer loop
      vertex 54.0129 58.7 15.9071
      vertex 55.4271 58.7 15.9071
      vertex 55.3078 58.7 16.009
    endloop
  endfacet
  facet normal 0 -1 0
    outer loop
      vertex 53.911 58.7 15.7878
      vertex 55.4271 58.7 15.9071
      vertex 54.0129 58.7 15.9071
    endloop
  endfacet
  facet normal 0 -1 0
    outer loop
      vertex 53.911 58.7 15.7878
      vertex 55.529 58.7 15.7878
      vertex 55.4271 58.7 15.9071
    endloop
  endfacet
  facet normal 0 -1 0
    outer loop
      vertex 53.829 58.7 15.654
      vertex 55.529 58.7 15.7878
      vertex 53.911 58.7 15.7878
    endloop
  endfacet
  facet normal 0 -1 0
    outer loop
      vertex 53.829 58.7 15.654
      vertex 55.611 58.7 15.654
      vertex 55.529 58.7 15.7878
    endloop
  endfacet
  facet normal 0 -1 0
    outer loop
      vertex 53.7689 58.7 15.509
      vertex 55.611 58.7 15.654
      vertex 53.829 58.7 15.654
    endloop
  endfacet
  facet normal 0 -1 0
    outer loop
      vertex 53.7689 58.7 15.509
      vertex 55.6711 58.7 15.509
      vertex 55.611 58.7 15.654
    endloop
  endfacet
  facet normal 0 -1 0
    outer loop
      vertex 53.7323 58.7 15.3564
      vertex 55.6711 58.7 15.509
      vertex 53.7689 58.7 15.509
    endloop
  endfacet
  facet normal 0 -1 0
    outer loop
      vertex 53.7323 58.7 15.3564
      vertex 55.7077 58.7 15.3564
      vertex 55.6711 58.7 15.509
    endloop
  endfacet
  facet normal 0 -1 0
    outer loop
      vertex 53.72 58.7 15.2
      vertex 55.7077 58.7 15.3564
      vertex 53.7323 58.7 15.3564
    endloop
  endfacet
  facet normal 0 -1 0
    outer loop
      vertex 53.72 58.7 15.2
      vertex 55.72 58.7 15.2
      vertex 55.7077 58.7 15.3564
    endloop
  endfacet
  facet normal 0 -1 0
    outer loop
      vertex 53.7323 58.7 15.0436
      vertex 55.72 58.7 15.2
      vertex 53.72 58.7 15.2
    endloop
  endfacet
  facet normal 0 -1 0
    outer loop
      vertex 53.7323 58.7 15.0436
      vertex 55.7077 58.7 15.0436
      vertex 55.72 58.7 15.2
    endloop
  endfacet
  facet normal 0 -1 0
    outer loop
      vertex 53.7689 58.7 14.891
      vertex 55.7077 58.7 15.0436
      vertex 53.7323 58.7 15.0436
    endloop
  endfacet
  facet normal 0 -1 0
    outer loop
      vertex 53.7689 58.7 14.891
      vertex 55.6711 58.7 14.891
      vertex 55.7077 58.7 15.0436
    endloop
  endfacet
  facet normal 0 -1 0
    outer loop
      vertex 53.829 58.7 14.746
      vertex 55.6711 58.7 14.891
      vertex 53.7689 58.7 14.891
    endloop
  endfacet
  facet normal 0 -1 0
    outer loop
      vertex 53.829 58.7 14.746
      vertex 55.611 58.7 14.746
      vertex 55.6711 58.7 14.891
    endloop
  endfacet
  facet normal 0 -1 0
    outer loop
      vertex 53.911 58.7 14.6122
      vertex 55.611 58.7 14.746
      vertex 53.829 58.7 14.746
    endloop
  endfacet
  facet normal 0 -1 0
    outer loop
      vertex 53.911 58.7 14.6122
      vertex 55.529 58.7 14.6122
      vertex 55.611 58.7 14.746
    endloop
  endfacet
  facet normal 0 -1 0
    outer loop
      vertex 54.0129 58.7 14.4929
      vertex 55.529 58.7 14.6122
      vertex 53.911 58.7 14.6122
    endloop
  endfacet
  facet normal 0 -1 0
    outer loop
      vertex 54.0129 58.7 14.4929
      vertex 55.4271 58.7 14.4929
      vertex 55.529 58.7 14.6122
    endloop
  endfacet
  facet normal 0 -1 0
    outer loop
      vertex 54.1322 58.7 14.391
      vertex 55.4271 58.7 14.4929
      vertex 54.0129 58.7 14.4929
    endloop
  endfacet
  facet normal 0 -1 0
    outer loop
      vertex 54.1322 58.7 14.391
      vertex 55.3078 58.7 14.391
      vertex 55.4271 58.7 14.4929
    endloop
  endfacet
  facet normal 0 -1 0
    outer loop
      vertex 54.266 58.7 14.309
      vertex 55.3078 58.7 14.391
      vertex 54.1322 58.7 14.391
    endloop
  endfacet
  facet normal 0 -1 0
    outer loop
      vertex 54.266 58.7 14.309
      vertex 55.174 58.7 14.309
      vertex 55.3078 58.7 14.391
    endloop
  endfacet
  facet normal 0 -1 0
    outer loop
      vertex 54.411 58.7 14.2489
      vertex 55.174 58.7 14.309
      vertex 54.266 58.7 14.309
    endloop
  endfacet
  facet normal 0 -1 0
    outer loop
      vertex 54.411 58.7 14.2489
      vertex 55.029 58.7 14.2489
      vertex 55.174 58.7 14.309
    endloop
  endfacet
  facet normal 0 -1 0
    outer loop
      vertex 54.5636 58.7 14.2123
      vertex 55.029 58.7 14.2489
      vertex 54.411 58.7 14.2489
    endloop
  endfacet
  facet normal 0 -1 0
    outer loop
      vertex 54.5636 58.7 14.2123
      vertex 54.8764 58.7 14.2123
      vertex 55.029 58.7 14.2489
    endloop
  endfacet
  facet normal -0 -1 0
    outer loop
      vertex 54.8764 58.7 14.2123
      vertex 54.5636 58.7 14.2123
      vertex 54.72 58.7 14.2
    endloop
  endfacet
  facet normal 0.996922 -0 0.0784024
    outer loop
      vertex 55.7077 58.7 15.3564
      vertex 55.72 59.3 15.2
      vertex 55.7077 59.3 15.3564
    endloop
  endfacet
  facet normal 0.996922 0 0.0784024
    outer loop
      vertex 55.72 59.3 15.2
      vertex 55.7077 58.7 15.3564
      vertex 55.72 58.7 15.2
    endloop
  endfacet
  facet normal 0.649478 1.2597e-19 0.76038
    outer loop
      vertex 55.3078 59.3 16.009
      vertex 55.4271 58.7 15.9071
      vertex 55.4271 59.3 15.9071
    endloop
  endfacet
  facet normal 0.649478 1.2597e-19 0.76038
    outer loop
      vertex 55.4271 58.7 15.9071
      vertex 55.3078 59.3 16.009
      vertex 55.3078 58.7 16.009
    endloop
  endfacet
  facet normal 0.233228 4.16515e-18 0.972422
    outer loop
      vertex 54.8764 59.3 16.1877
      vertex 55.029 58.7 16.1511
      vertex 55.029 59.3 16.1511
    endloop
  endfacet
  facet normal 0.233228 4.16515e-18 0.972422
    outer loop
      vertex 55.029 58.7 16.1511
      vertex 54.8764 59.3 16.1877
      vertex 54.8764 58.7 16.1877
    endloop
  endfacet
  facet normal -0.233228 -3.45446e-18 -0.972422
    outer loop
      vertex 54.411 58.7 14.2489
      vertex 54.5636 59.3 14.2123
      vertex 54.5636 58.7 14.2123
    endloop
  endfacet
  facet normal -0.233228 -3.45446e-18 -0.972422
    outer loop
      vertex 54.5636 59.3 14.2123
      vertex 54.411 58.7 14.2489
      vertex 54.411 59.3 14.2489
    endloop
  endfacet
  facet normal -0.649478 -6.91936e-18 -0.76038
    outer loop
      vertex 54.0129 58.7 14.4929
      vertex 54.1322 59.3 14.391
      vertex 54.1322 58.7 14.391
    endloop
  endfacet
  facet normal -0.649478 -6.91936e-18 -0.76038
    outer loop
      vertex 54.1322 59.3 14.391
      vertex 54.0129 58.7 14.4929
      vertex 54.0129 59.3 14.4929
    endloop
  endfacet
  facet normal 0.233228 -4.16515e-18 -0.972422
    outer loop
      vertex 54.8764 58.7 14.2123
      vertex 55.029 59.3 14.2489
      vertex 55.029 58.7 14.2489
    endloop
  endfacet
  facet normal 0.233228 -4.16515e-18 -0.972422
    outer loop
      vertex 55.029 59.3 14.2489
      vertex 54.8764 58.7 14.2123
      vertex 54.8764 59.3 14.2123
    endloop
  endfacet
  facet normal 0.522532 -5.38859e-18 -0.85262
    outer loop
      vertex 55.174 58.7 14.309
      vertex 55.3078 59.3 14.391
      vertex 55.3078 58.7 14.391
    endloop
  endfacet
  facet normal 0.522532 -5.38859e-18 -0.85262
    outer loop
      vertex 55.3078 59.3 14.391
      vertex 55.174 58.7 14.309
      vertex 55.174 59.3 14.309
    endloop
  endfacet
  facet normal 0.0784024 2.24964e-21 -0.996922
    outer loop
      vertex 54.72 58.7 14.2
      vertex 54.8764 59.3 14.2123
      vertex 54.8764 58.7 14.2123
    endloop
  endfacet
  facet normal 0.0784024 2.24964e-21 -0.996922
    outer loop
      vertex 54.8764 59.3 14.2123
      vertex 54.72 58.7 14.2
      vertex 54.72 59.3 14.2
    endloop
  endfacet
  facet normal 0.76038 0 -0.649478
    outer loop
      vertex 55.529 58.7 14.6122
      vertex 55.4271 59.3 14.4929
      vertex 55.529 59.3 14.6122
    endloop
  endfacet
  facet normal 0.76038 0 -0.649478
    outer loop
      vertex 55.4271 59.3 14.4929
      vertex 55.529 58.7 14.6122
      vertex 55.4271 58.7 14.4929
    endloop
  endfacet
  facet normal -0.923792 0 0.382896
    outer loop
      vertex 53.7689 58.7 15.509
      vertex 53.829 59.3 15.654
      vertex 53.7689 59.3 15.509
    endloop
  endfacet
  facet normal -0.923792 0 0.382896
    outer loop
      vertex 53.829 59.3 15.654
      vertex 53.7689 58.7 15.509
      vertex 53.829 58.7 15.654
    endloop
  endfacet
  facet normal -0.233228 3.45446e-18 0.972422
    outer loop
      vertex 54.411 59.3 16.1511
      vertex 54.5636 58.7 16.1877
      vertex 54.5636 59.3 16.1877
    endloop
  endfacet
  facet normal -0.233228 3.45446e-18 0.972422
    outer loop
      vertex 54.5636 58.7 16.1877
      vertex 54.411 59.3 16.1511
      vertex 54.411 58.7 16.1511
    endloop
  endfacet
  facet normal -0.0784024 5.29791e-19 0.996922
    outer loop
      vertex 54.5636 59.3 16.1877
      vertex 54.72 58.7 16.2
      vertex 54.72 59.3 16.2
    endloop
  endfacet
  facet normal -0.0784024 5.29791e-19 0.996922
    outer loop
      vertex 54.72 58.7 16.2
      vertex 54.5636 59.3 16.1877
      vertex 54.5636 58.7 16.1877
    endloop
  endfacet
  facet normal 0.923792 -0 0.382896
    outer loop
      vertex 55.611 58.7 15.654
      vertex 55.6711 59.3 15.509
      vertex 55.611 59.3 15.654
    endloop
  endfacet
  facet normal 0.923792 0 0.382896
    outer loop
      vertex 55.6711 59.3 15.509
      vertex 55.611 58.7 15.654
      vertex 55.6711 58.7 15.509
    endloop
  endfacet
  facet normal 0.85262 -0 0.522532
    outer loop
      vertex 55.529 58.7 15.7878
      vertex 55.611 59.3 15.654
      vertex 55.529 59.3 15.7878
    endloop
  endfacet
  facet normal 0.85262 0 0.522532
    outer loop
      vertex 55.611 59.3 15.654
      vertex 55.529 58.7 15.7878
      vertex 55.611 58.7 15.654
    endloop
  endfacet
  facet normal 0.996922 0 -0.0784024
    outer loop
      vertex 55.72 58.7 15.2
      vertex 55.7077 59.3 15.0436
      vertex 55.72 59.3 15.2
    endloop
  endfacet
  facet normal 0.996922 0 -0.0784024
    outer loop
      vertex 55.7077 59.3 15.0436
      vertex 55.72 58.7 15.2
      vertex 55.7077 58.7 15.0436
    endloop
  endfacet
  facet normal 0.382896 -4.69489e-18 0.923792
    outer loop
      vertex 55.029 59.3 16.1511
      vertex 55.174 58.7 16.091
      vertex 55.174 59.3 16.091
    endloop
  endfacet
  facet normal 0.382896 -4.69489e-18 0.923792
    outer loop
      vertex 55.174 58.7 16.091
      vertex 55.029 59.3 16.1511
      vertex 55.029 58.7 16.1511
    endloop
  endfacet
  facet normal -0.996922 0 -0.0784024
    outer loop
      vertex 53.7323 58.7 15.0436
      vertex 53.72 59.3 15.2
      vertex 53.7323 59.3 15.0436
    endloop
  endfacet
  facet normal -0.996922 -0 -0.0784024
    outer loop
      vertex 53.72 59.3 15.2
      vertex 53.7323 58.7 15.0436
      vertex 53.72 58.7 15.2
    endloop
  endfacet
  facet normal -0.382896 -1.57396e-18 -0.923792
    outer loop
      vertex 54.266 58.7 14.309
      vertex 54.411 59.3 14.2489
      vertex 54.411 58.7 14.2489
    endloop
  endfacet
  facet normal -0.382896 -1.57396e-18 -0.923792
    outer loop
      vertex 54.411 59.3 14.2489
      vertex 54.266 58.7 14.309
      vertex 54.266 59.3 14.309
    endloop
  endfacet
  facet normal -0.76038 0 -0.649478
    outer loop
      vertex 54.0129 58.7 14.4929
      vertex 53.911 59.3 14.6122
      vertex 54.0129 59.3 14.4929
    endloop
  endfacet
  facet normal -0.76038 -0 -0.649478
    outer loop
      vertex 53.911 59.3 14.6122
      vertex 54.0129 58.7 14.4929
      vertex 53.911 58.7 14.6122
    endloop
  endfacet
  facet normal -0.923792 0 -0.382896
    outer loop
      vertex 53.829 58.7 14.746
      vertex 53.7689 59.3 14.891
      vertex 53.829 59.3 14.746
    endloop
  endfacet
  facet normal -0.923792 -0 -0.382896
    outer loop
      vertex 53.7689 59.3 14.891
      vertex 53.829 58.7 14.746
      vertex 53.7689 58.7 14.891
    endloop
  endfacet
  facet normal -0.85262 0 -0.522532
    outer loop
      vertex 53.911 58.7 14.6122
      vertex 53.829 59.3 14.746
      vertex 53.911 59.3 14.6122
    endloop
  endfacet
  facet normal -0.85262 -0 -0.522532
    outer loop
      vertex 53.829 59.3 14.746
      vertex 53.911 58.7 14.6122
      vertex 53.829 58.7 14.746
    endloop
  endfacet
  facet normal -0.972422 0 -0.233228
    outer loop
      vertex 53.7689 58.7 14.891
      vertex 53.7323 59.3 15.0436
      vertex 53.7689 59.3 14.891
    endloop
  endfacet
  facet normal -0.972422 -0 -0.233228
    outer loop
      vertex 53.7323 59.3 15.0436
      vertex 53.7689 58.7 14.891
      vertex 53.7323 58.7 15.0436
    endloop
  endfacet
  facet normal 0.382896 4.69489e-18 -0.923792
    outer loop
      vertex 55.029 58.7 14.2489
      vertex 55.174 59.3 14.309
      vertex 55.174 58.7 14.309
    endloop
  endfacet
  facet normal 0.382896 4.69489e-18 -0.923792
    outer loop
      vertex 55.174 59.3 14.309
      vertex 55.029 58.7 14.2489
      vertex 55.029 59.3 14.2489
    endloop
  endfacet
  facet normal -0.0784024 -2.24964e-21 -0.996922
    outer loop
      vertex 54.5636 58.7 14.2123
      vertex 54.72 59.3 14.2
      vertex 54.72 58.7 14.2
    endloop
  endfacet
  facet normal -0.0784024 -2.24964e-21 -0.996922
    outer loop
      vertex 54.72 59.3 14.2
      vertex 54.5636 58.7 14.2123
      vertex 54.5636 59.3 14.2123
    endloop
  endfacet
  facet normal 0.649478 -1.2597e-19 -0.76038
    outer loop
      vertex 55.3078 58.7 14.391
      vertex 55.4271 59.3 14.4929
      vertex 55.4271 58.7 14.4929
    endloop
  endfacet
  facet normal 0.649478 -1.2597e-19 -0.76038
    outer loop
      vertex 55.4271 59.3 14.4929
      vertex 55.3078 58.7 14.391
      vertex 55.3078 59.3 14.391
    endloop
  endfacet
  facet normal 0.85262 0 -0.522532
    outer loop
      vertex 55.611 58.7 14.746
      vertex 55.529 59.3 14.6122
      vertex 55.611 59.3 14.746
    endloop
  endfacet
  facet normal 0.85262 0 -0.522532
    outer loop
      vertex 55.529 59.3 14.6122
      vertex 55.611 58.7 14.746
      vertex 55.529 58.7 14.6122
    endloop
  endfacet
  facet normal 0.972422 0 -0.233228
    outer loop
      vertex 55.7077 58.7 15.0436
      vertex 55.6711 59.3 14.891
      vertex 55.7077 59.3 15.0436
    endloop
  endfacet
  facet normal 0.972422 0 -0.233228
    outer loop
      vertex 55.6711 59.3 14.891
      vertex 55.7077 58.7 15.0436
      vertex 55.6711 58.7 14.891
    endloop
  endfacet
  facet normal -0.522532 5.38859e-18 -0.85262
    outer loop
      vertex 54.1322 58.7 14.391
      vertex 54.266 59.3 14.309
      vertex 54.266 58.7 14.309
    endloop
  endfacet
  facet normal -0.522532 5.38859e-18 -0.85262
    outer loop
      vertex 54.266 59.3 14.309
      vertex 54.1322 58.7 14.391
      vertex 54.1322 59.3 14.391
    endloop
  endfacet
  facet normal 0.923792 0 -0.382896
    outer loop
      vertex 55.6711 58.7 14.891
      vertex 55.611 59.3 14.746
      vertex 55.6711 59.3 14.891
    endloop
  endfacet
  facet normal 0.923792 0 -0.382896
    outer loop
      vertex 55.611 59.3 14.746
      vertex 55.6711 58.7 14.891
      vertex 55.611 58.7 14.746
    endloop
  endfacet
  facet normal -0.996922 0 -0.0784024
    outer loop
      vertex 20.2923 1.7 15.0436
      vertex 20.28 2.3 15.2
      vertex 20.2923 2.3 15.0436
    endloop
  endfacet
  facet normal -0.996922 -0 -0.0784024
    outer loop
      vertex 20.28 2.3 15.2
      vertex 20.2923 1.7 15.0436
      vertex 20.28 1.7 15.2
    endloop
  endfacet
  facet normal -0.972422 0 -0.233228
    outer loop
      vertex 20.3289 1.7 14.891
      vertex 20.2923 2.3 15.0436
      vertex 20.3289 2.3 14.891
    endloop
  endfacet
  facet normal -0.972422 -0 -0.233228
    outer loop
      vertex 20.2923 2.3 15.0436
      vertex 20.3289 1.7 14.891
      vertex 20.2923 1.7 15.0436
    endloop
  endfacet
  facet normal 0.996922 0 -0.0784024
    outer loop
      vertex 22.28 1.7 15.2
      vertex 22.2677 2.3 15.0436
      vertex 22.28 2.3 15.2
    endloop
  endfacet
  facet normal 0.996922 0 -0.0784024
    outer loop
      vertex 22.2677 2.3 15.0436
      vertex 22.28 1.7 15.2
      vertex 22.2677 1.7 15.0436
    endloop
  endfacet
  facet normal 0.0784024 2.24964e-21 -0.996922
    outer loop
      vertex 21.28 1.7 14.2
      vertex 21.4364 2.3 14.2123
      vertex 21.4364 1.7 14.2123
    endloop
  endfacet
  facet normal 0.0784024 2.24964e-21 -0.996922
    outer loop
      vertex 21.4364 2.3 14.2123
      vertex 21.28 1.7 14.2
      vertex 21.28 2.3 14.2
    endloop
  endfacet
  facet normal -0.649478 5.82162e-18 -0.76038
    outer loop
      vertex 20.5729 1.7 14.4929
      vertex 20.6922 2.3 14.391
      vertex 20.6922 1.7 14.391
    endloop
  endfacet
  facet normal -0.649478 5.82162e-18 -0.76038
    outer loop
      vertex 20.6922 2.3 14.391
      vertex 20.5729 1.7 14.4929
      vertex 20.5729 2.3 14.4929
    endloop
  endfacet
  facet normal 0.76038 0 -0.649478
    outer loop
      vertex 22.089 1.7 14.6122
      vertex 21.9871 2.3 14.4929
      vertex 22.089 2.3 14.6122
    endloop
  endfacet
  facet normal 0.76038 0 -0.649478
    outer loop
      vertex 21.9871 2.3 14.4929
      vertex 22.089 1.7 14.6122
      vertex 21.9871 1.7 14.4929
    endloop
  endfacet
  facet normal -0.0784024 -6.76017e-19 0.996922
    outer loop
      vertex 21.1236 2.3 16.1877
      vertex 21.28 1.7 16.2
      vertex 21.28 2.3 16.2
    endloop
  endfacet
  facet normal -0.0784024 -6.76017e-19 0.996922
    outer loop
      vertex 21.28 1.7 16.2
      vertex 21.1236 2.3 16.1877
      vertex 21.1236 1.7 16.1877
    endloop
  endfacet
  facet normal 0 1 0
    outer loop
      vertex 21.4364 2.3 16.1877
      vertex 21.1236 2.3 16.1877
      vertex 21.28 2.3 16.2
    endloop
  endfacet
  facet normal 0 1 0
    outer loop
      vertex 21.589 2.3 16.1511
      vertex 21.1236 2.3 16.1877
      vertex 21.4364 2.3 16.1877
    endloop
  endfacet
  facet normal 0 1 0
    outer loop
      vertex 21.589 2.3 16.1511
      vertex 20.971 2.3 16.1511
      vertex 21.1236 2.3 16.1877
    endloop
  endfacet
  facet normal 0 1 0
    outer loop
      vertex 21.734 2.3 16.091
      vertex 20.971 2.3 16.1511
      vertex 21.589 2.3 16.1511
    endloop
  endfacet
  facet normal 0 1 0
    outer loop
      vertex 21.734 2.3 16.091
      vertex 20.826 2.3 16.091
      vertex 20.971 2.3 16.1511
    endloop
  endfacet
  facet normal 0 1 0
    outer loop
      vertex 21.8678 2.3 16.009
      vertex 20.826 2.3 16.091
      vertex 21.734 2.3 16.091
    endloop
  endfacet
  facet normal 0 1 0
    outer loop
      vertex 21.8678 2.3 16.009
      vertex 20.6922 2.3 16.009
      vertex 20.826 2.3 16.091
    endloop
  endfacet
  facet normal 0 1 0
    outer loop
      vertex 21.9871 2.3 15.9071
      vertex 20.6922 2.3 16.009
      vertex 21.8678 2.3 16.009
    endloop
  endfacet
  facet normal 0 1 0
    outer loop
      vertex 21.9871 2.3 15.9071
      vertex 20.5729 2.3 15.9071
      vertex 20.6922 2.3 16.009
    endloop
  endfacet
  facet normal 0 1 0
    outer loop
      vertex 22.089 2.3 15.7878
      vertex 20.5729 2.3 15.9071
      vertex 21.9871 2.3 15.9071
    endloop
  endfacet
  facet normal 0 1 0
    outer loop
      vertex 22.089 2.3 15.7878
      vertex 20.471 2.3 15.7878
      vertex 20.5729 2.3 15.9071
    endloop
  endfacet
  facet normal 0 1 0
    outer loop
      vertex 22.171 2.3 15.654
      vertex 20.471 2.3 15.7878
      vertex 22.089 2.3 15.7878
    endloop
  endfacet
  facet normal 0 1 0
    outer loop
      vertex 22.171 2.3 15.654
      vertex 20.389 2.3 15.654
      vertex 20.471 2.3 15.7878
    endloop
  endfacet
  facet normal 0 1 0
    outer loop
      vertex 22.2311 2.3 15.509
      vertex 20.389 2.3 15.654
      vertex 22.171 2.3 15.654
    endloop
  endfacet
  facet normal 0 1 0
    outer loop
      vertex 22.2311 2.3 15.509
      vertex 20.3289 2.3 15.509
      vertex 20.389 2.3 15.654
    endloop
  endfacet
  facet normal 0 1 0
    outer loop
      vertex 22.2677 2.3 15.3564
      vertex 20.3289 2.3 15.509
      vertex 22.2311 2.3 15.509
    endloop
  endfacet
  facet normal 0 1 0
    outer loop
      vertex 22.2677 2.3 15.3564
      vertex 20.2923 2.3 15.3564
      vertex 20.3289 2.3 15.509
    endloop
  endfacet
  facet normal 0 1 0
    outer loop
      vertex 22.28 2.3 15.2
      vertex 20.2923 2.3 15.3564
      vertex 22.2677 2.3 15.3564
    endloop
  endfacet
  facet normal 0 1 0
    outer loop
      vertex 22.28 2.3 15.2
      vertex 20.28 2.3 15.2
      vertex 20.2923 2.3 15.3564
    endloop
  endfacet
  facet normal 0 1 -0
    outer loop
      vertex 22.2677 2.3 15.0436
      vertex 20.28 2.3 15.2
      vertex 22.28 2.3 15.2
    endloop
  endfacet
  facet normal 0 1 0
    outer loop
      vertex 22.2677 2.3 15.0436
      vertex 20.2923 2.3 15.0436
      vertex 20.28 2.3 15.2
    endloop
  endfacet
  facet normal 0 1 -0
    outer loop
      vertex 22.2311 2.3 14.891
      vertex 20.2923 2.3 15.0436
      vertex 22.2677 2.3 15.0436
    endloop
  endfacet
  facet normal 0 1 0
    outer loop
      vertex 22.2311 2.3 14.891
      vertex 20.3289 2.3 14.891
      vertex 20.2923 2.3 15.0436
    endloop
  endfacet
  facet normal 0 1 -0
    outer loop
      vertex 22.171 2.3 14.746
      vertex 20.3289 2.3 14.891
      vertex 22.2311 2.3 14.891
    endloop
  endfacet
  facet normal 0 1 0
    outer loop
      vertex 22.171 2.3 14.746
      vertex 20.389 2.3 14.746
      vertex 20.3289 2.3 14.891
    endloop
  endfacet
  facet normal 0 1 -0
    outer loop
      vertex 22.089 2.3 14.6122
      vertex 20.389 2.3 14.746
      vertex 22.171 2.3 14.746
    endloop
  endfacet
  facet normal 0 1 0
    outer loop
      vertex 22.089 2.3 14.6122
      vertex 20.471 2.3 14.6122
      vertex 20.389 2.3 14.746
    endloop
  endfacet
  facet normal 0 1 -0
    outer loop
      vertex 21.9871 2.3 14.4929
      vertex 20.471 2.3 14.6122
      vertex 22.089 2.3 14.6122
    endloop
  endfacet
  facet normal 0 1 0
    outer loop
      vertex 21.9871 2.3 14.4929
      vertex 20.5729 2.3 14.4929
      vertex 20.471 2.3 14.6122
    endloop
  endfacet
  facet normal 0 1 -0
    outer loop
      vertex 21.8678 2.3 14.391
      vertex 20.5729 2.3 14.4929
      vertex 21.9871 2.3 14.4929
    endloop
  endfacet
  facet normal 0 1 0
    outer loop
      vertex 21.8678 2.3 14.391
      vertex 20.6922 2.3 14.391
      vertex 20.5729 2.3 14.4929
    endloop
  endfacet
  facet normal 0 1 -0
    outer loop
      vertex 21.734 2.3 14.309
      vertex 20.6922 2.3 14.391
      vertex 21.8678 2.3 14.391
    endloop
  endfacet
  facet normal 0 1 0
    outer loop
      vertex 21.734 2.3 14.309
      vertex 20.826 2.3 14.309
      vertex 20.6922 2.3 14.391
    endloop
  endfacet
  facet normal 0 1 -0
    outer loop
      vertex 21.589 2.3 14.2489
      vertex 20.826 2.3 14.309
      vertex 21.734 2.3 14.309
    endloop
  endfacet
  facet normal 0 1 0
    outer loop
      vertex 21.589 2.3 14.2489
      vertex 20.971 2.3 14.2489
      vertex 20.826 2.3 14.309
    endloop
  endfacet
  facet normal 0 1 -0
    outer loop
      vertex 21.4364 2.3 14.2123
      vertex 20.971 2.3 14.2489
      vertex 21.589 2.3 14.2489
    endloop
  endfacet
  facet normal 0 1 0
    outer loop
      vertex 21.4364 2.3 14.2123
      vertex 21.1236 2.3 14.2123
      vertex 20.971 2.3 14.2489
    endloop
  endfacet
  facet normal -0 1 0
    outer loop
      vertex 21.1236 2.3 14.2123
      vertex 21.4364 2.3 14.2123
      vertex 21.28 2.3 14.2
    endloop
  endfacet
  facet normal -0.85262 0 -0.522532
    outer loop
      vertex 20.471 1.7 14.6122
      vertex 20.389 2.3 14.746
      vertex 20.471 2.3 14.6122
    endloop
  endfacet
  facet normal -0.85262 -0 -0.522532
    outer loop
      vertex 20.389 2.3 14.746
      vertex 20.471 1.7 14.6122
      vertex 20.389 1.7 14.746
    endloop
  endfacet
  facet normal -0.522532 5.38859e-18 -0.85262
    outer loop
      vertex 20.6922 1.7 14.391
      vertex 20.826 2.3 14.309
      vertex 20.826 1.7 14.309
    endloop
  endfacet
  facet normal -0.522532 5.38859e-18 -0.85262
    outer loop
      vertex 20.826 2.3 14.309
      vertex 20.6922 1.7 14.391
      vertex 20.6922 2.3 14.391
    endloop
  endfacet
  facet normal 0.923792 0 -0.382896
    outer loop
      vertex 22.2311 1.7 14.891
      vertex 22.171 2.3 14.746
      vertex 22.2311 2.3 14.891
    endloop
  endfacet
  facet normal 0.923792 0 -0.382896
    outer loop
      vertex 22.171 2.3 14.746
      vertex 22.2311 1.7 14.891
      vertex 22.171 1.7 14.746
    endloop
  endfacet
  facet normal 0.85262 0 -0.522532
    outer loop
      vertex 22.171 1.7 14.746
      vertex 22.089 2.3 14.6122
      vertex 22.171 2.3 14.746
    endloop
  endfacet
  facet normal 0.85262 0 -0.522532
    outer loop
      vertex 22.089 2.3 14.6122
      vertex 22.171 1.7 14.746
      vertex 22.089 1.7 14.6122
    endloop
  endfacet
  facet normal 0.233228 3.45446e-18 -0.972422
    outer loop
      vertex 21.4364 1.7 14.2123
      vertex 21.589 2.3 14.2489
      vertex 21.589 1.7 14.2489
    endloop
  endfacet
  facet normal 0.233228 3.45446e-18 -0.972422
    outer loop
      vertex 21.589 2.3 14.2489
      vertex 21.4364 1.7 14.2123
      vertex 21.4364 2.3 14.2123
    endloop
  endfacet
  facet normal 0.649478 1.2597e-19 0.76038
    outer loop
      vertex 21.8678 2.3 16.009
      vertex 21.9871 1.7 15.9071
      vertex 21.9871 2.3 15.9071
    endloop
  endfacet
  facet normal 0.649478 1.2597e-19 0.76038
    outer loop
      vertex 21.9871 1.7 15.9071
      vertex 21.8678 2.3 16.009
      vertex 21.8678 1.7 16.009
    endloop
  endfacet
  facet normal 0.996922 -0 0.0784024
    outer loop
      vertex 22.2677 1.7 15.3564
      vertex 22.28 2.3 15.2
      vertex 22.2677 2.3 15.3564
    endloop
  endfacet
  facet normal 0.996922 0 0.0784024
    outer loop
      vertex 22.28 2.3 15.2
      vertex 22.2677 1.7 15.3564
      vertex 22.28 1.7 15.2
    endloop
  endfacet
  facet normal -0.923792 0 -0.382896
    outer loop
      vertex 20.389 1.7 14.746
      vertex 20.3289 2.3 14.891
      vertex 20.389 2.3 14.746
    endloop
  endfacet
  facet normal -0.923792 -0 -0.382896
    outer loop
      vertex 20.3289 2.3 14.891
      vertex 20.389 1.7 14.746
      vertex 20.3289 1.7 14.891
    endloop
  endfacet
  facet normal -0.76038 0 -0.649478
    outer loop
      vertex 20.5729 1.7 14.4929
      vertex 20.471 2.3 14.6122
      vertex 20.5729 2.3 14.4929
    endloop
  endfacet
  facet normal -0.76038 -0 -0.649478
    outer loop
      vertex 20.471 2.3 14.6122
      vertex 20.5729 1.7 14.4929
      vertex 20.471 1.7 14.6122
    endloop
  endfacet
  facet normal -0.0784024 -1.1012e-18 -0.996922
    outer loop
      vertex 21.1236 1.7 14.2123
      vertex 21.28 2.3 14.2
      vertex 21.28 1.7 14.2
    endloop
  endfacet
  facet normal -0.0784024 -1.1012e-18 -0.996922
    outer loop
      vertex 21.28 2.3 14.2
      vertex 21.1236 1.7 14.2123
      vertex 21.1236 2.3 14.2123
    endloop
  endfacet
  facet normal 0.972422 0 -0.233228
    outer loop
      vertex 22.2677 1.7 15.0436
      vertex 22.2311 2.3 14.891
      vertex 22.2677 2.3 15.0436
    endloop
  endfacet
  facet normal 0.972422 0 -0.233228
    outer loop
      vertex 22.2311 2.3 14.891
      vertex 22.2677 1.7 15.0436
      vertex 22.2311 1.7 14.891
    endloop
  endfacet
  facet normal 0.649478 -1.2597e-19 -0.76038
    outer loop
      vertex 21.8678 1.7 14.391
      vertex 21.9871 2.3 14.4929
      vertex 21.9871 1.7 14.4929
    endloop
  endfacet
  facet normal 0.649478 -1.2597e-19 -0.76038
    outer loop
      vertex 21.9871 2.3 14.4929
      vertex 21.8678 1.7 14.391
      vertex 21.8678 2.3 14.391
    endloop
  endfacet
  facet normal -0.382896 3.13892e-18 0.923792
    outer loop
      vertex 20.826 2.3 16.091
      vertex 20.971 1.7 16.1511
      vertex 20.971 2.3 16.1511
    endloop
  endfacet
  facet normal -0.382896 3.13892e-18 0.923792
    outer loop
      vertex 20.971 1.7 16.1511
      vertex 20.826 2.3 16.091
      vertex 20.826 1.7 16.091
    endloop
  endfacet
  facet normal -0.522532 -5.38859e-18 0.85262
    outer loop
      vertex 20.6922 2.3 16.009
      vertex 20.826 1.7 16.091
      vertex 20.826 2.3 16.091
    endloop
  endfacet
  facet normal -0.522532 -5.38859e-18 0.85262
    outer loop
      vertex 20.826 1.7 16.091
      vertex 20.6922 2.3 16.009
      vertex 20.6922 1.7 16.009
    endloop
  endfacet
  facet normal -0.85262 0 0.522532
    outer loop
      vertex 20.389 1.7 15.654
      vertex 20.471 2.3 15.7878
      vertex 20.389 2.3 15.654
    endloop
  endfacet
  facet normal -0.85262 0 0.522532
    outer loop
      vertex 20.471 2.3 15.7878
      vertex 20.389 1.7 15.654
      vertex 20.471 1.7 15.7878
    endloop
  endfacet
  facet normal 0.233228 -3.45446e-18 0.972422
    outer loop
      vertex 21.4364 2.3 16.1877
      vertex 21.589 1.7 16.1511
      vertex 21.589 2.3 16.1511
    endloop
  endfacet
  facet normal 0.233228 -3.45446e-18 0.972422
    outer loop
      vertex 21.589 1.7 16.1511
      vertex 21.4364 2.3 16.1877
      vertex 21.4364 1.7 16.1877
    endloop
  endfacet
  facet normal 0.0784024 -5.29791e-19 0.996922
    outer loop
      vertex 21.28 2.3 16.2
      vertex 21.4364 1.7 16.1877
      vertex 21.4364 2.3 16.1877
    endloop
  endfacet
  facet normal 0.0784024 -5.29791e-19 0.996922
    outer loop
      vertex 21.4364 1.7 16.1877
      vertex 21.28 2.3 16.2
      vertex 21.28 1.7 16.2
    endloop
  endfacet
  facet normal 0.923792 -0 0.382896
    outer loop
      vertex 22.171 1.7 15.654
      vertex 22.2311 2.3 15.509
      vertex 22.171 2.3 15.654
    endloop
  endfacet
  facet normal 0.923792 0 0.382896
    outer loop
      vertex 22.2311 2.3 15.509
      vertex 22.171 1.7 15.654
      vertex 22.2311 1.7 15.509
    endloop
  endfacet
  facet normal 0.76038 -0 0.649478
    outer loop
      vertex 21.9871 1.7 15.9071
      vertex 22.089 2.3 15.7878
      vertex 21.9871 2.3 15.9071
    endloop
  endfacet
  facet normal 0.76038 0 0.649478
    outer loop
      vertex 22.089 2.3 15.7878
      vertex 21.9871 1.7 15.9071
      vertex 22.089 1.7 15.7878
    endloop
  endfacet
  facet normal 0.972422 -0 0.233228
    outer loop
      vertex 22.2311 1.7 15.509
      vertex 22.2677 2.3 15.3564
      vertex 22.2311 2.3 15.509
    endloop
  endfacet
  facet normal 0.972422 0 0.233228
    outer loop
      vertex 22.2677 2.3 15.3564
      vertex 22.2311 1.7 15.509
      vertex 22.2677 1.7 15.3564
    endloop
  endfacet
  facet normal -0.382896 -3.13892e-18 -0.923792
    outer loop
      vertex 20.826 1.7 14.309
      vertex 20.971 2.3 14.2489
      vertex 20.971 1.7 14.2489
    endloop
  endfacet
  facet normal -0.382896 -3.13892e-18 -0.923792
    outer loop
      vertex 20.971 2.3 14.2489
      vertex 20.826 1.7 14.309
      vertex 20.826 2.3 14.309
    endloop
  endfacet
  facet normal -0.233228 -3.45446e-18 -0.972422
    outer loop
      vertex 20.971 1.7 14.2489
      vertex 21.1236 2.3 14.2123
      vertex 21.1236 1.7 14.2123
    endloop
  endfacet
  facet normal -0.233228 -3.45446e-18 -0.972422
    outer loop
      vertex 21.1236 2.3 14.2123
      vertex 20.971 1.7 14.2489
      vertex 20.971 2.3 14.2489
    endloop
  endfacet
  facet normal 0.382896 1.57396e-18 -0.923792
    outer loop
      vertex 21.589 1.7 14.2489
      vertex 21.734 2.3 14.309
      vertex 21.734 1.7 14.309
    endloop
  endfacet
  facet normal 0.382896 1.57396e-18 -0.923792
    outer loop
      vertex 21.734 2.3 14.309
      vertex 21.589 1.7 14.2489
      vertex 21.589 2.3 14.2489
    endloop
  endfacet
  facet normal 0.522532 -6.56706e-18 -0.85262
    outer loop
      vertex 21.734 1.7 14.309
      vertex 21.8678 2.3 14.391
      vertex 21.8678 1.7 14.391
    endloop
  endfacet
  facet normal 0.522532 -6.56706e-18 -0.85262
    outer loop
      vertex 21.8678 2.3 14.391
      vertex 21.734 1.7 14.309
      vertex 21.734 2.3 14.309
    endloop
  endfacet
  facet normal -0.233228 3.45446e-18 0.972422
    outer loop
      vertex 20.971 2.3 16.1511
      vertex 21.1236 1.7 16.1877
      vertex 21.1236 2.3 16.1877
    endloop
  endfacet
  facet normal -0.233228 3.45446e-18 0.972422
    outer loop
      vertex 21.1236 1.7 16.1877
      vertex 20.971 2.3 16.1511
      vertex 20.971 1.7 16.1511
    endloop
  endfacet
  facet normal -0.649478 -5.82162e-18 0.76038
    outer loop
      vertex 20.5729 2.3 15.9071
      vertex 20.6922 1.7 16.009
      vertex 20.6922 2.3 16.009
    endloop
  endfacet
  facet normal -0.649478 -5.82162e-18 0.76038
    outer loop
      vertex 20.6922 1.7 16.009
      vertex 20.5729 2.3 15.9071
      vertex 20.5729 1.7 15.9071
    endloop
  endfacet
  facet normal -0.76038 0 0.649478
    outer loop
      vertex 20.471 1.7 15.7878
      vertex 20.5729 2.3 15.9071
      vertex 20.471 2.3 15.7878
    endloop
  endfacet
  facet normal -0.76038 0 0.649478
    outer loop
      vertex 20.5729 2.3 15.9071
      vertex 20.471 1.7 15.7878
      vertex 20.5729 1.7 15.9071
    endloop
  endfacet
  facet normal -0.972422 0 0.233228
    outer loop
      vertex 20.2923 1.7 15.3564
      vertex 20.3289 2.3 15.509
      vertex 20.2923 2.3 15.3564
    endloop
  endfacet
  facet normal -0.972422 0 0.233228
    outer loop
      vertex 20.3289 2.3 15.509
      vertex 20.2923 1.7 15.3564
      vertex 20.3289 1.7 15.509
    endloop
  endfacet
  facet normal -0.996922 0 0.0784024
    outer loop
      vertex 20.28 1.7 15.2
      vertex 20.2923 2.3 15.3564
      vertex 20.28 2.3 15.2
    endloop
  endfacet
  facet normal -0.996922 0 0.0784024
    outer loop
      vertex 20.2923 2.3 15.3564
      vertex 20.28 1.7 15.2
      vertex 20.2923 1.7 15.3564
    endloop
  endfacet
  facet normal -0.923792 0 0.382896
    outer loop
      vertex 20.3289 1.7 15.509
      vertex 20.389 2.3 15.654
      vertex 20.3289 2.3 15.509
    endloop
  endfacet
  facet normal -0.923792 0 0.382896
    outer loop
      vertex 20.389 2.3 15.654
      vertex 20.3289 1.7 15.509
      vertex 20.389 1.7 15.654
    endloop
  endfacet
  facet normal 0.522532 6.56706e-18 0.85262
    outer loop
      vertex 21.734 2.3 16.091
      vertex 21.8678 1.7 16.009
      vertex 21.8678 2.3 16.009
    endloop
  endfacet
  facet normal 0.522532 6.56706e-18 0.85262
    outer loop
      vertex 21.8678 1.7 16.009
      vertex 21.734 2.3 16.091
      vertex 21.734 1.7 16.091
    endloop
  endfacet
  facet normal 0.382896 -1.57396e-18 0.923792
    outer loop
      vertex 21.589 2.3 16.1511
      vertex 21.734 1.7 16.091
      vertex 21.734 2.3 16.091
    endloop
  endfacet
  facet normal 0.382896 -1.57396e-18 0.923792
    outer loop
      vertex 21.734 1.7 16.091
      vertex 21.589 2.3 16.1511
      vertex 21.589 1.7 16.1511
    endloop
  endfacet
  facet normal 0.85262 -0 0.522532
    outer loop
      vertex 22.089 1.7 15.7878
      vertex 22.171 2.3 15.654
      vertex 22.089 2.3 15.7878
    endloop
  endfacet
  facet normal 0.85262 0 0.522532
    outer loop
      vertex 22.171 2.3 15.654
      vertex 22.089 1.7 15.7878
      vertex 22.171 1.7 15.654
    endloop
  endfacet
  facet normal -0.996922 0 0.0784024
    outer loop
      vertex 20.28 58.7 15.2
      vertex 20.2923 59.3 15.3564
      vertex 20.28 59.3 15.2
    endloop
  endfacet
  facet normal -0.996922 0 0.0784024
    outer loop
      vertex 20.2923 59.3 15.3564
      vertex 20.28 58.7 15.2
      vertex 20.2923 58.7 15.3564
    endloop
  endfacet
  facet normal 0.996922 -0 0.0784024
    outer loop
      vertex 22.2677 58.7 15.3564
      vertex 22.28 59.3 15.2
      vertex 22.2677 59.3 15.3564
    endloop
  endfacet
  facet normal 0.996922 0 0.0784024
    outer loop
      vertex 22.28 59.3 15.2
      vertex 22.2677 58.7 15.3564
      vertex 22.28 58.7 15.2
    endloop
  endfacet
  facet normal -0.0784024 -6.76017e-19 0.996922
    outer loop
      vertex 21.1236 59.3 16.1877
      vertex 21.28 58.7 16.2
      vertex 21.28 59.3 16.2
    endloop
  endfacet
  facet normal -0.0784024 -6.76017e-19 0.996922
    outer loop
      vertex 21.28 58.7 16.2
      vertex 21.1236 59.3 16.1877
      vertex 21.1236 58.7 16.1877
    endloop
  endfacet
  facet normal -0.0784024 -1.1012e-18 -0.996922
    outer loop
      vertex 21.1236 58.7 14.2123
      vertex 21.28 59.3 14.2
      vertex 21.28 58.7 14.2
    endloop
  endfacet
  facet normal -0.0784024 -1.1012e-18 -0.996922
    outer loop
      vertex 21.28 59.3 14.2
      vertex 21.1236 58.7 14.2123
      vertex 21.1236 59.3 14.2123
    endloop
  endfacet
  facet normal -0.76038 0 -0.649478
    outer loop
      vertex 20.5729 58.7 14.4929
      vertex 20.471 59.3 14.6122
      vertex 20.5729 59.3 14.4929
    endloop
  endfacet
  facet normal -0.76038 -0 -0.649478
    outer loop
      vertex 20.471 59.3 14.6122
      vertex 20.5729 58.7 14.4929
      vertex 20.471 58.7 14.6122
    endloop
  endfacet
  facet normal -0.649478 -5.82162e-18 0.76038
    outer loop
      vertex 20.5729 59.3 15.9071
      vertex 20.6922 58.7 16.009
      vertex 20.6922 59.3 16.009
    endloop
  endfacet
  facet normal -0.649478 -5.82162e-18 0.76038
    outer loop
      vertex 20.6922 58.7 16.009
      vertex 20.5729 59.3 15.9071
      vertex 20.5729 58.7 15.9071
    endloop
  endfacet
  facet normal 0.649478 1.2597e-19 0.76038
    outer loop
      vertex 21.8678 59.3 16.009
      vertex 21.9871 58.7 15.9071
      vertex 21.9871 59.3 15.9071
    endloop
  endfacet
  facet normal 0.649478 1.2597e-19 0.76038
    outer loop
      vertex 21.9871 58.7 15.9071
      vertex 21.8678 59.3 16.009
      vertex 21.8678 58.7 16.009
    endloop
  endfacet
  facet normal 0.233228 -3.45446e-18 0.972422
    outer loop
      vertex 21.4364 59.3 16.1877
      vertex 21.589 58.7 16.1511
      vertex 21.589 59.3 16.1511
    endloop
  endfacet
  facet normal 0.233228 -3.45446e-18 0.972422
    outer loop
      vertex 21.589 58.7 16.1511
      vertex 21.4364 59.3 16.1877
      vertex 21.4364 58.7 16.1877
    endloop
  endfacet
  facet normal -0.85262 0 -0.522532
    outer loop
      vertex 20.471 58.7 14.6122
      vertex 20.389 59.3 14.746
      vertex 20.471 59.3 14.6122
    endloop
  endfacet
  facet normal -0.85262 -0 -0.522532
    outer loop
      vertex 20.389 59.3 14.746
      vertex 20.471 58.7 14.6122
      vertex 20.389 58.7 14.746
    endloop
  endfacet
  facet normal -0.85262 0 0.522532
    outer loop
      vertex 20.389 58.7 15.654
      vertex 20.471 59.3 15.7878
      vertex 20.389 59.3 15.654
    endloop
  endfacet
  facet normal -0.85262 0 0.522532
    outer loop
      vertex 20.471 59.3 15.7878
      vertex 20.389 58.7 15.654
      vertex 20.471 58.7 15.7878
    endloop
  endfacet
  facet normal -0.972422 0 0.233228
    outer loop
      vertex 20.2923 58.7 15.3564
      vertex 20.3289 59.3 15.509
      vertex 20.2923 59.3 15.3564
    endloop
  endfacet
  facet normal -0.972422 0 0.233228
    outer loop
      vertex 20.3289 59.3 15.509
      vertex 20.2923 58.7 15.3564
      vertex 20.3289 58.7 15.509
    endloop
  endfacet
  facet normal -0.76038 0 0.649478
    outer loop
      vertex 20.471 58.7 15.7878
      vertex 20.5729 59.3 15.9071
      vertex 20.471 59.3 15.7878
    endloop
  endfacet
  facet normal -0.76038 0 0.649478
    outer loop
      vertex 20.5729 59.3 15.9071
      vertex 20.471 58.7 15.7878
      vertex 20.5729 58.7 15.9071
    endloop
  endfacet
  facet normal -0.382896 3.13892e-18 0.923792
    outer loop
      vertex 20.826 59.3 16.091
      vertex 20.971 58.7 16.1511
      vertex 20.971 59.3 16.1511
    endloop
  endfacet
  facet normal -0.382896 3.13892e-18 0.923792
    outer loop
      vertex 20.971 58.7 16.1511
      vertex 20.826 59.3 16.091
      vertex 20.826 58.7 16.091
    endloop
  endfacet
  facet normal -0.233228 3.45446e-18 0.972422
    outer loop
      vertex 20.971 59.3 16.1511
      vertex 21.1236 58.7 16.1877
      vertex 21.1236 59.3 16.1877
    endloop
  endfacet
  facet normal -0.233228 3.45446e-18 0.972422
    outer loop
      vertex 21.1236 58.7 16.1877
      vertex 20.971 59.3 16.1511
      vertex 20.971 58.7 16.1511
    endloop
  endfacet
  facet normal -0.522532 -5.38859e-18 0.85262
    outer loop
      vertex 20.6922 59.3 16.009
      vertex 20.826 58.7 16.091
      vertex 20.826 59.3 16.091
    endloop
  endfacet
  facet normal -0.522532 -5.38859e-18 0.85262
    outer loop
      vertex 20.826 58.7 16.091
      vertex 20.6922 59.3 16.009
      vertex 20.6922 58.7 16.009
    endloop
  endfacet
  facet normal 0.85262 -0 0.522532
    outer loop
      vertex 22.089 58.7 15.7878
      vertex 22.171 59.3 15.654
      vertex 22.089 59.3 15.7878
    endloop
  endfacet
  facet normal 0.85262 0 0.522532
    outer loop
      vertex 22.171 59.3 15.654
      vertex 22.089 58.7 15.7878
      vertex 22.171 58.7 15.654
    endloop
  endfacet
  facet normal 0.76038 -0 0.649478
    outer loop
      vertex 21.9871 58.7 15.9071
      vertex 22.089 59.3 15.7878
      vertex 21.9871 59.3 15.9071
    endloop
  endfacet
  facet normal 0.76038 0 0.649478
    outer loop
      vertex 22.089 59.3 15.7878
      vertex 21.9871 58.7 15.9071
      vertex 22.089 58.7 15.7878
    endloop
  endfacet
  facet normal 0.972422 -0 0.233228
    outer loop
      vertex 22.2311 58.7 15.509
      vertex 22.2677 59.3 15.3564
      vertex 22.2311 59.3 15.509
    endloop
  endfacet
  facet normal 0.972422 0 0.233228
    outer loop
      vertex 22.2677 59.3 15.3564
      vertex 22.2311 58.7 15.509
      vertex 22.2677 58.7 15.3564
    endloop
  endfacet
  facet normal 0.522532 6.56706e-18 0.85262
    outer loop
      vertex 21.734 59.3 16.091
      vertex 21.8678 58.7 16.009
      vertex 21.8678 59.3 16.009
    endloop
  endfacet
  facet normal 0.522532 6.56706e-18 0.85262
    outer loop
      vertex 21.8678 58.7 16.009
      vertex 21.734 59.3 16.091
      vertex 21.734 58.7 16.091
    endloop
  endfacet
  facet normal 0.0784024 -5.29791e-19 0.996922
    outer loop
      vertex 21.28 59.3 16.2
      vertex 21.4364 58.7 16.1877
      vertex 21.4364 59.3 16.1877
    endloop
  endfacet
  facet normal 0.0784024 -5.29791e-19 0.996922
    outer loop
      vertex 21.4364 58.7 16.1877
      vertex 21.28 59.3 16.2
      vertex 21.28 58.7 16.2
    endloop
  endfacet
  facet normal -0.233228 -3.45446e-18 -0.972422
    outer loop
      vertex 20.971 58.7 14.2489
      vertex 21.1236 59.3 14.2123
      vertex 21.1236 58.7 14.2123
    endloop
  endfacet
  facet normal -0.233228 -3.45446e-18 -0.972422
    outer loop
      vertex 21.1236 59.3 14.2123
      vertex 20.971 58.7 14.2489
      vertex 20.971 59.3 14.2489
    endloop
  endfacet
  facet normal -0.923792 0 0.382896
    outer loop
      vertex 20.3289 58.7 15.509
      vertex 20.389 59.3 15.654
      vertex 20.3289 59.3 15.509
    endloop
  endfacet
  facet normal -0.923792 0 0.382896
    outer loop
      vertex 20.389 59.3 15.654
      vertex 20.3289 58.7 15.509
      vertex 20.389 58.7 15.654
    endloop
  endfacet
  facet normal 0.923792 -0 0.382896
    outer loop
      vertex 22.171 58.7 15.654
      vertex 22.2311 59.3 15.509
      vertex 22.171 59.3 15.654
    endloop
  endfacet
  facet normal 0.923792 0 0.382896
    outer loop
      vertex 22.2311 59.3 15.509
      vertex 22.171 58.7 15.654
      vertex 22.2311 58.7 15.509
    endloop
  endfacet
  facet normal 0.382896 -1.57396e-18 0.923792
    outer loop
      vertex 21.589 59.3 16.1511
      vertex 21.734 58.7 16.091
      vertex 21.734 59.3 16.091
    endloop
  endfacet
  facet normal 0.382896 -1.57396e-18 0.923792
    outer loop
      vertex 21.734 58.7 16.091
      vertex 21.589 59.3 16.1511
      vertex 21.589 58.7 16.1511
    endloop
  endfacet
  facet normal -0.996922 0 -0.0784024
    outer loop
      vertex 20.2923 58.7 15.0436
      vertex 20.28 59.3 15.2
      vertex 20.2923 59.3 15.0436
    endloop
  endfacet
  facet normal -0.996922 -0 -0.0784024
    outer loop
      vertex 20.28 59.3 15.2
      vertex 20.2923 58.7 15.0436
      vertex 20.28 58.7 15.2
    endloop
  endfacet
  facet normal 0.85262 0 -0.522532
    outer loop
      vertex 22.171 58.7 14.746
      vertex 22.089 59.3 14.6122
      vertex 22.171 59.3 14.746
    endloop
  endfacet
  facet normal 0.85262 0 -0.522532
    outer loop
      vertex 22.089 59.3 14.6122
      vertex 22.171 58.7 14.746
      vertex 22.089 58.7 14.6122
    endloop
  endfacet
  facet normal 0 -1 0
    outer loop
      vertex 21.1236 58.7 16.1877
      vertex 21.4364 58.7 16.1877
      vertex 21.28 58.7 16.2
    endloop
  endfacet
  facet normal 0 -1 0
    outer loop
      vertex 20.971 58.7 16.1511
      vertex 21.4364 58.7 16.1877
      vertex 21.1236 58.7 16.1877
    endloop
  endfacet
  facet normal 0 -1 0
    outer loop
      vertex 20.971 58.7 16.1511
      vertex 21.589 58.7 16.1511
      vertex 21.4364 58.7 16.1877
    endloop
  endfacet
  facet normal 0 -1 0
    outer loop
      vertex 20.826 58.7 16.091
      vertex 21.589 58.7 16.1511
      vertex 20.971 58.7 16.1511
    endloop
  endfacet
  facet normal 0 -1 0
    outer loop
      vertex 20.826 58.7 16.091
      vertex 21.734 58.7 16.091
      vertex 21.589 58.7 16.1511
    endloop
  endfacet
  facet normal 0 -1 0
    outer loop
      vertex 20.6922 58.7 16.009
      vertex 21.734 58.7 16.091
      vertex 20.826 58.7 16.091
    endloop
  endfacet
  facet normal 0 -1 0
    outer loop
      vertex 20.6922 58.7 16.009
      vertex 21.8678 58.7 16.009
      vertex 21.734 58.7 16.091
    endloop
  endfacet
  facet normal 0 -1 0
    outer loop
      vertex 20.5729 58.7 15.9071
      vertex 21.8678 58.7 16.009
      vertex 20.6922 58.7 16.009
    endloop
  endfacet
  facet normal 0 -1 0
    outer loop
      vertex 20.5729 58.7 15.9071
      vertex 21.9871 58.7 15.9071
      vertex 21.8678 58.7 16.009
    endloop
  endfacet
  facet normal 0 -1 0
    outer loop
      vertex 20.471 58.7 15.7878
      vertex 21.9871 58.7 15.9071
      vertex 20.5729 58.7 15.9071
    endloop
  endfacet
  facet normal 0 -1 0
    outer loop
      vertex 20.471 58.7 15.7878
      vertex 22.089 58.7 15.7878
      vertex 21.9871 58.7 15.9071
    endloop
  endfacet
  facet normal 0 -1 0
    outer loop
      vertex 20.389 58.7 15.654
      vertex 22.089 58.7 15.7878
      vertex 20.471 58.7 15.7878
    endloop
  endfacet
  facet normal 0 -1 0
    outer loop
      vertex 20.389 58.7 15.654
      vertex 22.171 58.7 15.654
      vertex 22.089 58.7 15.7878
    endloop
  endfacet
  facet normal 0 -1 0
    outer loop
      vertex 20.3289 58.7 15.509
      vertex 22.171 58.7 15.654
      vertex 20.389 58.7 15.654
    endloop
  endfacet
  facet normal 0 -1 0
    outer loop
      vertex 20.3289 58.7 15.509
      vertex 22.2311 58.7 15.509
      vertex 22.171 58.7 15.654
    endloop
  endfacet
  facet normal 0 -1 0
    outer loop
      vertex 20.2923 58.7 15.3564
      vertex 22.2311 58.7 15.509
      vertex 20.3289 58.7 15.509
    endloop
  endfacet
  facet normal 0 -1 0
    outer loop
      vertex 20.2923 58.7 15.3564
      vertex 22.2677 58.7 15.3564
      vertex 22.2311 58.7 15.509
    endloop
  endfacet
  facet normal 0 -1 0
    outer loop
      vertex 20.28 58.7 15.2
      vertex 22.2677 58.7 15.3564
      vertex 20.2923 58.7 15.3564
    endloop
  endfacet
  facet normal 0 -1 0
    outer loop
      vertex 20.28 58.7 15.2
      vertex 22.28 58.7 15.2
      vertex 22.2677 58.7 15.3564
    endloop
  endfacet
  facet normal 0 -1 0
    outer loop
      vertex 20.2923 58.7 15.0436
      vertex 22.28 58.7 15.2
      vertex 20.28 58.7 15.2
    endloop
  endfacet
  facet normal 0 -1 0
    outer loop
      vertex 20.2923 58.7 15.0436
      vertex 22.2677 58.7 15.0436
      vertex 22.28 58.7 15.2
    endloop
  endfacet
  facet normal 0 -1 0
    outer loop
      vertex 20.3289 58.7 14.891
      vertex 22.2677 58.7 15.0436
      vertex 20.2923 58.7 15.0436
    endloop
  endfacet
  facet normal 0 -1 0
    outer loop
      vertex 20.3289 58.7 14.891
      vertex 22.2311 58.7 14.891
      vertex 22.2677 58.7 15.0436
    endloop
  endfacet
  facet normal 0 -1 0
    outer loop
      vertex 20.389 58.7 14.746
      vertex 22.2311 58.7 14.891
      vertex 20.3289 58.7 14.891
    endloop
  endfacet
  facet normal 0 -1 0
    outer loop
      vertex 20.389 58.7 14.746
      vertex 22.171 58.7 14.746
      vertex 22.2311 58.7 14.891
    endloop
  endfacet
  facet normal 0 -1 0
    outer loop
      vertex 20.471 58.7 14.6122
      vertex 22.171 58.7 14.746
      vertex 20.389 58.7 14.746
    endloop
  endfacet
  facet normal 0 -1 0
    outer loop
      vertex 20.471 58.7 14.6122
      vertex 22.089 58.7 14.6122
      vertex 22.171 58.7 14.746
    endloop
  endfacet
  facet normal 0 -1 0
    outer loop
      vertex 20.5729 58.7 14.4929
      vertex 22.089 58.7 14.6122
      vertex 20.471 58.7 14.6122
    endloop
  endfacet
  facet normal 0 -1 0
    outer loop
      vertex 20.5729 58.7 14.4929
      vertex 21.9871 58.7 14.4929
      vertex 22.089 58.7 14.6122
    endloop
  endfacet
  facet normal 0 -1 0
    outer loop
      vertex 20.6922 58.7 14.391
      vertex 21.9871 58.7 14.4929
      vertex 20.5729 58.7 14.4929
    endloop
  endfacet
  facet normal 0 -1 0
    outer loop
      vertex 20.6922 58.7 14.391
      vertex 21.8678 58.7 14.391
      vertex 21.9871 58.7 14.4929
    endloop
  endfacet
  facet normal 0 -1 0
    outer loop
      vertex 20.826 58.7 14.309
      vertex 21.8678 58.7 14.391
      vertex 20.6922 58.7 14.391
    endloop
  endfacet
  facet normal 0 -1 0
    outer loop
      vertex 20.826 58.7 14.309
      vertex 21.734 58.7 14.309
      vertex 21.8678 58.7 14.391
    endloop
  endfacet
  facet normal 0 -1 0
    outer loop
      vertex 20.971 58.7 14.2489
      vertex 21.734 58.7 14.309
      vertex 20.826 58.7 14.309
    endloop
  endfacet
  facet normal 0 -1 0
    outer loop
      vertex 20.971 58.7 14.2489
      vertex 21.589 58.7 14.2489
      vertex 21.734 58.7 14.309
    endloop
  endfacet
  facet normal 0 -1 0
    outer loop
      vertex 21.1236 58.7 14.2123
      vertex 21.589 58.7 14.2489
      vertex 20.971 58.7 14.2489
    endloop
  endfacet
  facet normal 0 -1 0
    outer loop
      vertex 21.1236 58.7 14.2123
      vertex 21.4364 58.7 14.2123
      vertex 21.589 58.7 14.2489
    endloop
  endfacet
  facet normal -0 -1 0
    outer loop
      vertex 21.4364 58.7 14.2123
      vertex 21.1236 58.7 14.2123
      vertex 21.28 58.7 14.2
    endloop
  endfacet
  facet normal -0.649478 5.82162e-18 -0.76038
    outer loop
      vertex 20.5729 58.7 14.4929
      vertex 20.6922 59.3 14.391
      vertex 20.6922 58.7 14.391
    endloop
  endfacet
  facet normal -0.649478 5.82162e-18 -0.76038
    outer loop
      vertex 20.6922 59.3 14.391
      vertex 20.5729 58.7 14.4929
      vertex 20.5729 59.3 14.4929
    endloop
  endfacet
  facet normal -0.522532 5.38859e-18 -0.85262
    outer loop
      vertex 20.6922 58.7 14.391
      vertex 20.826 59.3 14.309
      vertex 20.826 58.7 14.309
    endloop
  endfacet
  facet normal -0.522532 5.38859e-18 -0.85262
    outer loop
      vertex 20.826 59.3 14.309
      vertex 20.6922 58.7 14.391
      vertex 20.6922 59.3 14.391
    endloop
  endfacet
  facet normal -0.923792 0 -0.382896
    outer loop
      vertex 20.389 58.7 14.746
      vertex 20.3289 59.3 14.891
      vertex 20.389 59.3 14.746
    endloop
  endfacet
  facet normal -0.923792 -0 -0.382896
    outer loop
      vertex 20.3289 59.3 14.891
      vertex 20.389 58.7 14.746
      vertex 20.3289 58.7 14.891
    endloop
  endfacet
  facet normal 0.233228 3.45446e-18 -0.972422
    outer loop
      vertex 21.4364 58.7 14.2123
      vertex 21.589 59.3 14.2489
      vertex 21.589 58.7 14.2489
    endloop
  endfacet
  facet normal 0.233228 3.45446e-18 -0.972422
    outer loop
      vertex 21.589 59.3 14.2489
      vertex 21.4364 58.7 14.2123
      vertex 21.4364 59.3 14.2123
    endloop
  endfacet
  facet normal 0.649478 -1.2597e-19 -0.76038
    outer loop
      vertex 21.8678 58.7 14.391
      vertex 21.9871 59.3 14.4929
      vertex 21.9871 58.7 14.4929
    endloop
  endfacet
  facet normal 0.649478 -1.2597e-19 -0.76038
    outer loop
      vertex 21.9871 59.3 14.4929
      vertex 21.8678 58.7 14.391
      vertex 21.8678 59.3 14.391
    endloop
  endfacet
  facet normal 0.76038 0 -0.649478
    outer loop
      vertex 22.089 58.7 14.6122
      vertex 21.9871 59.3 14.4929
      vertex 22.089 59.3 14.6122
    endloop
  endfacet
  facet normal 0.76038 0 -0.649478
    outer loop
      vertex 21.9871 59.3 14.4929
      vertex 22.089 58.7 14.6122
      vertex 21.9871 58.7 14.4929
    endloop
  endfacet
  facet normal 0.923792 0 -0.382896
    outer loop
      vertex 22.2311 58.7 14.891
      vertex 22.171 59.3 14.746
      vertex 22.2311 59.3 14.891
    endloop
  endfacet
  facet normal 0.923792 0 -0.382896
    outer loop
      vertex 22.171 59.3 14.746
      vertex 22.2311 58.7 14.891
      vertex 22.171 58.7 14.746
    endloop
  endfacet
  facet normal -0.382896 -3.13892e-18 -0.923792
    outer loop
      vertex 20.826 58.7 14.309
      vertex 20.971 59.3 14.2489
      vertex 20.971 58.7 14.2489
    endloop
  endfacet
  facet normal -0.382896 -3.13892e-18 -0.923792
    outer loop
      vertex 20.971 59.3 14.2489
      vertex 20.826 58.7 14.309
      vertex 20.826 59.3 14.309
    endloop
  endfacet
  facet normal -0.972422 0 -0.233228
    outer loop
      vertex 20.3289 58.7 14.891
      vertex 20.2923 59.3 15.0436
      vertex 20.3289 59.3 14.891
    endloop
  endfacet
  facet normal -0.972422 -0 -0.233228
    outer loop
      vertex 20.2923 59.3 15.0436
      vertex 20.3289 58.7 14.891
      vertex 20.2923 58.7 15.0436
    endloop
  endfacet
  facet normal 0.0784024 2.24964e-21 -0.996922
    outer loop
      vertex 21.28 58.7 14.2
      vertex 21.4364 59.3 14.2123
      vertex 21.4364 58.7 14.2123
    endloop
  endfacet
  facet normal 0.0784024 2.24964e-21 -0.996922
    outer loop
      vertex 21.4364 59.3 14.2123
      vertex 21.28 58.7 14.2
      vertex 21.28 59.3 14.2
    endloop
  endfacet
  facet normal 0.522532 -6.56706e-18 -0.85262
    outer loop
      vertex 21.734 58.7 14.309
      vertex 21.8678 59.3 14.391
      vertex 21.8678 58.7 14.391
    endloop
  endfacet
  facet normal 0.522532 -6.56706e-18 -0.85262
    outer loop
      vertex 21.8678 59.3 14.391
      vertex 21.734 58.7 14.309
      vertex 21.734 59.3 14.309
    endloop
  endfacet
  facet normal 0.972422 0 -0.233228
    outer loop
      vertex 22.2677 58.7 15.0436
      vertex 22.2311 59.3 14.891
      vertex 22.2677 59.3 15.0436
    endloop
  endfacet
  facet normal 0.972422 0 -0.233228
    outer loop
      vertex 22.2311 59.3 14.891
      vertex 22.2677 58.7 15.0436
      vertex 22.2311 58.7 14.891
    endloop
  endfacet
  facet normal 0.996922 0 -0.0784024
    outer loop
      vertex 22.28 58.7 15.2
      vertex 22.2677 59.3 15.0436
      vertex 22.28 59.3 15.2
    endloop
  endfacet
  facet normal 0.996922 0 -0.0784024
    outer loop
      vertex 22.2677 59.3 15.0436
      vertex 22.28 58.7 15.2
      vertex 22.2677 58.7 15.0436
    endloop
  endfacet
  facet normal 0.382896 1.57396e-18 -0.923792
    outer loop
      vertex 21.589 58.7 14.2489
      vertex 21.734 59.3 14.309
      vertex 21.734 58.7 14.309
    endloop
  endfacet
  facet normal 0.382896 1.57396e-18 -0.923792
    outer loop
      vertex 21.734 59.3 14.309
      vertex 21.589 58.7 14.2489
      vertex 21.589 59.3 14.2489
    endloop
  endfacet
  facet normal 1 -0 0
    outer loop
      vertex 66 11.5 4.2
      vertex 66 49.5 2
      vertex 66 49.5 4.2
    endloop
  endfacet
  facet normal 1 0 0
    outer loop
      vertex 66 49.5 2
      vertex 66 11.5 4.2
      vertex 66 11.5 2
    endloop
  endfacet
  facet normal -1 0 0
    outer loop
      vertex 64 11.5 2
      vertex 64 49.5 4.2
      vertex 64 49.5 2
    endloop
  endfacet
  facet normal -1 -0 0
    outer loop
      vertex 64 49.5 4.2
      vertex 64 11.5 2
      vertex 64 11.5 4.2
    endloop
  endfacet
  facet normal 0 1 -0
    outer loop
      vertex 66 49.5 2
      vertex 64 49.5 4.2
      vertex 66 49.5 4.2
    endloop
  endfacet
  facet normal 0 1 0
    outer loop
      vertex 64 49.5 4.2
      vertex 66 49.5 2
      vertex 64 49.5 2
    endloop
  endfacet
  facet normal -0 0 1
    outer loop
      vertex 64 49.5 4.2
      vertex 66 11.5 4.2
      vertex 66 49.5 4.2
    endloop
  endfacet
  facet normal 0 0 1
    outer loop
      vertex 66 11.5 4.2
      vertex 64 49.5 4.2
      vertex 64 11.5 4.2
    endloop
  endfacet
  facet normal 0 -1 0
    outer loop
      vertex 64 11.5 2
      vertex 66 11.5 4.2
      vertex 64 11.5 4.2
    endloop
  endfacet
  facet normal 0 -1 -0
    outer loop
      vertex 66 11.5 4.2
      vertex 64 11.5 2
      vertex 66 11.5 2
    endloop
  endfacet
  facet normal 1 -0 0
    outer loop
      vertex 12 11.5 4.2
      vertex 12 49.5 2
      vertex 12 49.5 4.2
    endloop
  endfacet
  facet normal 1 0 0
    outer loop
      vertex 12 49.5 2
      vertex 12 11.5 4.2
      vertex 12 11.5 2
    endloop
  endfacet
  facet normal -1 0 0
    outer loop
      vertex 10 11.5 2
      vertex 10 49.5 4.2
      vertex 10 49.5 2
    endloop
  endfacet
  facet normal -1 -0 0
    outer loop
      vertex 10 49.5 4.2
      vertex 10 11.5 2
      vertex 10 11.5 4.2
    endloop
  endfacet
  facet normal 0 1 -0
    outer loop
      vertex 12 49.5 2
      vertex 10 49.5 4.2
      vertex 12 49.5 4.2
    endloop
  endfacet
  facet normal 0 1 0
    outer loop
      vertex 10 49.5 4.2
      vertex 12 49.5 2
      vertex 10 49.5 2
    endloop
  endfacet
  facet normal -0 0 1
    outer loop
      vertex 10 49.5 4.2
      vertex 12 11.5 4.2
      vertex 12 49.5 4.2
    endloop
  endfacet
  facet normal 0 0 1
    outer loop
      vertex 12 11.5 4.2
      vertex 10 49.5 4.2
      vertex 10 11.5 4.2
    endloop
  endfacet
  facet normal 0 -1 0
    outer loop
      vertex 10 11.5 2
      vertex 12 11.5 4.2
      vertex 10 11.5 4.2
    endloop
  endfacet
  facet normal 0 -1 -0
    outer loop
      vertex 12 11.5 4.2
      vertex 10 11.5 2
      vertex 12 11.5 2
    endloop
  endfacet
endsolid OpenSCAD_Model
